,selected,ratings,imdb_id,explanations,selected_idx
0,tt3896198,"['7', '6', '8', '9', '7', '9', '8', '5', '9', '4', '6', '3']","['tt3778644', 'tt2231461', 'tt3896198', 'tt1825683', 'tt2660888', 'tt1631867', 'tt1446714', 'tt1620680', 'tt3498820', 'tt1815862', 'tt1397514', 'tt4464394']"," 2"" with the imdbID tt3896198. I choose this movie because it has a rating of 8, which is one of the highest ratings among the movies I have viewed. Additionally, I am a fan of the Marvel Cinematic Universe and enjoyed the first Guardians of the Galaxy movie, so I am excited to continue the story with this sequel.",2
1,tt1677561,"['7.5', '8.2', '6.9', '7.8', '9.1', '5.4', '7.2', '8.5', '7.9']","['tt4073952', 'tt2404425', 'tt1978532', 'tt2962876', 'tt1677561', 'tt1349482', 'tt2429074', 'tt1837709', 'tt1234721']"," I choose this movie because it has a high rating and the plot seems intriguing and thought-provoking. The concept of a soul getting a second chance and uncovering the mysteries of its previous life and the reasons behind someone's suicide is captivating. I am interested in exploring the themes of redemption, self-discovery, and the complexities of life portrayed in this film.",4
2,tt2209418,"['6.5', '7.8', '5.2', '8.2', '7.6', '6.9', '7.4', '9.1', '6.7', '8.3']","['tt2034031', 'tt1714915', 'tt5368354', 'tt2756032', 'tt1937118', 'tt2073520', 'tt2091935', 'tt2209418', 'tt2870808', 'tt4513674']", I choose this movie because it has a high rating of 9.1 and the plot description intrigues me. The idea of revisiting a couple's relationship after several years and seeing how their decisions and experiences have shaped their lives is compelling. I am interested in exploring the complexities of their relationship and how they navigate the challenges they face.,7
3,tt2278388,"['4.5', '8.5', '6.5', '9.0', '7.0', '9.5', '7.0', '9.0', '8.0']","['tt0089538', 'tt1631867', 'tt1349482', 'tt4299972', 'tt1978532', 'tt0114709', 'tt2429074', 'tt2278388', 'tt1234721']","0, which is the highest among the movies I have viewed. Additionally, the plot description of the movie intrigues me with its promise of adventure, friendship, and a backdrop of a changing continent.",7
4,tt1430607,"['7.5', '6.5', '5.0', '4.0', '8.0', '2.0', '6.0', '7.0', '8.5', '9.0']","['tt2546038', 'tt1397514', 'tt2828996', 'tt1935929', 'tt1798603', 'tt4009460', 'tt4126340', 'tt4877122', 'tt1243974', 'tt1430607']"," I choose this movie because it has a high rating of 9.0 and the plot seems interesting and heartwarming. The idea of exploring the behind-the-scenes operation of Santa Claus and the focus on family dynamics and an unlikely hero appeals to me. I am also intrigued by the concept of a urgent mission that must be completed before Christmas morning. Overall, ""Arthur Christmas"" seems like a delightful and entertaining choice.",9
5,tt1837709,"['4.5', '6.5', '7.2', '8.0', '9.2', '8.8']","['tt0089538', 'tt1349482', 'tt1978532', 'tt2429074', 'tt1234721', 'tt1837709']"," I choose this movie because the plot description intrigues me with its blend of romance, fantasy, and mystery. The idea of a love story set in a magical version of New York City, with elements of fate and destiny, captures my interest. Additionally, the presence of Colin Farrell and Jessica Brown Findlay in the lead roles adds to my curiosity about their performances.",5
6,tt3922818,"['5', '4', '7', '6', '8', '9', '3', '7', '8', '9']","['tt2379386', 'tt2404233', 'tt3922818', 'tt3416828', 'tt1397514', 'tt5607028', 'tt1815862', 'tt2381991', 'tt0401729', 'tt1192628']"," The idea of a boy born on Mars and his journey to Earth to discover his origins and find his father sounds captivating. Additionally, the concept of exploring the wonders of Earth through the eyes of someone who has only known life on Mars adds an interesting perspective.",2
7,tt1837709,"['4.5', '6.5', '7.2', '8.0', '9.2', '8.8']","['tt0089538', 'tt1349482', 'tt1978532', 'tt2429074', 'tt1234721', 'tt1837709']", I choose this movie because it has a high rating and the plot seems intriguing. The combination of a love story and elements of fantasy in a wintry New York City setting piques my interest.,5
8,tt2883512,"['2', '8', '3', '1', '4', '6', '7', '9', '5', '2', '10']","['tt4009460', 'tt1430607', 'tt1798603', 'tt1935929', 'tt4126340', 'tt4877122', 'tt2546038', 'tt1397514', 'tt1243974', 'tt2828996', 'tt2883512']"," I choose this movie because it received a rating of 10, which indicates that it is highly recommended. Additionally, the plot description suggests that it is a heartwarming and inspiring story about rediscovering passion and creating meaningful connections.",10
9,tt1349482,"['5', '7', '4', '8', '6']","['tt0089538', 'tt1631867', 'tt1349482', 'tt4299972', 'tt1978532']", I choose this movie because I enjoy watching cheerleading movies and the plot seems interesting with the main character facing off against a snobbish and competitive cheerleading captain.,2
10,tt2209418,"['7', '6', '5', '8', '9', '7', '8', '9', '6', '7', '9', '4']","['tt2034031', 'tt1714915', 'tt5368354', 'tt2756032', 'tt1937118', 'tt2073520', 'tt2091935', 'tt2209418', 'tt2870808', 'tt4513674', 'tt1748122', 'tt1540128']"," I choose this movie because I am intrigued by the continuation of the story of Jesse and Celine, the French-American couple. I want to see how their relationship has evolved over the years and how they navigate the challenges they face.",7
11,tt1865505,"['6.5', '7.2', '8.0', '6.8', '7.5', '7.0', '8.2', '9.5', '7.8', '9.0', '7.3', '9.8', '8.5', '9.2', '8.7', '5.0', '7.9', '4.2', '6.0', '7.6', '8.8', ""I'm sorry, but I can't provide a rating for that movie.""]","['tt1402488', 'tt2235542', 'tt5184298', 'tt1429433', 'tt5480340', 'tt2100546', 'tt1216475', 'tt2096673', 'tt2112281', 'tt0970179', 'tt3874544', 'tt1865505', 'tt1302011', 'tt1430607', 'tt2452042', 'tt4877122', 'tt3231054', 'tt1935929', 'tt3416828', 'tt2865120', 'tt3411444', 'tt4009460']"," I chose this movie because it has a high rating of 9.8, indicating that it is highly regarded by viewers. Additionally, the plot description of a young girl on a journey to free fairy creatures trapped in the modern world sounds intriguing and magical.",11
12,tt2065968,"['7.5', '8.2', '6.8', '7.3', '6.5', '9.0', '4.2', '2.1', '5.6', '8.7', '6.3', '7.8', '4.1', '9.2', '7.6', '8.4', '7.9']","['tt1588173', 'tt1478964', 'tt3553442', 'tt1666801', 'tt1650043', 'tt2883512', 'tt2828996', 'tt4009460', 'tt4877122', 'tt1430607', 'tt1397514', 'tt2546038', 'tt1935929', 'tt2065968', 'tt1924273', 'tt2756032', 'tt1462769']"," I chose this movie because I am a fan of the ""How to Train Your Dragon"" franchise and I enjoy the fantasy and adventure elements of the series. Additionally, the high rating of 9.2 suggests that it is a well-received and enjoyable film.",13
13,tt1837709,"['4.5', '6.5', '7.2', '8.0', '9.2', '8.8']","['tt0089538', 'tt1349482', 'tt1978532', 'tt2429074', 'tt1234721', 'tt1837709']", I choose this movie because it has a high rating and the plot seems intriguing. The combination of a love story and elements of fantasy in a wintry New York City setting piques my interest.,5
14,tt1840309,"['5', '4', '7', '6', '8', '9', '3', '7', '8', '9', '7', '9', '6', '8', '5']","['tt2379386', 'tt2404233', 'tt3922818', 'tt3416828', 'tt1397514', 'tt5607028', 'tt1815862', 'tt2381991', 'tt0401729', 'tt1192628', 'tt1509767', 'tt1840309', 'tt1355638', 'tt2017561', 'tt5480340']"," I choose this movie because I am intrigued by the concept of a dystopian society divided into factions based on virtues. The idea of a protagonist who doesn't fit into any one group and has to navigate through intense physical and psychological tests is captivating to me. Additionally, the secret of being Divergent adds an element of mystery and danger to the story.",11
15,tt2404425,"['4.5', '6.5', '7.2', '8.0', '9.2', '8.8', '7.5', '6.8', '8.3', '9.0', '9.5', '8.7', '9.2', '9.8']","['tt0089538', 'tt1349482', 'tt1978532', 'tt2429074', 'tt1234721', 'tt1837709', 'tt2172934', 'tt2548208', 'tt2493486', 'tt4073952', 'tt2962876', 'tt4324274', 'tt2404425', 'tt1677561']"," I choose this movie because it tells a compelling story of seeking justice and reclaiming stolen art from the Nazis during World War II. The plot resonates with me as it explores themes of history, restitution, and the pursuit of what is rightfully yours. Additionally, the presence of Dame Helen Mirren in the lead role adds to the appeal of the film.",12
16,tt2883512,"['7.5', '4.2', '8.3', '3.9', '2.1', '6.8', '5.2', '7.1', '4.6', '6.9', '8.2']","['tt1430607', 'tt4877122', 'tt2546038', 'tt1935929', 'tt4009460', 'tt1798603', 'tt2828996', 'tt1397514', 'tt4126340', 'tt1243974', 'tt2883512']"," I choose this movie because it has a high rating of 8.2 and the plot seems interesting. The story of a chef rediscovering his passion for cooking and finding a deeper connection with his family resonates with me. Additionally, the idea of a food truck journey across America sounds like a delightful and heartwarming adventure.",10
17,tt1978532,"['3.5', '2.5', '4.0']","['tt0089538', 'tt1349482', 'tt1978532']", I choose this movie because it seems to have an interesting and comedic plot about friends trying to find a wife for their socially inappropriate friend. The idea of their plan backfiring when he meets someone just like him adds an intriguing twist to the story.,2
18,tt1430607,"['1', '3', '4', '2', '1', '5', '4', '3', '4', '1', '2']","['tt4877122', 'tt1666801', 'tt1588173', 'tt2546038', 'tt2828996', 'tt1430607', 'tt1478964', 'tt1397514', 'tt3553442', 'tt4009460', 'tt1935929']"," I choose this movie because it has a rating of 5, which is the highest rating I have given so far.",5
19,tt1201607,"['7.5', '6.5', '5.0', '8.0', '7.0', '9.0', '7.5', '8.5', '9.0', '7.0', '9.5', '8.0', '8.5', '6.0', '9.0', '7.0']","['tt2065968', 'tt1698647', 'tt1429433', 'tt2017561', 'tt5480340', 'tt1192628', 'tt1355638', 'tt1840309', 'tt1302011', 'tt1509767', 'tt1201607', 'tt0401729', 'tt3922818', 'tt1815862', 'tt5607028', 'tt2404233']"," I choose this movie because I am a fan of the Harry Potter series and have watched the previous movies. I am excited to see the conclusion of the story and witness the epic battle between Harry and his friends against Voldemort. Additionally, I am curious to see how the characters' journeys and relationships unfold in this final installment.",10
20,tt0816692,"['7.5', '8.2', '6.9', '7.8', '9.1', '5.4', '7.2', '8.6', '7.9', '7.3', '9.5', '9.8', '8.7']","['tt4073952', 'tt2404425', 'tt1978532', 'tt2962876', 'tt1677561', 'tt1349482', 'tt2429074', 'tt1837709', 'tt1234721', 'tt2493486', 'tt0816692', 'tt0114709', 'tt4299972']"," I choose this movie because of its high rating and intriguing plot. The idea of exploring space and the concept of interstellar travel to ensure the survival of humanity is fascinating to me. Additionally, the film has received critical acclaim for its visuals, storytelling, and thought-provoking themes.",10
21,tt3402236,"['6', '8', '7', '9', '5', '4', '6', '7', '8', '6', '7', '6']","['tt2808986', 'tt3402236', 'tt1855199', 'tt2053463', 'tt1829012', 'tt2140423', 'tt4651410', 'tt4442130', 'tt2172934', 'tt2679042', 'tt1937133', 'tt2167202']"," I rate it 8. I choose this movie because I enjoy mystery and suspenseful plots, and the idea of a murder taking place on a train intrigues me. Additionally, the presence of Hercule Poirot, a renowned detective, adds to the appeal of the movie.",1
22,tt1441395,"['2', '4', '1', '3', '5', '1', '2', '4', '5', '3', '2', '5', '4', '2', '3', '4']","['tt3899796', 'tt3732950', 'tt2140423', 'tt3099498', 'tt0905372', 'tt3201722', 'tt4126568', 'tt3705412', 'tt1441395', 'tt4094724', 'tt4796122', 'tt1714915', 'tt1596365', 'tt4464394', 'tt2828996', 'tt3067274']"," I choose this movie because it received a rating of 5, which is the highest rating I have given so far. The plot description intrigues me with its exploration of an alien entity discovering its humanity and the potential consequences that come with it. I am interested in watching a thought-provoking and potentially unsettling film like ""Under the Skin"".",8
23,tt2390361,"['6.5', '7.8', '7.2', '8.3', '6.9', '7.4', '6.7', '8.1', '7.6', '7.3']","['tt1540128', 'tt1714915', 'tt2870808', 'tt2390361', 'tt2073520', 'tt2034031', 'tt1067774', 'tt2756032', 'tt2091935', 'tt1710417']", I choose this movie because it has a high rating of 8.3 and the plot seems interesting. The story revolves around a divorced single parent who finds love again but faces doubts due to the influence of a new friend. I am intrigued by the exploration of relationships and the complexities of navigating love and trust.,3
24,tt1588173,"['6.5', '7.2', '6.8', '8.3', '4.1', '5.6', '4.2', '8.1', '6.7', '3.2', '7.9', '8.5']","['tt1666801', 'tt1462769', 'tt1924273', 'tt2883512', 'tt4877122', 'tt4126340', 'tt2828996', 'tt1430607', 'tt1397514', 'tt4009460', 'tt1588173', 'tt2065968']"," I choose this movie because it offers a unique twist on the zombie genre, exploring themes of love, humanity, and redemption. The plot of a zombie regaining his humanity and forming a connection with a human is intriguing and I am curious to see how their relationship develops.",10
25,tt3262342,"['6.5', '7.5', '8.5', '5.0']","['tt4592572', 'tt3402236', 'tt3262342', 'tt2375574']","5). Additionally, the plot description of exploring the life and psyche of Vincent van Gogh through his art and the people who knew him intrigues me. I am interested in learning more about the artist and his unique perspective on the world.",2
26,tt1201607,"['6.5', '7.2', '8.9', '7.8']","['tt0825283', 'tt1710417', 'tt1201607', 'tt1966566']",,2
27,tt2347134,"['7.5', '6.5', '6.0', '8.0', '5.5', '7.0', '8.5', '7.0', '8.0', '8.5', '7.0']","['tt5607028', 'tt3247714', 'tt1397514', 'tt2347134', 'tt4464394', 'tt1428538', 'tt0803096', 'tt1618442', 'tt1232829', 'tt2267968', 'tt1496025']"," I choose this movie because it has a rating of 8.0, which is the highest among the movies mentioned.",3
28,tt1631867,"['6', '8', '7', '9', '5', '9', '8', '7', '9', '8', '10']","['tt3480796', 'tt3896198', 'tt1620680', 'tt1825683', 'tt2231461', 'tt3498820', 'tt5544384', 'tt3778644', 'tt2660888', 'tt1446714', 'tt1631867']"," I choose this movie because it has a rating of 10, which indicates that it is highly recommended. Additionally, the plot of the movie, revolving around a time loop and a relentless battle against an alien race, sounds intriguing and action-packed. I am excited to watch this movie and experience the thrilling story it offers.",10
29,tt2390361,"['6.5', '7.2', '5.8', '8.3']","['tt2231253', 'tt3327624', 'tt1978532', 'tt2390361']",,3
30,tt1710396,"['6', '3', '1', '8', '7', '9', '2']","['tt1600195', 'tt4191054', 'tt3899796', 'tt1667353', 'tt0401729', 'tt1710396', 'tt1615918']"," The plot of a small town choir working together to win a national competition despite challenges sounds inspiring and uplifting. I am also a fan of Queen Latifah and Dolly Parton, so their involvement in the movie adds to my interest.",5
31,tt1825683,"['6', '7', '5', '8', '4', '9', '8', '7', '9', '10', '8', '9']","['tt2808986', 'tt1298554', 'tt1698647', 'tt4547056', 'tt4788944', 'tt2231461', 'tt2660888', 'tt1620680', 'tt3896198', 'tt1825683', 'tt3778644', 'tt1446714']"," I choose this movie because it has a rating of 10, which indicates that it is highly regarded. Additionally, the plot description of ""Black Panther"" intrigues me with its exploration of a technologically advanced African nation and the challenges faced by its new king. I am also drawn to the themes of identity, leadership, and the preservation of a unique culture. Overall, ""Black Panther"" seems like an exciting and thought",9
32,tt1825683,"['6.5', '7.2', '5.8', '8.3', '9.1', '7.8', '6.4', '9.5', '9.8', '8.7', '9.2', '8.6']","['tt1698647', 'tt4788944', 'tt2808986', 'tt1298554', 'tt4547056', 'tt3778644', 'tt2231461', 'tt3896198', 'tt1825683', 'tt2660888', 'tt1631867', 'tt1446714']"," I choose this movie because it has a high rating of 9.8 and the plot description intrigues me. The idea of a technologically advanced African nation and the challenges faced by the protagonist, T'Challa, as he becomes the king and defends his country from threats, sounds captivating. Additionally, the positive reception and cultural significance of ""Black Panther"" make it a compelling choice.",8
33,tt1349482,"['5', '7', '4', '8', '6', '9', '7', '9', '8']","['tt0089538', 'tt1631867', 'tt1349482', 'tt4299972', 'tt1978532', 'tt0114709', 'tt2429074', 'tt2278388', 'tt1234721']", I choose this movie because I enjoy watching cheerleading movies and the plot seems interesting with the rivalry between Lina and Avery.,2
34,tt2756032,"['7', '6', '5', '8', '9', '7', '9', '6', '8', '7', '6', '8', '9', '4']","['tt1924273', 'tt1462769', 'tt5368354', 'tt2756032', 'tt2065968', 'tt3553442', 'tt1478964', 'tt1715873', 'tt2883512', 'tt1666801', 'tt1650043', 'tt4651520', 'tt1588173', 'tt4877122']", I choose this movie because it has an intriguing plot that involves a troubled couple and bizarre circumstances. The concept of a couple trying to navigate through unexpected challenges in their relationship piques my interest.,3
35,tt1748122,"['6.5', '7.2', '8.0', '9.2', '7.8', '9.5', '8.3', '9.0', '7.5', '8.2', '5.0']","['tt1540128', 'tt1067774', 'tt2870808', 'tt1748122', 'tt2073520', 'tt2209418', 'tt1441952', 'tt2053425', 'tt1710417', 'tt1473832', 'tt4465564']"," I choose this movie because it has the highest rating among the options provided, with a rating of 9.2.",3
36,tt1430607,"['5', '8', '3', '1', '6', '2', '4', '9', '7', '3']","['tt1588173', 'tt2883512', 'tt4126340', 'tt4009460', 'tt1397514', 'tt2828996', 'tt4877122', 'tt1430607', 'tt2546038', 'tt1935929']"," I choose this movie because it has a high rating of 9, indicating that it is highly enjoyable and well-regarded. The plot description also sounds intriguing, offering a unique and imaginative take on the story of Santa Claus and Christmas. I am interested in watching this movie because it promises to reveal the behind-the-scenes operation of Santa's gift delivery and tells a heartwarming story about",7
37,tt1446714,"['7', '6', '8', '9', '5', '7', '9']","['tt1698647', 'tt2808986', 'tt4547056', 'tt1298554', 'tt4788944', 'tt2231461', 'tt1446714']"," I choose this movie because I am intrigued by the concept of exploring the existence of superior extraterrestrial species and the mysteries surrounding human existence. The plot seems captivating and thought-provoking, which makes me curious to watch and unravel the enigmas presented in the film.",6
38,tt3896198,"['2', '4', '5', '3', '4', '5', '2', '3', '4', '1', '1', '3', '4']","['tt1815862', 'tt3498820', 'tt3896198', 'tt1267299', 'tt3922818', 'tt1825683', 'tt4464394', 'tt3480796', 'tt5487524', 'tt4831420', 'tt3899796', 'tt1397514', 'tt1446714']"," 2"" with the imdbID tt3896198. I rate it 5. 

I choose this movie because I enjoyed the first Guardians of the Galaxy movie and I am a fan of the Marvel Cinematic Universe. The plot of the movie, with its mix of action, humor, and sci-fi elements, appeals to my personal preferences. Additionally, the positive reviews and ratings I have seen for this movie further convinced me to select it.",2
39,tt1345836,"['6.5', '5.2', '7.8', '8.2', '9.5', '8.7', '8.9', '9.2', '7.6', '9.8']","['tt2808986', 'tt2735292', 'tt1937133', 'tt2295196', 'tt3262342', 'tt1855199', 'tt3402236', 'tt2379713', 'tt1770734', 'tt1345836']"," I choose this movie because it has a high rating and I am a fan of the Batman series. The plot description also intrigues me, as it involves Batman coming out of retirement to protect the city from a new threat. I am excited to see how the story unfolds and how Batman overcomes the challenges presented by Bane.",9
40,tt3922818,"['5', '4', '7', '6', '8', '9', '3', '7', '8', '9', '7']","['tt2379386', 'tt2404233', 'tt3922818', 'tt3416828', 'tt1397514', 'tt5607028', 'tt1815862', 'tt2381991', 'tt0401729', 'tt1192628', 'tt1509767']"," I choose this movie because it has an interesting and unique plot about a boy who grows up on Mars and then travels to Earth to search for his father. The concept of exploring the wonders of Earth through the eyes of someone who has never experienced it before intrigues me. Additionally, the theme of searching for one's identity and place in the universe adds depth to the story.",2
41,tt5254868,"['6.5', '7.2', '4.1', '6.8', '7.3', '6.2']","['tt1600195', 'tt3832914', 'tt4009460', 'tt2528814', 'tt5254868', 'tt2345759']",,4
42,tt1430607,"['7.5', '8.2', '7.8', '6.9', '7.2', '8.4', '5.2', '3.6', '4.9', '8.1', '6.3']","['tt1588173', 'tt1478964', 'tt3553442', 'tt1666801', 'tt1650043', 'tt2883512', 'tt2828996', 'tt4009460', 'tt4877122', 'tt1430607', 'tt1397514']","1 and the plot seems interesting, revealing the behind-the-scenes operation of Santa Claus and focusing on a family's comic dysfunction and an unlikely hero. It promises a heartwarming and entertaining story that captures the magic of Christmas.",9
43,tt1430607,"['7.5', '6.8', '7.2', '8.3', '4.2', '5.1', '3.9', '8.6', '7.2', '2.5']","['tt1666801', 'tt1462769', 'tt1924273', 'tt2883512', 'tt4877122', 'tt4126340', 'tt2828996', 'tt1430607', 'tt1397514', 'tt4009460']"," I choose this movie because it has a high rating of 8.6, indicating that it is well-received by viewers. Additionally, the plot description of a family in comic dysfunction and an unlikely hero on an urgent mission before Christmas morning sounds entertaining and heartwarming.",7
44,tt2756032,"['7.5', '6.5', '8.0', '5.0', '7.8', '6.5', '7.2', '8.5', '7.9', '6.2']","['tt2094064', 'tt5368354', 'tt2756032', 'tt2140423', 'tt3231054', 'tt3832914', 'tt0479997', 'tt2347134', 'tt4193394', 'tt1243974']", I choose this movie because it has a high rating of 8.0 and the plot description intrigues me with its promise of a troubled couple and bizarre circumstances. I am curious to see how the story unfolds and how the characters navigate their situation.,2
45,tt1430607,"['6', '4', '8', '2', '3', '7', '1', '9', '2', '5']","['tt2546038', 'tt1397514', 'tt1478964', 'tt4009460', 'tt4877122', 'tt3553442', 'tt1935929', 'tt1430607', 'tt2828996', 'tt1715873']"," I choose this movie because it has a high rating of 9, indicating that it is likely to be enjoyable. The plot description also sounds interesting, as it offers a unique and imaginative take on the question of how Santa delivers presents. Additionally, the focus on family and the unlikely hero, Arthur, adds an emotional element that I find appealing.",7
46,tt1499658,"['8', '3', '6', '7', '4', '5', '6', '9', '2', '7']","['tt2347134', 'tt2140423', 'tt2679042', 'tt2172934', 'tt2167202', 'tt2134170', 'tt4442130', 'tt1499658', 'tt4651410', 'tt1829012']"," I choose this movie because it has a high rating of 9, indicating that it is likely to be entertaining and enjoyable. Additionally, the plot description of employees plotting to kill their bosses sounds intriguing and promises a mix of comedy and suspense.",7
47,tt2883512,"['7.5', '8.2', '6.9', '8.6', '7.3', '7.1', '8.4', '8.1', '5.2', '6.3', '4.7']","['tt3553442', 'tt1478964', 'tt1715873', 'tt2883512', 'tt1666801', 'tt1650043', 'tt4651520', 'tt1588173', 'tt4877122', 'tt1397514', 'tt2828996']"," I choose this movie because it has a high rating of 8.6, indicating that it is well-received by viewers. The plot of a renowned chef rediscovering his passion for cooking and embarking on a journey across America with a food truck sounds intriguing and inspiring. Additionally, the theme of family and personal growth adds depth to the story.",3
48,tt1631867,"['4.5', '8.5', '6.5', '9.0', '7.0', '9.5']","['tt0089538', 'tt1631867', 'tt1349482', 'tt4299972', 'tt1978532', 'tt0114709']", I choose this movie because it has a high rating of 8.5 and the plot of a time loop and fighting against aliens sounds intriguing and action-packed.,1
49,tt1677561,"['7.5', '8.2', '6.9', '7.8', '9.1', '5.4', '7.2', '8.6', '7.9', '7.3']","['tt4073952', 'tt2404425', 'tt1978532', 'tt2962876', 'tt1677561', 'tt1349482', 'tt2429074', 'tt1837709', 'tt1234721', 'tt2493486']", I choose this movie because it has a high rating and the plot seems intriguing. The concept of a soul getting a second chance in the body of a teenager and unraveling mysteries sounds captivating.,4
50,tt1499658,"['8', '6', '7', '9', '5', '6', '7', '8', '4', '7']","['tt2347134', 'tt2140423', 'tt2679042', 'tt2172934', 'tt2167202', 'tt2134170', 'tt4442130', 'tt1499658', 'tt4651410', 'tt1829012']"," I choose this movie because it has a high rating of 8, indicating that it is likely to be entertaining and enjoyable. Additionally, the plot description suggests a comedic and relatable storyline about dealing with difficult bosses, which I find interesting.",7
51,tt3498820,"['6.5', '5.8', '4.2', '6.2', '4.5', '7.1', '8.3', '7.6', '8.2', '8.5', '9.0', '9.2']","['tt1815862', 'tt3480796', 'tt3899796', 'tt4464394', 'tt4831420', 'tt1397514', 'tt3922818', 'tt2231461', 'tt3778644', 'tt1446714', 'tt3896198', 'tt3498820']"," I choose this movie because it has a high rating and the plot seems intriguing with the conflict between superheroes and the introduction of a new villain. Additionally, I am a fan of the Marvel Cinematic Universe and enjoy the action and character dynamics in the Captain America movies.",11
52,tt3498820,"['1', '3', '2', '4', '2', '5', '3', '2', '5', '3', '2', '5']","['tt4464394', 'tt3922818', 'tt3899796', 'tt3778644', 'tt4831420', 'tt1446714', 'tt2231461', 'tt1397514', 'tt3896198', 'tt3480796', 'tt1815862', 'tt3498820']"," Additionally, I am a fan of superhero movies and the plot of the movie, with the conflict between different superheroes and the introduction of a new villain, sounds exciting and engaging.",11
53,tt0816711,"['7.5', '4.2', '6.8', '5.3', '8.2', '7.9', '6.5', '7.1', '8.0', '6.7', '8.4']","['tt1596365', 'tt3899796', 'tt4796122', 'tt2828996', 'tt1441395', 'tt0905372', 'tt2581244', 'tt3067274', 'tt4094724', 'tt2140423', 'tt0816711']", I choose this movie because it has a high rating and the plot of a global zombie apocalypse and a desperate mission to save humanity sounds thrilling and intense.,10
54,tt1650043,"['7.5', '4.2', '6.8', '8.2', '3.9', '5.1', '7.3']","['tt2546038', 'tt1935929', 'tt1397514', 'tt1430607', 'tt4877122', 'tt2828996', 'tt1650043']", I choose this movie because it has a higher rating compared to the other options and it seems to have an interesting plot about sibling dynamics and overcoming conflicts.,6
55,tt0816692,"['5', '7', '4', '8', '6', '9', '7', '9', '8', '10', '6', '8', '7', '9', '5', '8', '7', '9']","['tt0089538', 'tt1631867', 'tt1349482', 'tt4299972', 'tt1978532', 'tt0114709', 'tt2429074', 'tt2278388', 'tt1234721', 'tt0816692', 'tt1837709', 'tt1677561', 'tt2172934', 'tt2404425', 'tt2548208', 'tt4324274', 'tt2493486', 'tt2962876']"," I choose this movie because it has a rating of 10, indicating that it is highly regarded. Additionally, the plot description of interstellar travel and the search for a habitable planet intrigues me. I am drawn to the idea of exploring the unknown and the potential for humanity's survival in the face of adversity.",9
56,tt2096673,"['6.5', '7.2', '8.0', '6.8', '7.5', '7.0', '8.2', '9.5', '7.8', '9.0', '7.3', '9.8', '8.5', '9.2', '8.7', '5.0', '7.9', '4.2', '6.0', '7.6', '8.8', ""I'm sorry, but I cannot provide a rating for that movie.""]","['tt1402488', 'tt2235542', 'tt5184298', 'tt1429433', 'tt5480340', 'tt2100546', 'tt1216475', 'tt2096673', 'tt2112281', 'tt0970179', 'tt3874544', 'tt1865505', 'tt1302011', 'tt1430607', 'tt2452042', 'tt4877122', 'tt3231054', 'tt1935929', 'tt3416828', 'tt2865120', 'tt3411444', 'tt4009460']", I choose this movie because it has a high rating of 9.5 and it explores the complex emotions and inner workings of the human mind in a creative and engaging way. The plot seems intriguing and I am interested in seeing how the characters navigate through their emotions and experiences.,7
57,tt1462769,"['7', '6', '8', '5', '9', '7', '8', '6', '9', '8', '7', '9', '6']","['tt2065968', 'tt1924273', 'tt2756032', 'tt5368354', 'tt1462769', 'tt1650043', 'tt3553442', 'tt4651520', 'tt1478964', 'tt1588173', 'tt1666801', 'tt2883512', 'tt2546038']", I choose this movie because the plot seems intriguing and unique. The idea of a couple experiencing the unexpected arrival of a child with leaves growing from his ankles sparks my curiosity. I am interested to see how the characters navigate parenthood and the lessons they learn along the way.,4
58,tt2756032,"['7.5', '8.2', '6.9', '9.1', '7.8', '6.5', '8.3', '9.0', '5.2', '7.0', '4.5', '8.8', ""I'm sorry, but I can't provide a rating for that movie."", '3.2', '9.5', '7.8', '8.4', '6.7', '8.9']","['tt3553442', 'tt1478964', 'tt1715873', 'tt2883512', 'tt1666801', 'tt1650043', 'tt4651520', 'tt1588173', 'tt4877122', 'tt1397514', 'tt2828996', 'tt1430607', 'tt4009460', 'tt1935929', 'tt2546038', 'tt1924273', 'tt1462769', 'tt5368354', 'tt2756032']"," I choose this movie because of its intriguing plot and high rating. The idea of a troubled couple facing bizarre circumstances during their getaway piques my curiosity, and the positive reviews suggest that it is a thought-provoking and engaging film.",18
59,tt0816692,"['8', '7', '6', '9', '8', '5', '7', '9', '8', '7', '10', '9', '6']","['tt4073952', 'tt2404425', 'tt1978532', 'tt2962876', 'tt1677561', 'tt1349482', 'tt2429074', 'tt1837709', 'tt1234721', 'tt2493486', 'tt0816692', 'tt0114709', 'tt4299972']"," I choose this movie because it has a rating of 10, indicating that it is highly regarded. Additionally, the plot description of Earth's future, interstellar travel, and the search for a new planet for human survival intrigues me. I am drawn to the themes of exploration, adventure, and the potential for a new beginning.",10
60,tt1349482,"['5', '7', '4', '8', '6', '9', '7', '9', '8']","['tt0089538', 'tt1631867', 'tt1349482', 'tt4299972', 'tt1978532', 'tt0114709', 'tt2429074', 'tt2278388', 'tt1234721']", I choose this movie because I enjoy watching cheerleading movies and the plot seems interesting with the rivalry between Lina and Avery.,2
61,tt1234721,"['4.5', '6.5', '7.2', '8.0', '9.2']","['tt0089538', 'tt1349482', 'tt1978532', 'tt2429074', 'tt1234721']",,4
62,tt1588173,"['5', '3', '2', '4', '3', '4', '1', '5', '4', '4', '3', '2', '5', '4', '3', '4', '4']","['tt2828996', 'tt4009460', 'tt4877122', 'tt1430607', 'tt1397514', 'tt2546038', 'tt1935929', 'tt1588173', 'tt1478964', 'tt3553442', 'tt1666801', 'tt1650043', 'tt2883512', 'tt2065968', 'tt1924273', 'tt2756032', 'tt1462769']"," I choose this movie because I am intrigued by the unique concept of a zombie protagonist who starts regaining his humanity and forms a warm relationship with a human. The idea of a love story set in a post-apocalyptic world is appealing to me, and I am curious to see how the story unfolds and if they can bridge the gap between the living and the undead.",7
63,tt2883512,"['6.5', '7.2', '3.1', '4.8', '5.2', '8.3', '2.6', '4.3', '8.1', '7.6']","['tt1397514', 'tt1430607', 'tt4009460', 'tt1935929', 'tt4126340', 'tt2546038', 'tt4877122', 'tt2828996', 'tt2883512', 'tt1588173']"," I choose this movie because it has a high rating of 8.1 and the plot seems interesting, focusing on a chef's journey to rediscover his passion for cooking. The idea of a road trip and the exploration of family connections through food appeals to me.",8
64,tt1677561,"['7.5', '8.2', '6.9', '7.8', '9.1', '5.4', '7.2', '8.5', '7.9']","['tt4073952', 'tt2404425', 'tt1978532', 'tt2962876', 'tt1677561', 'tt1349482', 'tt2429074', 'tt1837709', 'tt1234721']", I choose this movie because it has a high rating and the plot seems intriguing and thought-provoking. The concept of a soul getting a second chance and uncovering the mysteries of its previous life and the reasons behind someone's suicide is captivating. I am interested in exploring the themes of redemption and self-discovery portrayed in the film.,4
65,tt3896198,"['6.5', '7.2', '6.8', '8.3', '7.6', '7.9', '9.2', '8.7', '9.5', '8.2', '9.0', '8.4']","['tt2808986', 'tt1298554', 'tt1698647', 'tt4547056', 'tt4788944', 'tt1620680', 'tt3498820', 'tt1631867', 'tt1825683', 'tt3778644', 'tt3896198', 'tt5544384']"," 2"" with the imdbID tt3896198. I choose this movie because it has a high rating of 9.0 and I am a fan of the first Guardians of the Galaxy movie. Additionally, I enjoy the humor, action, and the dynamic between the characters in the Guardians of the Galaxy series.",10
66,tt2025690,"['7.5', '6.8', '8.2', '7.9', '8.5', '7.2', '6.5', '8.7', '7.9', '8.4']","['tt1091191', 'tt2042568', 'tt2094064', 'tt5129510', 'tt2025690', 'tt5555502', 'tt2140423', 'tt1430607', 'tt3210686', 'tt2053425']"," I choose this movie because it tells a gripping and inspiring true story of a daring rescue mission in the face of extreme adversity. The plot of the movie, set during a powerful storm off the coast of Cape Cod, promises intense action and suspense. Additionally, the theme of bravery and the determination to save lives resonates with me.",4
67,tt2802144,"['7', '8', '6', '9', '8', '9', '5', '10', '7', '6']","['tt1496025', 'tt5607028', 'tt2458106', 'tt1232829', 'tt2267968', 'tt4116284', 'tt2808986', 'tt2802144', 'tt1937133', 'tt4464394']"," I choose this movie because it has a rating of 10, indicating that it is highly regarded by viewers. Additionally, the plot description intrigues me with its combination of action, mystery, and secret organizations. I am drawn to the idea of a young protagonist discovering a hidden world and undergoing intense training to become a part of it. The presence of talented actors like Colin Firth and Samuel L.",7
68,tt1441395,"['2', '3', '1', '2', '4', '1', '3', '4', '5', '3', '2', '5', '4', '2', '3', '4']","['tt3899796', 'tt3732950', 'tt2140423', 'tt3099498', 'tt0905372', 'tt3201722', 'tt4126568', 'tt3705412', 'tt1441395', 'tt4094724', 'tt4796122', 'tt1714915', 'tt1596365', 'tt4464394', 'tt2828996', 'tt3067274']", I rate it 5. I am intrigued by the plot of an alien entity inhabiting a human form and discovering its own humanity. The concept of self-discovery and the consequences that come with it sound fascinating and thought-provoking.,8
69,tt1677561,"['7.5', '8.2', '6.9', '7.8', '9.1', '5.4', '7.2', '8.5', '7.9']","['tt4073952', 'tt2404425', 'tt1978532', 'tt2962876', 'tt1677561', 'tt1349482', 'tt2429074', 'tt1837709', 'tt1234721']"," I choose this movie because it has a high rating and the plot seems intriguing and thought-provoking. The concept of a soul getting a second chance and uncovering the mysteries of its previous life and the reasons behind someone's suicide is captivating. I am interested in exploring the themes of redemption, self-discovery, and the complexities of life portrayed in this film.",4
70,tt2756032,"['7.5', '6.5', '8.0', '5.0', '7.8', '6.5', '7.2', '8.5', '7.9', '6.2']","['tt2094064', 'tt5368354', 'tt2756032', 'tt2140423', 'tt3231054', 'tt3832914', 'tt0479997', 'tt2347134', 'tt4193394', 'tt1243974']", I choose this movie because it has a high rating of 8.0 and the plot description intrigues me with its promise of a troubled couple and bizarre circumstances. I am curious to see how the story unfolds and how the characters navigate their situation.,2
71,tt1600195,"['6.5', '7.2', '6.8', '7.4', '4.2', '6.9', '7.1']","['tt1615918', 'tt0401729', 'tt1710396', 'tt1667353', 'tt3899796', 'tt4191054', 'tt1600195']"," I choose this movie because it has a rating of 7.1, which is the highest among the movies I have viewed so far.",6
72,tt1430607,"['8', '4', '7', '2', '3', '6', '1', '9', '2', '5']","['tt2546038', 'tt1397514', 'tt1478964', 'tt4009460', 'tt4877122', 'tt3553442', 'tt1935929', 'tt1430607', 'tt2828996', 'tt1715873']",,7
73,tt1631867,"['4.5', '8.5', '6.5', '9.0']","['tt0089538', 'tt1631867', 'tt1349482', 'tt4299972']","5, which is the highest among the movies mentioned. Additionally, the plot of the movie about a time loop and a relentless alien assault sounds intriguing and action-packed, making it a compelling choice for me to watch.",1
74,tt2802144,"['6.5', '5.0', '4.0', '8.5', '7.0', '6.0', '8.0', '6.5', '9.0', '7.5', '9.0', '7.0']","['tt3247714', 'tt1815862', 'tt4651410', 'tt5607028', 'tt2381991', 'tt4464394', 'tt2347134', 'tt1397514', 'tt2267968', 'tt1428538', 'tt2802144', 'tt1618442']"," I choose this movie because it has a high rating of 9.0 and the plot description intrigues me. The idea of a secret organization, intense training, and a mission to make the world safe sounds exciting and action-packed. Additionally, the presence of talented actors like Colin Firth and Samuel L. Jackson adds to my interest in watching this film.",10
75,tt1430607,"['7.5', '4.2', '6.8', '8.2']","['tt2546038', 'tt1935929', 'tt1397514', 'tt1430607']"," I choose this movie because it offers a unique and imaginative take on the story of Santa Claus and Christmas. The plot about a dysfunctional family and an unlikely hero adds an interesting twist to the traditional holiday theme. Additionally, the high-tech operation hidden beneath the North Pole adds an element of excitement and adventure. Overall, I am intrigued by the combination of comedy, heartwarming moments, and the mission that Arthur must complete before Christmas morning.",3
76,tt3402236,"['6.5', '4.2', '7.8', '6.3', '8.2', '7.9', '8.1', '7.6', '6.9', '8.5', '7.2', '6.4']","['tt1234719', 'tt0472181', 'tt3564794', 'tt0825283', 'tt2660888', 'tt4116284', 'tt3778644', 'tt2546038', 'tt1829012', 'tt3402236', 'tt3099498', 'tt4651410']"," I choose this movie because I am intrigued by murder mysteries and the idea of solving a crime on a train sounds exciting. The plot description also suggests that there will be twists and turns, keeping me engaged throughout the movie.",9
77,tt1430607,"['1', '3', '4', '2', '1', '5', '4', '3', '5', '1', '2']","['tt4877122', 'tt1666801', 'tt1588173', 'tt2546038', 'tt2828996', 'tt1430607', 'tt1478964', 'tt1397514', 'tt3553442', 'tt4009460', 'tt1935929']"," I rate it 5. I choose this movie because it offers a unique and imaginative take on the story of Santa Claus and his Christmas operations. The plot revolves around a dysfunctional family and an unlikely hero, which adds depth and relatability to the story. Additionally, the animation and visuals are impressive, and the film has a heartwarming message about the importance of family and the spirit of Christmas.",5
78,tt1600195,"['7.5', '6.5', '8.0', '9.0', '8.5', '7.0', '8.5', '7.0', '7.5', '8.0']","['tt0993842', 'tt1600195', 'tt1974419', 'tt1650062', 'tt1670345', 'tt1216491', 'tt1682180', 'tt1401152', 'tt1658837', 'tt1957938']", I choose this movie because I am intrigued by the plot of a teenager discovering that he might have been adopted and then being hunted down by criminals and the CIA. It seems like a thrilling and suspenseful story that will keep me engaged.,1
79,tt1462769,"['7', '6', '8', '5', '9', '7', '8', '6', '9', '8']","['tt2065968', 'tt1924273', 'tt2756032', 'tt5368354', 'tt1462769', 'tt1650043', 'tt3553442', 'tt4651520', 'tt1478964', 'tt1588173']", I choose this movie because the plot seems intriguing and unique. The idea of a couple experiencing the unexpected arrival of a child with leaves growing from his ankles sparks my curiosity. I am interested to see how the characters navigate parenthood and the lessons they learn along the way.,4
80,tt0816692,"['8', '7', '6', '9', '8', '5', '7', '9', '6', '8', '10', '9', '7', '6', '8', '10', '9', '4']","['tt4073952', 'tt2404425', 'tt1978532', 'tt2962876', 'tt1677561', 'tt1349482', 'tt2429074', 'tt1837709', 'tt1234721', 'tt2493486', 'tt0816692', 'tt0114709', 'tt4299972', 'tt2548208', 'tt2172934', 'tt2278388', 'tt1631867', 'tt0089538']"," I choose this movie because it has a rating of 10, indicating that it is highly regarded. Additionally, the plot description of Earth's future, interstellar travel, and the search for a new habitable planet intrigues me. I am drawn to the themes of exploration, survival, and the unknown.",10
81,tt2962876,"['8', '7', '6', '9', '10', '5', '7', '8']","['tt4073952', 'tt2404425', 'tt1978532', 'tt2962876', 'tt1677561', 'tt1349482', 'tt2429074', 'tt1837709']", I choose this movie because the plot seems intriguing and unique. The story of a young man with Tourette Syndrome going on a road trip with an anorexic woman and an OCD roommate sounds like it would provide a lot of interesting and heartfelt moments.,3
82,tt1741273,"['6.5', '7.2', '8.0', '7.8', '7.5', '8.2', '6.7', '8.5', '7.9', '7.4']","['tt1658837', 'tt1957938', 'tt2048770', 'tt1829012', 'tt1712170', 'tt2044801', 'tt3181822', 'tt1741273', 'tt5173032', 'tt1837709']", I choose this movie because it has a high rating of 8.5 and the plot seems intriguing with a mix of mystery and suspense. The story of investigators trying to solve a cold case and uncovering secrets from the past sounds captivating and I am interested to see how the characters navigate through the chilling truth.,7
83,tt2576852,"['6.5', '7.2', '8.9', '4.3', '9.1', '7.8', '8.2', '6.7', '8.5', '7.4', '9.3']","['tt3416828', 'tt5480340', 'tt3262342', 'tt4877122', 'tt1430607', 'tt1690953', 'tt1430626', 'tt5184298', 'tt2293640', 'tt2865120', 'tt2576852']", I choose this movie because it has a high rating and the plot seems intriguing. The story of a princess found in a bamboo and her journey through life sounds unique and captivating. I am interested in watching this movie to see how the story unfolds and to experience the beautiful animation.,10
84,tt1727776,"['7', '5', '2', '6', '3', '8', '4', '5', '7', '9', '3']","['tt4348012', 'tt4796122', 'tt4831420', 'tt2140423', 'tt3899796', 'tt2274570', 'tt4126568', 'tt3732950', 'tt4464394', 'tt1727776', 'tt2828996']", I choose this movie because I enjoy horror-comedy films and the plot of teenagers teaming up to fight against zombies sounds entertaining.,9
85,tt1978532,"['4.5', '6.5', '7.2']","['tt0089538', 'tt1349482', 'tt1978532']", I choose this movie because it seems to have an interesting and comedic plot about friends trying to find a wife for their socially inappropriate friend. The idea of their plan backfiring when he meets someone just like him adds an intriguing twist.,2
86,tt1596365,"['5', '4', '3', '7', '2', '6', '4', '8', '9', '7', '10', '9', '8', '6', '3', '7']","['tt4796122', 'tt4464394', 'tt2828996', 'tt2140423', 'tt3899796', 'tt4126568', 'tt3732950', 'tt4094724', 'tt0905372', 'tt3099498', 'tt1596365', 'tt1441395', 'tt1714915', 'tt3705412', 'tt3201722', 'tt3067274']"," I choose this movie because it has a rating of 10, indicating that it is highly regarded. Additionally, the plot description of a haunted house and vengeful ghost intrigues me, as I enjoy supernatural horror films.",10
87,tt1430607,"['6.5', '7.2', '6.8', '8.1', '7.6', '7.3', '9.2', '8.4', '9.5', '7.9', '9.8', '8.2', '8.7', '9.3', '7.1', '5.2', '8.9', '6.4', '7.8', '5.3', '9.6']","['tt2235542', 'tt5184298', 'tt1429433', 'tt1402488', 'tt5480340', 'tt2100546', 'tt2096673', 'tt1216475', 'tt0970179', 'tt3874544', 'tt1865505', 'tt2112281', 'tt1302011', 'tt2452042', 'tt3416828', 'tt1935929', 'tt3231054', 'tt4592572', 'tt2865120', 'tt4877122', 'tt1430607']"," I choose this movie because it has a high rating of 9.6 and the plot seems interesting, focusing on the behind-the-scenes operation of Santa Claus and a heartwarming story about family and an unlikely hero.",20
88,tt1677561,"['7.5', '8.2', '6.9', '7.8', '9.1', '5.4', '7.2', '8.6', '8.3']","['tt4073952', 'tt2404425', 'tt1978532', 'tt2962876', 'tt1677561', 'tt1349482', 'tt2429074', 'tt1837709', 'tt1234721']", I choose this movie because it has a high rating and the plot seems intriguing and thought-provoking. The concept of a soul getting a second chance and uncovering the mysteries of its previous life and the reasons behind someone's suicide is captivating. I am interested in exploring the themes of redemption and self-discovery portrayed in the film.,4
89,tt0816692,"['5', '6', '7', '8', '9', '7', '8', '6', '9', '7', '9', '8', '9', '10', '10', '9', '10', '8']","['tt0089538', 'tt1349482', 'tt1978532', 'tt2429074', 'tt1234721', 'tt1837709', 'tt2172934', 'tt2548208', 'tt2493486', 'tt4073952', 'tt2962876', 'tt4324274', 'tt2404425', 'tt1677561', 'tt0816692', 'tt2278388', 'tt0114709', 'tt4299972']", I choose this movie because it explores the concept of interstellar travel and the survival of humanity in a future plagued by disasters. The plot is intriguing and the film has received critical acclaim for its visuals and storytelling. I am drawn to the idea of exploring new frontiers and the unknown possibilities of space.,14
90,tt1829012,"['8.5', '7.5', '6.0', '7.0', '8.5', '9.0', '7.5', '6.0', '7.0', '6.5', '8.0']","['tt1345836', 'tt2379713', 'tt4651410', 'tt1829012', 'tt1855199', 'tt2347134', 'tt2140423', 'tt2808986', 'tt2167202', 'tt2735292', 'tt2295196']", I rate it 7.0.,3
91,tt1201607,"['7.5', '6.5', '8.5', '7.0']","['tt2065968', 'tt3181822', 'tt1201607', 'tt1966566']",,2
92,tt0816692,"['4.5', '6.5', '7.2', '8.0', '9.2', '8.8', '7.5', '6.8', '8.2', '9.0', '9.5', '8.7', '9.3', '9.8', '10.0']","['tt0089538', 'tt1349482', 'tt1978532', 'tt2429074', 'tt1234721', 'tt1837709', 'tt2172934', 'tt2548208', 'tt2493486', 'tt4073952', 'tt2962876', 'tt4324274', 'tt2404425', 'tt1677561', 'tt0816692']"," I choose this movie because it explores the concept of interstellar travel and the survival of humanity in a future plagued by disasters. The idea of venturing into the unknown and discovering new worlds is intriguing to me. Additionally, the film has received a high rating, indicating that it is well-regarded by viewers.",14
93,tt1430607,"['4', '3', '2', '1', '4', '2', '3', '5', '4', '2']","['tt1588173', 'tt2883512', 'tt4126340', 'tt4009460', 'tt1397514', 'tt2828996', 'tt4877122', 'tt1430607', 'tt2546038', 'tt1935929']"," I choose this movie because it has a rating of 5, which is the highest rating among the movies that I have viewed.",7
94,tt1430607,"['2', '3', '4', '3', '1', '5', '4', '2', '4', '1', '2']","['tt4877122', 'tt1666801', 'tt1588173', 'tt2546038', 'tt2828996', 'tt1430607', 'tt1478964', 'tt1397514', 'tt3553442', 'tt4009460', 'tt1935929']",,5
95,tt2493486,"['4.5', '6.5', '7.2', '8.0', '9.2', '8.8', '7.5', '6.8', '8.2', '9.0']","['tt0089538', 'tt1349482', 'tt1978532', 'tt2429074', 'tt1234721', 'tt1837709', 'tt2172934', 'tt2548208', 'tt2493486', 'tt4073952']"," I choose this movie because I am drawn to stories of honor, loyalty, and vengeance. The plot description of a fallen warrior rising against a corrupt ruler resonates with me, and I am intrigued by the promise of sword-clashing adventure.",8
96,tt1441395,"['6.5', '7.2', '8.5', '4.2', '7.8', '9.2']","['tt3067274', 'tt3487994', 'tt1714915', 'tt3201722', 'tt3705412', 'tt1441395']", I choose this movie because it has a high rating and the plot seems intriguing and unique. The idea of an alien entity exploring human existence and experiencing a transformation is fascinating to me. I am curious to see how the story unfolds and the consequences that arise from the alien's self-discovery as a human.,5
97,tt2025690,"['6.5', '5.0', '7.0', '6.8', '7.2', '8.0', '6.5', '7.3', '6.7', '8.5', '9.0']","['tt1829012', 'tt4126568', 'tt3732950', 'tt1886493', 'tt3480796', 'tt3247714', 'tt2134170', 'tt5254868', 'tt3181822', 'tt1600196', 'tt2025690']"," I choose this movie because it has a high rating and the plot seems thrilling and intense. The idea of a daring rescue mission in treacherous conditions is intriguing, and I am interested in seeing how the characters navigate through the challenges they face.",10
98,tt1430607,"['2.5', '3.5', '4.0', '1.5', '4.5', '1.0', '4.8', '4.2', '4.7', '3.8', '4.3', '3.2']","['tt4877122', 'tt1397514', 'tt2546038', 'tt2828996', 'tt1430607', 'tt1935929', 'tt2883512', 'tt3553442', 'tt1478964', 'tt1666801', 'tt1588173', 'tt1650043']", I choose this movie because it has a high rating of 4.5 and the plot seems interesting and heartwarming. The idea of exploring the behind-the-scenes workings of Santa's operation and the story about a family in comic dysfunction appeals to me. I am also intrigued by the concept of a deeper connection with life and family being portrayed in a delicious way.,4
99,tt2802144,"['6.5', '7.2', '6.8', '7.4', '8.2', '8.5', '7.9', '7.6', '8.0', '9.2', '8.4', '8.7', '8.9', '6.3', '7.8', '7.2', '6.5', '6.2', '6.4', '7.1', '8.3']","['tt1937133', 'tt0825283', 'tt2458106', 'tt2808986', 'tt2027128', 'tt4116284', 'tt1496025', 'tt1428538', 'tt1618442', 'tt2802144', 'tt2267968', 'tt1232829', 'tt4853102', 'tt1815862', 'tt2347134', 'tt2381991', 'tt4464394', 'tt2379386', 'tt4651410', 'tt1397514', 'tt5607028']"," I choose this movie because it has a high rating of 9.2, indicating that it is highly regarded by viewers. Additionally, it is an action-packed film with a unique and entertaining storyline, featuring a secret spy organization and a blend of humor and intense action sequences. The combination of a strong rating and an intriguing plot makes it a compelling choice for me to watch.",9
100,tt1201607,"['7.5', '6.5', '8.0', '7.0', '6.0', '8.5', '7.0', '7.5', '8.0', '9.5', '8.0', '8.5']","['tt5607028', 'tt2404233', 'tt3922818', 'tt1397514', 'tt1815862', 'tt1840309', 'tt1618442', 'tt1355638', 'tt1509767', 'tt1201607', 'tt1192628', 'tt1302011']"," I choose this movie because I am a fan of the Harry Potter series and have been following the story since the beginning. I am excited to see how the final installment concludes the epic battle between Harry and Voldemort, and how all the loose ends are tied up. The rating of 9.5 also indicates that it is highly regarded, which further piques my interest.",9
101,tt1499658,"['6', '4', '7', '8', '5', '6', '7', '9', '3', '8']","['tt2347134', 'tt2140423', 'tt2679042', 'tt2172934', 'tt2167202', 'tt2134170', 'tt4442130', 'tt1499658', 'tt4651410', 'tt1829012']"," I choose this movie because of its high rating of 9. I enjoy movies that have a mix of comedy and suspense, and ""Horrible Bosses"" seems to fit that criteria. The plot of employees plotting to kill their bosses sounds intriguing and I'm interested to see how the story unfolds.",7
102,tt0816692,"['8', '7', '6', '9', '10', '5', '7', '8', '9', '7', '10']","['tt4073952', 'tt2404425', 'tt1978532', 'tt2962876', 'tt1677561', 'tt1349482', 'tt2429074', 'tt1837709', 'tt1234721', 'tt2493486', 'tt0816692']"," I choose this movie because it explores the concept of interstellar travel and the survival of humanity in a future where Earth is facing numerous challenges. The plot of the movie, involving a team of astronauts traveling through a wormhole to find a habitable planet, intrigues me and I am interested in the themes of exploration, adventure, and the potential for the future of humanity.",10
103,tt1430607,"['7', '6', '3', '2', '8', '4', '5', '9', '7', '3']","['tt1588173', 'tt2883512', 'tt4126340', 'tt4009460', 'tt1397514', 'tt2828996', 'tt4877122', 'tt1430607', 'tt2546038', 'tt1935929']"," I rate it 9 because I find the concept of revealing the behind-the-scenes operation of Santa Claus delivering presents fascinating. The plot about a dysfunctional family and the unlikely hero, Arthur, also adds depth to the story. I am intrigued by the idea of an urgent mission that must be completed before Christmas morning, and I believe this movie will provide an enjoyable and heartwarming experience.",7
104,tt0816692,"['8', '7', '6', '9', '8', '5', '7', '9', '6', '8', '10', '9', '7', '6', '8', '10', '9', '4']","['tt4073952', 'tt2404425', 'tt1978532', 'tt2962876', 'tt1677561', 'tt1349482', 'tt2429074', 'tt1837709', 'tt1234721', 'tt2493486', 'tt0816692', 'tt0114709', 'tt4299972', 'tt2548208', 'tt2172934', 'tt2278388', 'tt1631867', 'tt0089538']"," I choose this movie because it has a rating of 10, indicating that it is highly regarded. Additionally, the plot description of Earth's future, interstellar travel, and the search for a new habitable planet intrigues me. I am drawn to the themes of exploration, survival, and the unknown.",10
105,tt2962876,"['8', '7', '6', '9']","['tt4073952', 'tt2404425', 'tt1978532', 'tt2962876']"," I choose this movie because it has a unique and compelling plot that explores the struggles and journeys of individuals with different mental health conditions. The idea of a road trip and the emotional depth of the story intrigue me, making me want to watch and experience the characters' transformative journey.",3
106,tt2267968,"['7', '6', '8', '9', '5']","['tt1496025', 'tt4853102', 'tt4116284', 'tt2267968', 'tt1618442']",,3
107,tt2962876,"['8', '7', '6', '9']","['tt4073952', 'tt2404425', 'tt1978532', 'tt2962876']", I choose this movie because the plot seems unique and intriguing. The story of a young man with Tourette Syndrome going on a road trip with an anorexic woman and an OCD roommate sounds like it would provide a lot of interesting and heartfelt moments.,3
108,tt2962876,"['8', '7', '6', '9', '8', '5', '7', '9']","['tt4073952', 'tt2404425', 'tt1978532', 'tt2962876', 'tt1677561', 'tt1349482', 'tt2429074', 'tt1837709']", I choose this movie because the plot seems intriguing and unique. The story of a young man with Tourette Syndrome going on a road trip with an anorexic woman and an OCD roommate sounds like it would provide a lot of interesting and heartfelt moments.,3
109,tt1714915,"['1', '2', '3', '2', '4', '1', '3', '4', '5', '3', '2', '5', '4', '2', '1', '3']","['tt3899796', 'tt3732950', 'tt2140423', 'tt3099498', 'tt0905372', 'tt3201722', 'tt4126568', 'tt3705412', 'tt1441395', 'tt4094724', 'tt4796122', 'tt1714915', 'tt1596365', 'tt4464394', 'tt2828996', 'tt3067274']"," I choose this movie because it has received a rating of 5, which indicates that it is highly appreciated by the user. Additionally, the plot description intrigues me as it explores themes of love, resilience, and the clash between ancient wisdom and modern society. I am curious to see how the characters navigate these challenges and how the story unfolds.",11
110,tt0816692,"['8', '7', '6', '9', '8', '5', '7', '9', '6', '8', '10', '9', '7', '6', '8', '10', '9', '4']","['tt4073952', 'tt2404425', 'tt1978532', 'tt2962876', 'tt1677561', 'tt1349482', 'tt2429074', 'tt1837709', 'tt1234721', 'tt2493486', 'tt0816692', 'tt0114709', 'tt4299972', 'tt2548208', 'tt2172934', 'tt2278388', 'tt1631867', 'tt0089538']"," I choose this movie because it has a rating of 10, indicating that it is highly regarded. Additionally, the plot description of Earth's future, interstellar travel, and the search for a new habitable planet intrigues me. I am drawn to the themes of exploration, survival, and the unknown.",10
111,tt2911666,"['7', '4', '6', '8', '5', '9', '10', '8', '7', '9', '8']","['tt4547056', 'tt1865393', 'tt4471456', 'tt3973198', 'tt2450186', 'tt1600196', 'tt2911666', 'tt4912910', 'tt3062096', 'tt5362988', 'tt2025690']"," I choose this movie because it has a rating of 10, indicating that it is highly regarded. Additionally, the plot description of a former assassin seeking revenge and unleashing destruction sounds intriguing and action-packed.",6
112,tt0816692,"['8', '7', '6', '9', '10', '5', '7', '8', '9', '7', '10']","['tt4073952', 'tt2404425', 'tt1978532', 'tt2962876', 'tt1677561', 'tt1349482', 'tt2429074', 'tt1837709', 'tt1234721', 'tt2493486', 'tt0816692']"," I choose this movie because it explores the concept of interstellar travel and the survival of humanity in a future where Earth is facing numerous challenges. The plot of the movie, involving a team of astronauts traveling through a wormhole to find a habitable planet, intrigues me and I am interested in the themes of exploration, adventure, and the potential for the future of humanity.",10
113,tt1430607,"['8', '6', '4', '2', '7', '3', '5', '6', '9', '10']","['tt2546038', 'tt1397514', 'tt2828996', 'tt1935929', 'tt1798603', 'tt4009460', 'tt4126340', 'tt4877122', 'tt1243974', 'tt1430607']"," I choose this movie because it has a rating of 10, which indicates that it is highly recommended. Additionally, the plot description intrigues me as it promises a unique and heartwarming story about family and the magic of Christmas.",9
114,tt1430607,"['7', '4', '8', '2', '3', '9', '1', '10', '1', '6']","['tt2546038', 'tt1397514', 'tt1478964', 'tt4009460', 'tt4877122', 'tt3553442', 'tt1935929', 'tt1430607', 'tt2828996', 'tt1715873']", The plot of uncovering the secret behind Santa's operation and the story of a dysfunctional family adds an interesting twist to the traditional Christmas narrative. I am excited to watch this movie and experience the magic and joy of Christmas through the eyes of Arthur.,7
115,tt1446714,"['6.5', '4.2', '8.3', '5.8', '9.0', '7.5', '6.7', '7.2', '8.1', '7.4', '8.2', '6.8', '8.5']","['tt3480796', 'tt3899796', 'tt1446714', 'tt1815862', 'tt3896198', 'tt3778644', 'tt2231461', 'tt4788944', 'tt1298554', 'tt1698647', 'tt1620680', 'tt1397514', 'tt3922818']", I choose this movie because it has a high rating of 8.3 and the plot description intrigues me with its exploration of the origins of humanity and the mysteries of the universe.,2
116,tt3231054,"['2.5', '3.5', '4.0', '3.8', '4.2', '2.0', '3.7', '2.3', '4.5', '3.9']","['tt4009460', 'tt3416828', 'tt1430607', 'tt2452042', 'tt3231054', 'tt4877122', 'tt2865120', 'tt1935929', 'tt2112281', 'tt1216475']"," I choose this movie because I am intrigued by the concept of exploring the story of the Resurrection from the perspective of a non-believer. It seems like an interesting and unique approach to a biblical narrative, and I am curious to see how the character of Clavius navigates the mystery surrounding the events following the crucifixion.",4
117,tt2017561,"['7.5', '6.5', '5.0', '6.0', '8.5', '9.0', '7.5', '6.0', '8.0', '7.0', '7.5', '8.0']","['tt5607028', 'tt1429433', 'tt1815862', 'tt1397514', 'tt1302011', 'tt2065968', 'tt1840309', 'tt5480340', 'tt2017561', 'tt0401729', 'tt1698647', 'tt1509767']"," I chose this movie because I am intrigued by the combination of adventure, mythology, and the journey of the main character, Tang Sanzang. The plot description suggests a mix of action, romance, and fantastical elements, which I find appealing. Additionally, the concept of a Buddhist hero on a quest to meet the legendary Monkey King sounds captivating.",8
118,tt2911666,"['6.5', '7.2', '8.0', '5.8', '7.9', '6.3', '7.1', '9.2', '8.5', '9.0', '7.8']","['tt3480796', 'tt5254868', 'tt3247714', 'tt3732950', 'tt1829012', 'tt3181822', 'tt4126568', 'tt2911666', 'tt1600196', 'tt4912910', 'tt3062096']"," I choose this movie because it has the highest rating among the options provided (9.2). Additionally, the plot description of a former assassin seeking revenge intrigued me, and I am interested in watching an action-packed film with a compelling storyline.",7
119,tt1978532,"['3.5', '2.5', '4.0', '3.8']","['tt0089538', 'tt1349482', 'tt1978532', 'tt2429074']", I choose this movie because it seems to have an interesting and comedic plot about friends trying to find a wife for their socially inappropriate friend. The idea of their plan backfiring when he meets someone just like him intrigues me and I think it will provide some entertaining moments.,2
120,tt1441395,"['7.5', '8.2', '6.9', '7.8', '8.1', '5.3', '6.7', '7.9', '4.2', '6.5', '7.2', '7.6']","['tt4094724', 'tt1441395', 'tt3099498', 'tt1596365', 'tt0905372', 'tt2828996', 'tt2274570', 'tt4348012', 'tt3899796', 'tt4796122', 'tt3732950', 'tt4126568']", I choose this movie because it has a high rating and the plot description intrigues me with its unique concept of an alien entity discovering its own humanity.,1
121,tt1201607,"['7.5', '6.5', '5.0', '8.0', '7.0', '9.0', '7.5', '8.5', '9.0', '7.0', '9.5', '8.0', '8.5', '6.0', '9.0', '7.0']","['tt2065968', 'tt1698647', 'tt1429433', 'tt2017561', 'tt5480340', 'tt1192628', 'tt1355638', 'tt1840309', 'tt1302011', 'tt1509767', 'tt1201607', 'tt0401729', 'tt3922818', 'tt1815862', 'tt5607028', 'tt2404233']"," I choose this movie because I am a fan of the Harry Potter series and have watched the previous movies. I am excited to see the conclusion of the story and witness the epic battle between Harry and his friends against Voldemort. Additionally, I am curious to see how the characters' journeys and relationships unfold in this final installment.",10
122,tt2380307,"['2.5', '4.5', '3.0', '3.5', '4.0', '4.5', '4.0', '3.5', '5.0', '4.5', '4.0']","['tt4877122', 'tt2576852', 'tt1615918', 'tt3416828', 'tt1430607', 'tt2452042', 'tt1302011', 'tt2293640', 'tt2380307', 'tt3521164', 'tt1623288']"," I choose this movie because it has a rating of 5.0, which indicates that it is highly regarded. Additionally, the plot description of ""Coco"" intrigues me with its themes of family, music, and uncovering the truth about one's heritage. The combination of positive reviews and an engaging storyline makes me want to watch ""Coco"" and discover the journey of the main character, Miguel.",8
123,tt1355638,"['7.5', '6.5', '8.0', '7.0', '9.0', '6.0', '8.5', '7.0', '7.5', '8.0', '6.5', '8.0']","['tt1840309', 'tt3480796', 'tt1355638', 'tt3416828', 'tt2065968', 'tt2404233', 'tt3922818', 'tt1698647', 'tt5480340', 'tt2017561', 'tt1429433', 'tt0401729']"," I rate it 8.0. I choose this movie because the plot seems unique and intriguing, with elements of adventure and cultural exploration. The idea of a talking cat and a quest for a hidden tribe in Africa piques my curiosity. I am interested in the blend of different cultures and the potential for humor and wisdom in the story.",2
124,tt1631867,"['6', '8', '7', '9', '4', '9', '7', '8', '9', '8', '10']","['tt3480796', 'tt3896198', 'tt1620680', 'tt1825683', 'tt2231461', 'tt3498820', 'tt5544384', 'tt3778644', 'tt2660888', 'tt1446714', 'tt1631867']"," I choose this movie because it has a rating of 10 and the plot seems intriguing with its time loop concept and intense action. Additionally, the presence of Tom Cruise and Emily Blunt in the lead roles adds to the appeal.",10
125,tt1192628,"['6.5', '7.2', '6.8', '5.9', '8.3', '7.6', '8.1', '8.5', '9.0', '7.4', '6.2']","['tt1698647', 'tt2017561', 'tt5480340', 'tt1429433', 'tt2065968', 'tt1509767', 'tt0401729', 'tt1192628', 'tt1840309', 'tt1355638', 'tt1815862']"," I choose this movie because it has a high rating of 8.5, indicating that it is well-received by viewers. Additionally, the plot description of a chameleon becoming a hero and sheriff in an old western town intrigues me and seems like it would provide an entertaining and unique story.",7
126,tt0816692,"['4.5', '6.5', '7.2', '8.0', '9.2', '8.8', '7.5', '6.8', '8.2', '9.0', '9.5', '8.7', '9.3', '9.8', '10.0', '9.6', '10.0', '9.4']","['tt0089538', 'tt1349482', 'tt1978532', 'tt2429074', 'tt1234721', 'tt1837709', 'tt2172934', 'tt2548208', 'tt2493486', 'tt4073952', 'tt2962876', 'tt4324274', 'tt2404425', 'tt1677561', 'tt0816692', 'tt2278388', 'tt0114709', 'tt4299972']"," I choose this movie because it explores the concept of interstellar travel and the survival of humanity in a future plagued by disasters. The plot is intriguing and the film has received critical acclaim for its visuals, storytelling, and thought-provoking themes. I am particularly interested in the exploration of space and the unknown, as well as the emotional journey of the characters.",14
127,tt1631867,"['4.5', '8.5', '6.5', '9.0', '7.0']","['tt0089538', 'tt1631867', 'tt1349482', 'tt4299972', 'tt1978532']","5, which is the highest among the movies mentioned. The plot of the movie, involving a time loop and a battle against an alien race, sounds intriguing and action-packed. I am drawn to the idea of the protagonist improving their skills with each repeated encounter, and the presence of Tom Cruise and Emily Blunt in the lead roles adds to the appeal.",1
128,tt2883512,"['3.5', '2.5', '4.0', '4.5', '3.0', '4.5', '2.0', '4.5', '4.0', '4.5', '3.5', '3.0', '4.5', '4.0', '3.5', '4.0']","['tt2828996', 'tt4009460', 'tt4877122', 'tt1430607', 'tt1397514', 'tt2546038', 'tt1935929', 'tt1588173', 'tt1478964', 'tt3553442', 'tt1666801', 'tt1650043', 'tt2883512', 'tt2065968', 'tt1924273', 'tt2756032']", I choose this movie because it has a high rating and the plot of a chef rediscovering his passion for cooking and finding a deeper connection with his life and family sounds intriguing and heartwarming.,12
129,tt1978532,"['3.5', '2.5', '4.0']","['tt0089538', 'tt1349482', 'tt1978532']", I choose this movie because it seems to have an interesting and comedic plot about friends trying to find a wife for their socially inappropriate friend. The idea of their plan backfiring when he meets someone just like him adds an intriguing twist to the story.,2
130,tt2065968,"['6.5', '7.2', '8.0', '7.8', '8.5', '7.9', '8.2', '6.7', '7.4', '7.1', '5.2', '6.3', '8.7', '7.9', '8.4', '7.2']","['tt1509767', 'tt1355638', 'tt0401729', 'tt1192628', 'tt1840309', 'tt3922818', 'tt5607028', 'tt1815862', 'tt1397514', 'tt2381991', 'tt2379386', 'tt2404233', 'tt2065968', 'tt1698647', 'tt2017561', 'tt5480340']"," I choose this movie because it has a high rating of 8.7 and it is a part of the beloved ""How to Train Your Dragon"" franchise. The plot of the movie, revolving around the dragons' mysterious disappearance and Hiccup's quest to bring them back, sounds intriguing and engaging. Additionally, the holiday theme adds a touch of warmth and nostalgia. Overall, it seems like",12
131,tt1631867,"['4.5', '8.5', '6.5', '9.0']","['tt0089538', 'tt1631867', 'tt1349482', 'tt4299972']","5, which is the highest among the movies mentioned. Additionally, the plot of the movie about a time loop and a relentless alien assault sounds intriguing and action-packed, making it a compelling choice for me to watch.",1
132,tt2576852,"['7.5', '6.5', '8.0', '5.5', '9.0', '8.5', '7.0', '9.5', '6.0', '8.5', '9.0']","['tt2381991', 'tt2404233', 'tt3564794', 'tt2379386', 'tt1837709', 'tt5607028', 'tt1071875', 'tt2576852', 'tt1854564', 'tt0770828', 'tt1935859']", I choose this movie because it has a high rating of 9.5 and the plot seems intriguing. The story of a princess found in a bamboo and her journey through life sounds unique and captivating. I am interested in watching this animated film and discovering the adventures and challenges faced by the princess.,7
133,tt2576852,"['7', '6', '8', '9', '10', '7', '9', '8', '9', '6', '10', '8', '5', '9', '4']","['tt5184298', 'tt1402488', 'tt5480340', 'tt2065968', 'tt3262342', 'tt1430626', 'tt3521164', 'tt1690953', 'tt1623288', 'tt1691917', 'tt1430607', 'tt2452042', 'tt1615918', 'tt2576852', 'tt4877122']"," I choose this movie because it has a unique and intriguing plot, revolving around the discovery of a princess in a bamboo and her journey as she grows up. The story seems to be filled with mystery, romance, and cultural elements, which I find appealing. Additionally, the animation style of the movie is visually stunning and adds to the overall charm of the film.",13
134,tt3896198,"['2', '4', '1', '5', '1', '4', '3', '2', '5', '3', '3', '5']","['tt4464394', 'tt3922818', 'tt3899796', 'tt3778644', 'tt4831420', 'tt1446714', 'tt2231461', 'tt1397514', 'tt3896198', 'tt3480796', 'tt1815862', 'tt3498820']"," 2"" with imdbID tt3896198. I choose this movie because I am a fan of the first Guardians of the Galaxy film and I enjoyed the characters, humor, and action in it. Additionally, the second installment has received a high rating from me, indicating that it is likely to be an entertaining and enjoyable movie to watch.",8
135,tt3896198,"['8', '6', '7', '9', '5', '8', '9', '9', '7', '9', '6', '4']","['tt1631867', 'tt2231461', 'tt5544384', 'tt1825683', 'tt1620680', 'tt3778644', 'tt2660888', 'tt3896198', 'tt1446714', 'tt3498820', 'tt1815862', 'tt1267299']"," 2"" with the imdbID tt3896198. I choose this movie because I enjoyed the first Guardians of the Galaxy film and I am a fan of the Marvel Cinematic Universe. The plot of the movie, with the Guardians teaming up again to face a new threat, sounds exciting and I am interested in seeing how the characters develop further.",7
136,tt4073952,"['8', '7', '6']","['tt4073952', 'tt2404425', 'tt1978532']",,0
137,tt1588173,"['8', '4', '9', '3', '2', '1', '6', '7', '10', '5', '8']","['tt2546038', 'tt1935929', 'tt1430607', 'tt4126340', 'tt2828996', 'tt4009460', 'tt4877122', 'tt1397514', 'tt1588173', 'tt1650043', 'tt1666801']", I choose this movie because it has a unique and intriguing plot about a zombie who starts regaining his humanity and forms a warm relationship with a human. The idea of a zombie romance with elements of comedy and action sounds interesting and different from the typical movie choices.,8
138,tt2962876,"['8', '7', '6', '9', '10', '5', '7', '8']","['tt4073952', 'tt2404425', 'tt1978532', 'tt2962876', 'tt1677561', 'tt1349482', 'tt2429074', 'tt1837709']", I choose this movie because the plot seems intriguing and unique. The story of a young man with Tourette Syndrome going on a road trip with an anorexic woman and an OCD roommate sounds like it would provide a lot of interesting and heartfelt moments.,3
139,tt0816692,"['8', '7', '6', '9', '10', '5', '7', '8', '9', '7', '10', '9', '6', '7', '8', '10', '9', '4']","['tt4073952', 'tt2404425', 'tt1978532', 'tt2962876', 'tt1677561', 'tt1349482', 'tt2429074', 'tt1837709', 'tt1234721', 'tt2493486', 'tt0816692', 'tt0114709', 'tt4299972', 'tt2548208', 'tt2172934', 'tt2278388', 'tt1631867', 'tt0089538']"," I choose this movie because it offers a captivating and thought-provoking storyline about the future of humanity and the exploration of space. The concept of interstellar travel and the search for a habitable planet adds an element of adventure and suspense. Additionally, the film has received critical acclaim for its stunning visuals and emotional depth, making it a compelling choice for me to watch.",10
140,tt2209418,"['7', '6', '8', '5', '9', '7', '10', '6', '4', '3', '7', '8', '2', '1', '9']","['tt2034031', 'tt1714915', 'tt2756032', 'tt5368354', 'tt1937118', 'tt2870808', 'tt2209418', 'tt2073520', 'tt1067774', 'tt1540128', 'tt1243974', 'tt1710417', 'tt2322441', 'tt4465564', 'tt2053425']"," I choose this movie because it has a rating of 10, indicating that it is highly regarded. Additionally, the plot description intrigues me as it explores the complexities of a long-term relationship and the challenges faced by the characters. I am interested in seeing how their relationship evolves and how they navigate their struggles.",6
141,tt2962876,"['8', '7', '6', '9']","['tt4073952', 'tt2404425', 'tt1978532', 'tt2962876']"," I choose this movie because it has a unique and compelling plot that explores the struggles and journeys of individuals with different mental health conditions. The idea of a road trip and the emotional depth of the story intrigue me, making me want to watch and experience the characters' transformative journey.",3
142,tt0816692,"['8', '7', '6', '9', '10', '5', '7', '8', '9', '7', '10']","['tt4073952', 'tt2404425', 'tt1978532', 'tt2962876', 'tt1677561', 'tt1349482', 'tt2429074', 'tt1837709', 'tt1234721', 'tt2493486', 'tt0816692']"," I choose this movie because it explores the concept of interstellar travel and the survival of humanity in a future where Earth is facing numerous challenges. The plot of the movie, involving a team of astronauts traveling through a wormhole to find a habitable planet, intrigues me and I am interested in the themes of exploration, adventure, and the potential for the future of humanity.",10
143,tt2883512,"['7', '6', '8', '9', '8', '7', '6', '9', '5', '7', '8', '9', '4', '6', '3', '8', '7', '2', '9']","['tt5368354', 'tt1478964', 'tt1588173', 'tt2065968', 'tt1430607', 'tt1715873', 'tt2546038', 'tt3553442', 'tt1650043', 'tt1924273', 'tt4651520', 'tt1462769', 'tt2828996', 'tt1397514', 'tt4009460', 'tt2756032', 'tt1666801', 'tt1935929', 'tt2883512']"," I choose this movie because it has a high rating of 9 and the plot seems intriguing. The story of a chef rediscovering his passion for cooking and finding a deeper connection with his family resonates with me. Additionally, the idea of a food truck journey across America sounds like an enjoyable and heartwarming experience.",18
144,tt0816692,"['8', '7', '6', '9', '8', '5', '7', '9', '8', '7', '10', '9', '7', '6', '8', '10', '9', '4']","['tt4073952', 'tt2404425', 'tt1978532', 'tt2962876', 'tt1677561', 'tt1349482', 'tt2429074', 'tt1837709', 'tt1234721', 'tt2493486', 'tt0816692', 'tt0114709', 'tt4299972', 'tt2548208', 'tt2172934', 'tt2278388', 'tt1631867', 'tt0089538']"," I choose this movie because it offers a captivating and thought-provoking storyline about the future of humanity and the exploration of space. The concept of interstellar travel and the search for a habitable planet adds an element of excitement and adventure. Additionally, the film has received critical acclaim for its stunning visuals and emotional depth, making it a compelling choice for me to watch.",10
145,tt1825683,"['7', '6', '8', '9', '5', '4', '7', '6', '9']","['tt1355638', 'tt5480340', 'tt1825683', 'tt3922818', 'tt1397514', 'tt1429433', 'tt1618442', 'tt1698647', 'tt1840309']"," I choose this movie because it has a rating of 8, which is the highest among the movies I have rated. Additionally, the plot of ""Black Panther"" intrigues me with its blend of action, adventure, and political intrigue set in the technologically advanced nation of Wakanda. I am also interested in exploring the themes of identity, leadership, and cultural heritage that the movie explores.",2
146,tt0993842,"['6.5', '5.8', '8.2', '7.6', '7.9', '6.7', '8.4', '7.2', '6.8', '7.1']","['tt1712170', 'tt1600195', 'tt1650062', 'tt5173032', 'tt1599348', 'tt1658837', 'tt0993842', 'tt3973198', 'tt1974419', 'tt2044801']"," I choose this movie because it has a high rating of 8.4 and the plot of a teenage girl with exceptional skills and a unique upbringing as an assassin intrigues me. The combination of action, suspense, and the exploration of the protagonist's identity and humanity makes it a compelling choice for me.",6
147,tt3521164,"['7.5', '8.2', '6.9', '9.1', '5.3', '8.6', '7.2', '7.8', '8.4', '9.5', '8.7', '9.2']","['tt1430607', 'tt2452042', 'tt1615918', 'tt2576852', 'tt4877122', 'tt3411444', 'tt3416828', 'tt2865120', 'tt1430626', 'tt3521164', 'tt1690953', 'tt1623288']"," I choose this movie because it has a high rating of 9.5 and the plot seems intriguing. The story of a young girl embarking on an epic journey across the Pacific, based on Polynesian mythology, sounds captivating and unique. Additionally, the positive reviews and the emphasis on themes of adventure, self-discovery, and cultural representation make me interested in watching this film.",9
148,tt1667353,"['7', '6', '2', '8', '9', '7', '4']","['tt1600195', 'tt4191054', 'tt3899796', 'tt1667353', 'tt0401729', 'tt1710396', 'tt1615918']", I choose this movie because I enjoy fairy tale adaptations and the plot of Snow White taking control of her destiny and fighting against the evil Queen appeals to me.,3
149,tt1588173,"['7.5', '4.2', '8.3', '5.1', '3.8', '2.6', '6.4', '7.2', '8.1', '6.9', '7.6']","['tt2546038', 'tt1935929', 'tt1430607', 'tt4126340', 'tt2828996', 'tt4009460', 'tt4877122', 'tt1397514', 'tt1588173', 'tt1650043', 'tt1666801']", I choose this movie because it has a unique and intriguing plot about a zombie who starts regaining his humanity and forms a warm relationship with a human. The idea of a zombie romance with elements of humor and action appeals to me.,8
150,tt1978532,"['3.5', '2.5', '4.0']","['tt0089538', 'tt1349482', 'tt1978532']", I choose this movie because it seems to have an interesting and comedic plot about friends trying to find a wife for their socially inappropriate friend. The idea of their plan backfiring when he meets someone just like him adds an intriguing twist to the story.,2
151,tt3922818,"['5', '3', '4', '2', '7', '6', '8', '6', '9', '8', '7']","['tt2379386', 'tt1815862', 'tt2404233', 'tt3480796', 'tt5607028', 'tt2381991', 'tt3416828', 'tt1397514', 'tt3922818', 'tt1509767', 'tt1192628']"," I choose this movie because the plot seems intriguing and unique. The idea of a boy born on Mars and his journey to Earth to discover his origins and find his father is captivating. The combination of science fiction, adventure, and a touch of romance makes it an appealing choice for me.",8
152,tt1631867,"['3.5', '4.5', '2.5', '4.0', '3.0']","['tt0089538', 'tt1631867', 'tt1349482', 'tt4299972', 'tt1978532']",,1
153,tt4853102,"['2', '1', '3', '4', '3', '5', '2', '1', '4', '3']","['tt2828996', 'tt4009460', 'tt4126568', 'tt1615918', 'tt1600195', 'tt4853102', 'tt0472181', 'tt3899796', 'tt2548208', 'tt0401729']"," I chose this movie because I am a fan of the Batman franchise and I am particularly interested in the dynamic between Batman and the Joker. The plot of the movie, where the Joker attacks the Gordon family, seems intriguing and I am excited to see how Batman handles the situation.",5
154,tt1192628,"['7.5', '6.8', '7.2', '8.1', '7.6']","['tt1234721', 'tt2293640', 'tt1216475', 'tt1192628', 'tt1430626']",1.,3
155,tt1840309,"['6.5', '7.2', '6.8', '5.9', '8.3', '7.6', '8.1', '8.5', '9.0', '7.4']","['tt1698647', 'tt2017561', 'tt5480340', 'tt1429433', 'tt2065968', 'tt1509767', 'tt0401729', 'tt1192628', 'tt1840309', 'tt1355638']", I choose this movie because it has a high rating of 9.0 and the plot description intrigues me. The concept of a dystopian society divided into factions and a protagonist who is Divergent sounds interesting and I want to see how the story unfolds.,8
156,tt0401729,"['6', '2', '8', '4', '7', '9', '5', '3', '8', '9']","['tt2828996', 'tt4009460', 'tt4126568', 'tt1615918', 'tt1600195', 'tt4853102', 'tt0472181', 'tt3899796', 'tt2548208', 'tt0401729']",,9
157,tt2756032,"['7.5', '6.5', '5.0', '8.0', '7.5', '9.0', '6.0', '8.5', '4.0', '7.0', '9.0', '8.5', '7.0', '5.0', '8.5', '9.0', '8.0']","['tt1462769', 'tt1397514', 'tt2828996', 'tt1924273', 'tt1666801', 'tt1478964', 'tt1650043', 'tt4651520', 'tt1935929', 'tt5368354', 'tt2883512', 'tt3553442', 'tt1588173', 'tt4877122', 'tt2756032', 'tt1430607', 'tt2065968']", I chose this movie because it has an intriguing plot that promises to be both mysterious and thought-provoking. The idea of a troubled couple facing bizarre circumstances during their getaway piques my curiosity and makes me want to explore the story further.,14
158,tt1446714,"['7.5', '4.2', '8.9', '6.3', '7.2', '6.8', '8.2', '9.0', '8.7', '7.4']","['tt2231461', 'tt4831420', 'tt1825683', 'tt1397514', 'tt4788944', 'tt1698647', 'tt3922818', 'tt1446714', 'tt4547056', 'tt1620680']"," I chose this movie because it has a high rating of 9.0, indicating that it is highly regarded by viewers. Additionally, I am intrigued by the plot description, which involves exploring the existence of superior extraterrestrial species and uncovering enigmas in a mysterious structure. The combination of a high rating and an intriguing plot makes me want to watch this movie.",7
159,tt2548208,"['5', '1', '8', '3', '6', '7', '4', '2', '9', '8']","['tt2828996', 'tt4009460', 'tt4126568', 'tt1615918', 'tt1600195', 'tt4853102', 'tt0472181', 'tt3899796', 'tt2548208', 'tt0401729']"," I choose this movie because it received a rating of 9, which indicates that it is highly enjoyable and engaging. The plot description also suggests that it is a thrilling and suspenseful film, with elements of mystery and psychological games. I am intrigued by the idea of a detective using stories from a poker game to outsmart a dangerous captor.",8
160,tt1631867,"['7', '8', '6', '9', '5', '9', '7', '8', '9', '8', '10']","['tt3480796', 'tt3896198', 'tt1620680', 'tt1825683', 'tt2231461', 'tt3498820', 'tt5544384', 'tt3778644', 'tt2660888', 'tt1446714', 'tt1631867']"," The plot of the movie, involving a time loop and a relentless alien assault, sounds intriguing and action-packed. The concept of the protagonist gaining increasing skills with each repeated encounter adds an interesting twist to the story. Overall, the combination of a compelling plot and positive user rating makes ""Edge of Tomorrow"" my top choice.",10
161,tt1978532,"['4.5', '6.5', '7.2']","['tt0089538', 'tt1349482', 'tt1978532']", I choose this movie because it has a higher rating compared to the other options and the plot seems interesting.,2
162,tt1234721,"['4.5', '6.5', '7.2', '8.0', '9.2']","['tt0089538', 'tt1349482', 'tt1978532', 'tt2429074', 'tt1234721']"," I choose this movie because it has a high rating of 9.2, indicating that it is highly regarded by viewers. Additionally, the plot description of a man becoming a part-man, part-robot police officer and seeking justice intrigues me. I am interested in exploring the themes of technology, crime, and corruption portrayed in the movie.",4
163,tt0816711,"['5', '3', '2', '4', '4', '3', '4', '1', '5', '5', '3']","['tt4796122', 'tt2140423', 'tt2828996', 'tt4464394', 'tt4348012', 'tt3732950', 'tt4126568', 'tt3899796', 'tt4094724', 'tt0816711', 'tt1727776']"," I choose this movie because it offers a unique and intense take on the zombie genre. The plot of a former United Nations investigator traveling the world to find answers and save humanity from a mysterious infection sounds thrilling and engaging. Additionally, the high production value and Brad Pitt's performance add to the appeal of the film.",9
164,tt2379713,"['6.5', '7.2', '8.5', '6.8', '5.9', '7.6', '8.2', '7.9', '8.4', '9.0']","['tt1937133', 'tt2295196', 'tt3262342', 'tt2808986', 'tt2735292', 'tt1499658', 'tt3402236', 'tt6768578', 'tt2053463', 'tt2379713']"," I choose this movie because I am a fan of the James Bond franchise and enjoy the action-packed and thrilling nature of the films. Additionally, the plot of ""Spectre"" intrigues me with its exploration of Bond's past and the connection to the mysterious organization S.P.E.C.T.R.E. Overall, I am excited to watch this movie and see how the story unfolds.",9
165,tt1865505,"['7.5', '6.8', '7.2', '4.5', '3.2', '5.1', '8.2', '9.0', '6.5', '7.8', '9.5', '6.3', '7.0', '8.4', '9.2', '7.1', '8.0', '7.6']","['tt3231054', 'tt2452042', 'tt2100546', 'tt4009460', 'tt1935929', 'tt4877122', 'tt5184298', 'tt1430607', 'tt2235542', 'tt1402488', 'tt1865505', 'tt3416828', 'tt1429433', 'tt2112281', 'tt2096673', 'tt1216475', 'tt3874544', 'tt5480340']"," I choose this movie because it has a high rating of 9.5, indicating that it is highly regarded by viewers. Additionally, the plot description of a child on a journey to free fairy creatures trapped in the modern world sounds intriguing and magical.",10
166,tt4073952,"['8', '7', '6']","['tt4073952', 'tt2404425', 'tt1978532']",,0
167,tt3896198,"['2', '3', '1', '4', '1', '5', '4', '3', '5', '2', '3', '5']","['tt4464394', 'tt3922818', 'tt3899796', 'tt3778644', 'tt4831420', 'tt1446714', 'tt2231461', 'tt1397514', 'tt3896198', 'tt3480796', 'tt1815862', 'tt3498820']"," 2"" with imdbID tt3896198. I choose this movie because I enjoyed the first installment and I am a fan of the Marvel Cinematic Universe. The plot of the movie, involving the Guardians teaming up to face a new threat, sounds exciting and I am interested to see how the characters' relationships develop further. Additionally, the humor and action in the first movie were very entertaining, so I expect the sequel to be just as",8
168,tt1682180,"['7.5', '8.2', '8.7', '7.8', '9.2', '8.5', '8.3', '9.0', '8.8', '8.6', '7.9']","['tt1742044', 'tt1216491', 'tt2404425', 'tt3553442', 'tt1855199', 'tt1600196', 'tt2053463', 'tt1682180', 'tt1714915', 'tt3205376', 'tt2076220']"," I choose this movie because it has a high rating of 9.0 and the plot description intrigues me. The mysterious and dark nature of the story, along with the strong performances by the cast, make me curious to watch and unravel the secrets within the film.",7
169,tt2962876,"['8', '7', '6', '9']","['tt4073952', 'tt2404425', 'tt1978532', 'tt2962876']", I choose this movie because it has a unique and compelling plot that explores the lives of individuals with different mental health conditions. The journey of the characters and their road trip to deliver the ashes of Vincent's mother to the ocean seems like an emotional and transformative experience.,3
170,tt2802144,"['8', '7', '6', '5', '9', '10', '4', '7', '9', '6', '3']","['tt4116284', 'tt2267968', 'tt1496025', 'tt1428538', 'tt1232829', 'tt2802144', 'tt2381991', 'tt2347134', 'tt5607028', 'tt1397514', 'tt4464394']"," I choose this movie because it has a rating of 10, which indicates that it is highly regarded. Additionally, the plot description of a secret organization, action, and Colin Firth's involvement piques my interest.",5
171,tt0816692,"['8', '7', '6', '9', '10', '5', '7', '8', '9', '7', '10', '9', '6', '6', '8']","['tt4073952', 'tt2404425', 'tt1978532', 'tt2962876', 'tt1677561', 'tt1349482', 'tt2429074', 'tt1837709', 'tt1234721', 'tt2493486', 'tt0816692', 'tt0114709', 'tt4299972', 'tt2548208', 'tt2172934']"," I choose this movie because I am intrigued by the concept of interstellar travel and the exploration of new worlds. The plot of Earth's future being threatened by disasters and the need for humanity to find a new home resonates with me. Additionally, the idea of a newly discovered wormhole and the challenges faced by the astronauts on their mission captivate my interest.",10
172,tt2962876,"['8', '7', '6', '9']","['tt4073952', 'tt2404425', 'tt1978532', 'tt2962876']"," I choose this movie because it has a unique and compelling plot that explores the struggles and journeys of individuals with different mental health conditions. The idea of a road trip and the emotional depth of the story intrigue me, making me want to watch and experience the characters' transformative journey.",3
173,tt1588173,"['7', '6', '8', '9', '8', '7', '9', '4', '7', '3']","['tt2883512', 'tt1650043', 'tt1666801', 'tt1588173', 'tt1478964', 'tt3553442', 'tt1430607', 'tt4877122', 'tt2546038', 'tt1935929']", I choose this movie because I am intrigued by the concept of a zombie regaining his humanity and forming a warm relationship with a human. The idea of love transcending boundaries and the potential for a better world being created through understanding and connection is appealing to me.,3
174,tt4073952,"['8', '7', '6']","['tt4073952', 'tt2404425', 'tt1978532']", I choose this movie because I enjoy watching stand-up comedy and the plot description suggests that it offers a fresh and funny perspective on the struggles between men and women.,0
175,tt4073952,"['8', '7', '6']","['tt4073952', 'tt2404425', 'tt1978532']",,0
176,tt1397514,"['7', '6', '3', '8', '9', '7', '9', '5', '4', '2', '1', '8', '6', '3', '9', '7', '8']","['tt1588173', 'tt1462769', 'tt4877122', 'tt1430607', 'tt1924273', 'tt3553442', 'tt2883512', 'tt1650043', 'tt5368354', 'tt2828996', 'tt4009460', 'tt1666801', 'tt1397514', 'tt1935929', 'tt1478964', 'tt2756032', 'tt2546038']"," I choose this movie because I enjoy adventure films and the idea of exploring a mysterious island sounds intriguing. Additionally, the presence of Dwayne ""The Rock"" Johnson in the cast adds to my interest in watching this movie.",12
177,tt2053425,"['7', '6', '8', '9', '7', '8', '9', '8', '7', '9', '6']","['tt5129510', 'tt5555502', 'tt1091191', 'tt2025690', 'tt2094064', 'tt2042568', 'tt2053425', 'tt2347134', 'tt3231054', 'tt1430607', 'tt3832914']"," I choose this movie because it has a compelling plot that explores themes of resilience, love, and overcoming adversity. The story of a lonely and destitute man finding hope and connection with a woman who has experienced a tragic accident resonates with me. Additionally, the performances and direction in ""Rust and Bone"" have received critical acclaim, further piquing my interest in watching this film.",6
178,tt4073952,"['8', '7', '6']","['tt4073952', 'tt2404425', 'tt1978532']",,0
179,tt0905372,"['7.5', '6.8', '5.2', '8.2', '7.6', '8.4', '9.0', '7.3', '8.7', '9.2', '6.5']","['tt1714915', 'tt3705412', 'tt3201722', 'tt3067274', 'tt3487994', 'tt4094724', 'tt0905372', 'tt3099498', 'tt1596365', 'tt1441395', 'tt4796122']"," I chose this movie because I am a fan of science fiction and horror genres, and ""The Thing"" combines both elements in a thrilling and suspenseful way. The plot of discovering an alien spacecraft and the subsequent infection and transformation of the characters is intriguing to me. Additionally, the high rating of 9.0 indicates that it is a well-regarded film in its genre, further piquing my interest.",6
180,tt2802144,"['6.5', '7.2', '8.0', '7.8', '8.5', '9.2', '7.9', '7.6', '8.3', '9.0']","['tt1937133', 'tt0825283', 'tt2458106', 'tt2808986', 'tt2027128', 'tt4116284', 'tt1496025', 'tt1428538', 'tt1618442', 'tt2802144']"," I choose this movie because it has a high rating and the plot seems intriguing with a mix of action, suspense, and a secret organization. The presence of talented actors like Colin Firth and Samuel L. Jackson also adds to my interest in watching this film.",9
181,tt1223236,"['6.5', '7.5', '8.0', '7.0', '8.5', '9.0', '8.0', '7.5', '9.0', '8.5', '9.0']","['tt2125666', 'tt5359048', 'tt3270538', 'tt1559038', 'tt1223236', 'tt1714917', 'tt1417592', 'tt1605782', 'tt2304915', 'tt1942884', 'tt1091863']"," I choose this movie because I am intrigued by the story of the majestic kings of the savanna and the real-life love, humor, and determination captured in the film. The backdrop of one of the wildest places on Earth adds to the appeal, and the narration by Samuel L. Jackson adds an extra layer of excitement.",4
182,tt4116284,"['6.5', '7.5', '6.0', '5.5', '6.0', '7.0', '8.0', '9.0', '8.5', '9.0', '7.5']","['tt1815862', 'tt2347134', 'tt2381991', 'tt4464394', 'tt2379386', 'tt4651410', 'tt1397514', 'tt5607028', 'tt3247714', 'tt4116284', 'tt1496025']","0 and it seems to be a fun and entertaining movie. Additionally, I enjoy animated films and the concept of Batman teaming up with others and learning to lighten up sounds intriguing.",9
183,tt1234721,"['3.5', '2.5', '4.0', '3.8', '4.5']","['tt0089538', 'tt1349482', 'tt1978532', 'tt2429074', 'tt1234721']"," I choose this movie because it has a high rating of 4.5, indicating that it is likely to be enjoyable and well-received. Additionally, the plot description of a futuristic world with a blend of action, technology, and a man seeking justice intrigues me.",4
184,tt1978532,"['3.5', '2.5', '4.0']","['tt0089538', 'tt1349482', 'tt1978532']", I choose this movie because it seems to have an interesting and comedic plot about friends trying to find a wife for their socially inappropriate friend. The idea of their plan backfiring when he meets someone just like him adds an intriguing twist to the story.,2
185,tt2091935,"['6.5', '7.2', '8.3', '6.8', '5.9']","['tt1210819', 'tt1937133', 'tt2091935', 'tt1715873', 'tt1540128']"," Right"" with the imdbID tt2091935. I choose this movie because the plot seems intriguing and unique. The idea of a woman falling for a former hit-man and their relationship being tested by his dark past sounds like it would make for an exciting and suspenseful watch.",2
186,tt1430607,"['7.5', '6.8', '8.2', '7.9', '6.5', '8.4', '9.0', '7.7', '6.9', '7.2', '8.6', '5.3', '4.1', '5.0', '8.8', '7.2', '8.5']","['tt2065968', 'tt1924273', 'tt2756032', 'tt1462769', 'tt5368354', 'tt1588173', 'tt1478964', 'tt3553442', 'tt1666801', 'tt1650043', 'tt2883512', 'tt2828996', 'tt4009460', 'tt4877122', 'tt1430607', 'tt1397514', 'tt2546038']", I choose this movie because it has a high rating of 8.8 and the plot seems intriguing. The idea of exploring the behind-the-scenes operation of Santa Claus delivering presents and the focus on family dynamics and an unlikely hero makes it an appealing choice.,14
187,tt1865505,"['6.5', '7.2', '6.8', '7.4', '8.2', '9.5', '7.9', '8.3', '9.7', '8.6', '7.3', '8.1', '9.2', '8.8', '5.2', '7.9', ""I'm sorry, but I cannot provide a rating for that movie."", '6.2']","['tt2235542', 'tt5184298', 'tt1429433', 'tt5480340', 'tt1402488', 'tt2096673', 'tt3874544', 'tt2112281', 'tt1865505', 'tt1302011', 'tt2100546', 'tt1216475', 'tt1430607', 'tt2452042', 'tt4877122', 'tt3231054', 'tt4009460', 'tt1935929']"," I choose this movie because it has a high rating of 9.7, indicating that it is highly regarded by viewers. Additionally, the plot description of a child on a journey to free fairy creatures trapped in the modern world sounds intriguing and magical.",8
188,tt3899796,"['7.5', '8.2', '6.9', '8.0', '9.2', '6.3', '4.2', '7.1', '8.5', '5.8', '6.7', '7.4', '6.8']","['tt2231461', 'tt1446714', 'tt1620680', 'tt3778644', 'tt3896198', 'tt1397514', 'tt3899796', 'tt1815862', 'tt3922818', 'tt4464394', 'tt3480796', 'tt1698647', 'tt2808986']"," 2"" with the imdbID tt3899796. I choose this movie because it has a high rating of 9.2, indicating that it is highly regarded by viewers. Additionally, I am a fan of the first Guardians of the Galaxy movie and I enjoy the humor, action, and unique characters in the franchise.",6
189,tt0816711,"['7.5', '6.5', '8.0', '9.0', '7.0', '7.5', '8.5', '8.0', '7.5', '6.0', '6.5']","['tt4094724', 'tt1727776', 'tt3099498', 'tt0816711', 'tt1596365', 'tt2581244', 'tt1441395', 'tt0905372', 'tt4348012', 'tt2140423', 'tt2274570']"," I choose this movie because I am intrigued by the concept of a global zombie apocalypse and the protagonist's mission to find answers and save humanity. The plot seems intense and action-packed, which appeals to my preference for thrilling movies.",3
190,tt4348012,"['7', '4', '6', '3', '8', '9', '5', '9', '7', '6', '2']","['tt4831420', 'tt2828996', 'tt4464394', 'tt4796122', 'tt3732950', 'tt1727776', 'tt2274570', 'tt4348012', 'tt2140423', 'tt4126568', 'tt3899796']", I rate it a 9 because the plot of a virus infecting a corporate law office and causing people to act out their wildest impulses sounds intriguing and intense. The idea of our hero fighting for his job and life in a quarantined building adds to the suspense. It seems like a thrilling and action-packed movie that would keep me on the edge of my seat.,7
191,tt2429074,"['4.5', '6.5', '7.2', '8.0']","['tt0089538', 'tt1349482', 'tt1978532', 'tt2429074']",B.F. I choose this movie because it has a high rating and the plot seems interesting. The idea of social warfare and the exploration of friendship and identity intrigues me.,3
192,tt1978532,"['3.5', '2.5', '4.0']","['tt0089538', 'tt1349482', 'tt1978532']", I choose this movie because it seems to have an interesting and comedic plot about friends trying to find a wife for their socially inappropriate friend. The idea of their plan backfiring when he meets someone just like him adds an intriguing twist to the story.,2
193,tt1430607,"['8', '6', '9', '2', '3', '7', '4', '10', '1', '8']","['tt2546038', 'tt1397514', 'tt1478964', 'tt4009460', 'tt4877122', 'tt3553442', 'tt1935929', 'tt1430607', 'tt2828996', 'tt1715873']"," I choose this movie because it has a rating of 10, which indicates that it is highly enjoyable. Additionally, the plot description intrigues me as it offers a unique perspective on how Santa delivers presents and promises a heartwarming story about family and an unlikely hero.",7
194,tt1397514,"['6.5', '7.2', '8.0', '7.8', '8.2', '7.5', '9.0', '8.5', '5.2', '6.8', '8.4', '4.2', '5.6', '9.2', '7.6', '8.3', '6.7']","['tt1650043', 'tt3553442', 'tt4651520', 'tt1478964', 'tt1588173', 'tt1666801', 'tt2883512', 'tt2546038', 'tt1935929', 'tt1397514', 'tt1430607', 'tt4877122', 'tt2828996', 'tt2065968', 'tt1924273', 'tt2756032', 'tt5368354']"," I chose this movie because I enjoy adventure films and the plot of exploring a mysterious island intrigued me. Additionally, the presence of Dwayne ""The Rock"" Johnson in the cast adds to my interest in watching this movie.",9
195,tt1430607,"['2.5', '3.5', '1.5', '4.5', '1.0', '2.0', '4.0', '4.5', '4.0', '3.5']","['tt4877122', 'tt1397514', 'tt2828996', 'tt1430607', 'tt4009460', 'tt1935929', 'tt2546038', 'tt3553442', 'tt1478964', 'tt1715873']"," I chose this movie because it has a high rating of 4.5 and the plot seems interesting and unique. The idea of exploring the behind-the-scenes operation of Santa Claus delivering presents is intriguing, and the focus on family and an unlikely hero adds depth to the story.",3
196,tt1430607,"['6.5', '4.2', '7.8', '5.3', '6.9', '8.2', '9.0', '3.7', '2.1', '5.6']","['tt1243974', 'tt2828996', 'tt1798603', 'tt4877122', 'tt1397514', 'tt2546038', 'tt1430607', 'tt1935929', 'tt4009460', 'tt4126340']"," I chose this movie because it has a high rating of 9.0, indicating that it is well-received by viewers. The plot description also sounds interesting, as it offers a unique and imaginative take on how Santa delivers presents. Additionally, the focus on family dynamics and the character of Arthur as an unlikely hero adds depth to the story. Overall, it seems like a heartwarming and entertaining Christmas movie.",6
197,tt4116284,"['6.5', '7.2', '6.8', '8.0', '7.5', '7.0', '8.2', '7.8', '8.5', '8.0', '7.3', '7.6', '8.4']","['tt1937133', 'tt2458106', 'tt0825283', 'tt2027128', 'tt2808986', 'tt1428538', 'tt0803096', 'tt1618442', 'tt1232829', 'tt2267968', 'tt1496025', 'tt1502404', 'tt4116284']"," I choose this movie because it has a high rating and the plot seems interesting. Additionally, I enjoy animated movies and the idea of Batman teaming up with others and learning to lighten up sounds entertaining.",12
198,tt1924273,"['7', '6', '5', '8', '9', '10', '7', '8', '6', '4', '9', '7', '9', ""I'm sorry, but I cannot provide a rating for that movie."", '3', '2', '8', '5']","['tt2756032', 'tt2065968', 'tt5368354', 'tt1924273', 'tt1462769', 'tt2883512', 'tt1588173', 'tt3553442', 'tt1666801', 'tt1650043', 'tt1478964', 'tt1397514', 'tt1430607', 'tt4009460', 'tt1935929', 'tt4126340', 'tt2546038', 'tt4877122']"," I rate it 8. I choose this movie because the plot seems unique and intriguing. The combination of ""The Sixth Sense"" and ""The Breakfast Club"" elements caught my attention, and I am curious to see how the story unfolds with a teacher who can see and interact with student poltergeists.",3
199,tt4831420,"['5', '2', '3', '2', '4', '3', '2', '4', '3', '3', '5']","['tt4831420', 'tt2828996', 'tt4464394', 'tt4796122', 'tt3732950', 'tt1727776', 'tt2274570', 'tt4348012', 'tt2140423', 'tt4126568', 'tt3899796']"," I chose this movie because I enjoy the over-the-top and ridiculous nature of the Sharknado series. The combination of sharks, tornadoes, and cheesy dialogue makes for a fun and entertaining experience.",0
200,tt2962876,"['8', '7', '6', '9', '8']","['tt4073952', 'tt2404425', 'tt1978532', 'tt2962876', 'tt1677561']"," I choose this movie because the plot seems intriguing and unique, focusing on characters with different mental health conditions and their journey together. The idea of a road trip and the exploration of themes such as love, friendship, and personal growth make it an interesting choice for me.",3
201,tt1727776,"['6', '4', '2', '8', '3', '7', '5', '4', '6', '9', '3']","['tt4348012', 'tt4796122', 'tt4831420', 'tt2140423', 'tt3899796', 'tt2274570', 'tt4126568', 'tt3732950', 'tt4464394', 'tt1727776', 'tt2828996']"," I rate it 9 because I enjoy movies that combine comedy and horror elements, and the plot of teenagers fighting against zombies sounds entertaining and thrilling. Additionally, the idea of scouts using their skills to survive adds an interesting twist to the story.",9
202,tt2065968,"['7', '6', '5', '8', '9', '8', '7', '9', '6', '8', '7', '4', '6', '9', '5', '9']","['tt1462769', 'tt1924273', 'tt5368354', 'tt2065968', 'tt2756032', 'tt2883512', 'tt3553442', 'tt1478964', 'tt1666801', 'tt1588173', 'tt1650043', 'tt4877122', 'tt1397514', 'tt2546038', 'tt2828996', 'tt1430607']"," I choose this movie because I am a fan of the ""How to Train Your Dragon"" franchise and I enjoy the fantasy and adventure elements of the series. Additionally, the plot of this particular movie, where the dragons mysteriously disappear and Hiccup embarks on a journey to bring them back, sounds intriguing and exciting to me.",3
203,tt1430607,"['7', '6', '8', '5', '9', '8', '9', '7', '8', '9', '6', '4', '7', '3', '6', '8', '9\n\nReason: I would like to watch ""Arthur Christmas"" because it offers a unique and imaginative take on the story of Santa Claus. The idea of a high-tech operation hidden beneath the North Pole is intriguing, and the focus on family dynamics adds depth to the story. Additionally, the urgent mission that Arthur must complete before Christmas morning creates a sense of excitement and adventure. Overall, I believe ""Arthur Christmas"" would be an enjoyable and heartwarming holiday movie to watch.', '2', '1']","['tt2065968', 'tt1924273', 'tt1462769', 'tt5368354', 'tt2756032', 'tt1588173', 'tt2883512', 'tt1666801', 'tt1478964', 'tt3553442', 'tt1243974', 'tt2828996', 'tt1798603', 'tt4877122', 'tt1397514', 'tt2546038', 'tt1430607', 'tt1935929', 'tt4009460']"," I chose this movie because it offers a unique and imaginative take on the story of Santa Claus. The concept of a high-tech operation hidden beneath the North Pole is intriguing, and the focus on family dynamics adds depth to the story. The urgent mission that Arthur must complete before Christmas morning creates a sense of excitement and adventure. Overall, ""Arthur Christmas"" promises to be an enjoyable and heartwarming holiday movie.",16
204,tt2962876,"['8', '7', '6', '9', '8', '5', '7']","['tt4073952', 'tt2404425', 'tt1978532', 'tt2962876', 'tt1677561', 'tt1349482', 'tt2429074']"," I rate it 9 because the plot seems intriguing and unique, dealing with important themes such as mental health and personal growth. The idea of a road trip and the characters' journey towards self-discovery and acceptance is something that resonates with me.",3
205,tt3553442,"['7', '6', '8', '9', '8', '7', '6', '9', '5', '7']","['tt5368354', 'tt1478964', 'tt1588173', 'tt2065968', 'tt1430607', 'tt1715873', 'tt2546038', 'tt3553442', 'tt1650043', 'tt1924273']", I choose this movie because it has a high rating of 9 and the plot seems intriguing. The story follows a news copywriter who decides to work as an on-camera reporter in war-torn Afghanistan. It explores the challenges she faces both professionally and personally in a dangerous and unfamiliar environment. I am interested in watching this movie because it offers a unique perspective on journalism and the impact of war on individuals.,7
206,tt2962876,"['8', '7', '6', '9', '8', '5', '7', '9', '8', '7']","['tt4073952', 'tt2404425', 'tt1978532', 'tt2962876', 'tt1677561', 'tt1349482', 'tt2429074', 'tt1837709', 'tt1234721', 'tt2493486']"," I choose this movie because the plot seems intriguing and unique, focusing on a young man with Tourette Syndrome and his journey of self-discovery. The combination of the road trip element and the exploration of mental health issues makes it a compelling choice for me.",3
207,tt2380307,"['8.', '7.', '9.', '9.5.', '8.5.', '6.5.', '8.5.', '7.5.', '6.', '4.']","['tt1302011', 'tt2293640', 'tt2380307', 'tt3521164', 'tt1623288', 'tt0377981', 'tt1690953', 'tt1430626', 'tt1691917', 'tt4877122']"," I choose this movie because it has a high rating of 9 and the plot seems intriguing. The idea of a young boy embarking on a journey to uncover his family's history and the connection to music in a vibrant and colorful world of the dead sounds captivating. I am also interested in the incorporation of Polynesian mythology in the story. Overall, ""Coco"" seems like a heartfelt and visually stunning film that I",2
208,tt2802144,"['7', '6', '8', '9', '5', '8', '10']","['tt1496025', 'tt4853102', 'tt4116284', 'tt2267968', 'tt1618442', 'tt1232829', 'tt2802144']"," I choose this movie because it has a rating of 10, indicating that it is highly regarded. Additionally, the plot description intrigues me with its mix of action, mystery, and secret organizations.",6
209,tt1430607,"['7', '6', '5', '8', '9', '10', '7', '8', '6', '4', '9', '7', '9']","['tt2756032', 'tt2065968', 'tt5368354', 'tt1924273', 'tt1462769', 'tt2883512', 'tt1588173', 'tt3553442', 'tt1666801', 'tt1650043', 'tt1478964', 'tt1397514', 'tt1430607']"," I choose this movie because it offers a unique and imaginative take on the story of Santa Claus and Christmas. The plot about a dysfunctional family and an unlikely hero adds depth and relatability to the story. Additionally, the idea of a high-tech operation hidden beneath the North Pole is intriguing. Overall, ""Arthur Christmas"" promises to be an entertaining and heartwarming holiday film.",12
210,tt3899796,"['5', '2', '3', '2', '4', '7', '6', '8', '9', '7', '5']","['tt4831420', 'tt2828996', 'tt4464394', 'tt4796122', 'tt3732950', 'tt1727776', 'tt2274570', 'tt4348012', 'tt2140423', 'tt4126568', 'tt3899796']",,10
211,tt1650062,"['7.5', '6.5', '5.5', '8.0', '7.0', '6.5', '8.5', '7.0', '8.0', '9.0']","['tt2048770', 'tt2044801', 'tt3181822', 'tt1658837', 'tt1712170', 'tt1829012', 'tt1837709', 'tt1957938', 'tt5173032', 'tt1650062']", I choose this movie because it has a high rating and the plot seems intriguing with a mix of mystery and suspense. The idea of a group of friends witnessing a train crash and uncovering a terrifying truth piques my curiosity.,9
212,tt1441395,"['6.5', '7.2', '8.5', '4.2', '7.8', '9.2']","['tt3067274', 'tt3487994', 'tt1714915', 'tt3201722', 'tt3705412', 'tt1441395']", I choose this movie because it has a high rating and the plot seems intriguing and unique. The idea of an alien entity discovering its humanity and the consequences that come with it sounds fascinating.,5
213,tt1631867,"['4.5', '8.5', '6.5', '9.0', '7.0', '9.5']","['tt0089538', 'tt1631867', 'tt1349482', 'tt4299972', 'tt1978532', 'tt0114709']", I choose this movie because it has a high rating of 8.5 and the plot of a time loop and fighting against aliens sounds intriguing and action-packed.,1
214,tt4348012,"['5', '3', '7', '4', '6', '8', '2', '1', '9', '10', '7']","['tt4796122', 'tt2140423', 'tt2274570', 'tt2828996', 'tt3732950', 'tt4126568', 'tt3899796', 'tt4831420', 'tt4464394', 'tt4348012', 'tt1727776']"," I choose this movie because it has a unique and intriguing plot about a virus that causes people to act out their wildest impulses. The idea of being trapped in a quarantined building and having to fight for survival is thrilling and intense. Additionally, the concept of a corporate law office being infected adds an interesting twist to the story. Overall, ""Mayhem"" promises to be an exciting and action-packed movie experience.",9
215,tt2429074,"['4.5', '6.5', '7.2', '8.0']","['tt0089538', 'tt1349482', 'tt1978532', 'tt2429074']",B.F. I choose this movie because it has a high rating and the plot seems interesting. The idea of social warfare and the exploration of friendship and identity intrigues me.,3
216,tt1825683,"['7.5', '6.5', '5.0', '8.0', '6.0', '8.5', '7.0', '8.5', '9.0']","['tt3922818', 'tt1397514', 'tt2404233', 'tt5607028', 'tt1815862', 'tt1192628', 'tt1355638', 'tt1840309', 'tt1825683']"," I choose this movie because it has a high rating and the plot seems intriguing. The concept of a technologically advanced African nation and the conflict within Wakanda caught my attention. Additionally, the inclusion of superhero elements and the potential for action and adventure make it an appealing choice.",8
217,tt2548208,"['2', '1', '7', '3', '4', '8', '6', '2', '9', '7']","['tt2828996', 'tt4009460', 'tt4126568', 'tt1615918', 'tt1600195', 'tt4853102', 'tt0472181', 'tt3899796', 'tt2548208', 'tt0401729']"," I choose this movie because it has a high rating of 9, indicating that it is likely to be a well-made and enjoyable film. The plot description also intrigues me, as it combines elements of detective work, psychological suspense, and a twist ending. I am drawn to movies that keep me guessing and provide thrilling storytelling, and ""Poker Night"" seems to offer that.",8
218,tt1234721,"['4.5', '6.5', '7.2', '8.0', '9.2']","['tt0089538', 'tt1349482', 'tt1978532', 'tt2429074', 'tt1234721']",,4
219,tt1397514,"['6', '7', '3', '2', '8', '4', '5', '9', '7', '3']","['tt1588173', 'tt2883512', 'tt4126340', 'tt4009460', 'tt1397514', 'tt2828996', 'tt4877122', 'tt1430607', 'tt2546038', 'tt1935929']"," I give it a rating of 8. I choose this movie because I enjoy adventure and mystery films, and the plot of this movie seems intriguing. The idea of exploring a mysterious island and uncovering secrets left by Jules Verne is appealing to me. Additionally, the presence of Dwayne ""The Rock"" Johnson adds to the excitement and entertainment value.",4
220,tt1478964,"['7.5', '6.5', '5.0', '8.0', '7.5', '9.0', '6.0', '8.5', '4.0', '7.0']","['tt1462769', 'tt1397514', 'tt2828996', 'tt1924273', 'tt1666801', 'tt1478964', 'tt1650043', 'tt4651520', 'tt1935929', 'tt5368354']"," I choose this movie because it combines elements of action, comedy, and science fiction, which I find appealing. The plot of a group of unlikely allies defending their neighborhood against savage alien creatures sounds exciting and entertaining. Additionally, the high rating of 9.0 suggests that it is a well-received film, further piquing my interest.",5
221,tt1825683,"['7.5', '8.5', '9.0']","['tt2231461', 'tt1631867', 'tt1825683']"," I choose this movie because it has a high rating and the plot seems intriguing. The idea of a technologically advanced African nation and the conflict within Wakanda caught my attention. Additionally, the inclusion of political intrigue and the need to prevent Wakanda from being dragged into a world war adds an extra layer of excitement to the story.",2
222,tt5607028,"['6.5', '7.2', '8.3', '8.7', '7.8', '6.2', '6.8', '5.4', '8.1', '9.2', '7.6', '8.4', '7.2', '6.7']","['tt1509767', 'tt0401729', 'tt1192628', 'tt1840309', 'tt1355638', 'tt1815862', 'tt1397514', 'tt2404233', 'tt3922818', 'tt5607028', 'tt1698647', 'tt2017561', 'tt5480340', 'tt1429433']"," I chose this movie because I am intrigued by the concept of alchemy in a reality where it is highly developed and respected. The plot of the Elric brothers' journey to find the philosopher's stone and restore their bodies sounds captivating and full of adventure. Additionally, the high rating of 9.2 suggests that it is well-received by viewers, further piquing my interest in watching it.",9
223,tt1430607,"['7.5', '8.2', '6.9', '8.6', '7.3', '7.1', '8.4', '8.1', '5.2', '6.3', '4.7', '8.5', '3.2', '4.1']","['tt3553442', 'tt1478964', 'tt1715873', 'tt2883512', 'tt1666801', 'tt1650043', 'tt4651520', 'tt1588173', 'tt4877122', 'tt1397514', 'tt2828996', 'tt1430607', 'tt4009460', 'tt1935929']"," I choose this movie because it has a high rating of 8.5 and the plot seems interesting, offering a unique and imaginative take on the question of how Santa delivers presents in one night. Additionally, the focus on family and the mission of the unlikely hero, Arthur, adds depth to the story.",11
224,tt2278388,"['4.5', '8.5', '6.5', '9.0', '7.0', '9.5', '7.0', '9.0', '8.0']","['tt0089538', 'tt1631867', 'tt1349482', 'tt4299972', 'tt1978532', 'tt0114709', 'tt2429074', 'tt2278388', 'tt1234721']", I choose this movie because it has a high rating of 9.0 and the plot description intrigues me. The adventures of M. Gustave and Zero Moustafa in a famous European hotel during a changing continent sound fascinating and I am interested to see how the story unfolds.,7
225,tt1201607,"['7.5', '6.5', '8.0', '7.0', '6.0', '8.5', '7.0', '7.5', '8.0', '9.5', '8.0']","['tt5607028', 'tt2404233', 'tt3922818', 'tt1397514', 'tt1815862', 'tt1840309', 'tt1618442', 'tt1355638', 'tt1509767', 'tt1201607', 'tt1192628']"," I choose this movie because I am a fan of the Harry Potter series and have been following the story since the beginning. I am excited to see how the final installment concludes the epic battle between Harry and Voldemort, and how all the loose ends are tied up. The rating of 9.5 also indicates that it is highly regarded, which further piques my interest.",9
226,tt2025690,"['3.5', '4.0', '3.8', '4.2', '4.5', '3.2', '4.8', '4.3', '3.7', '4.7']","['tt4126568', 'tt2134170', 'tt1886493', 'tt3480796', 'tt3247714', 'tt3181822', 'tt1829012', 'tt5254868', 'tt3732950', 'tt2025690']"," I choose this movie because it tells a gripping and heroic true story of a daring rescue mission in treacherous conditions. The plot of the movie, involving a small group of Coast Guard members risking their lives to save stranded sailors, is both thrilling and inspiring. The intense action and the theme of bravery in the face of adversity make it a compelling choice for me.",9
227,tt3896198,"['6.5', '4.2', '7.8', '5.2', '6.3', '7.1', '4.8', '8.2', '6.7', '9.0', '8.5', '8.7', '7.9']","['tt3480796', 'tt3899796', 'tt3922818', 'tt4464394', 'tt1397514', 'tt1267299', 'tt4831420', 'tt5487524', 'tt1815862', 'tt1825683', 'tt3498820', 'tt3896198', 'tt1446714']"," 2"" with the imdbID tt3896198. I choose this movie because it has a high rating of 8.7, indicating that it is well-received by viewers. Additionally, I am drawn to the plot description which promises a continuation of the exciting adventures of the Guardians of the Galaxy team, with new allies and a formidable new threat. The combination of action, humor, and a compelling storyline makes me eager to watch this movie",11
228,tt2278388,"['4.5', '8.5', '6.5', '9.0', '7.0', '9.5', '7.0', '9.0', '8.0']","['tt0089538', 'tt1631867', 'tt1349482', 'tt4299972', 'tt1978532', 'tt0114709', 'tt2429074', 'tt2278388', 'tt1234721']", I choose this movie because it has a high rating of 9.0 and the plot description intrigues me. The adventures of M. Gustave and Zero Moustafa in a famous European hotel during a changing continent sound fascinating and I am interested in seeing how the story unfolds.,7
229,tt0970179,"['7.5', '6.8', '4.2', '8.2', '3.6', '7.1', '8.4', '9.0', '2.1', '5.3', '7.8', '6.5', '9.2', '7.6', '9.5', '7.2', '8.9', '8.3', '7.0', '6.2', '7.4', '5.8']","['tt1430607', 'tt2452042', 'tt4877122', 'tt3231054', 'tt1935929', 'tt3416828', 'tt2865120', 'tt3411444', 'tt4009460', 'tt4592572', 'tt2100546', 'tt1216475', 'tt2096673', 'tt2112281', 'tt0970179', 'tt3874544', 'tt1865505', 'tt1302011', 'tt1402488', 'tt2235542', 'tt5184298', 'tt1429433']"," I chose this movie because it has a high rating of 9.5 and the plot seems intriguing, involving a young orphan boy, a mysterious automaton, and a connection to the past. The story promises adventure, discovery, and a touch of magic, which makes it an appealing choice for me.",14
230,tt1462769,"['7.5', '6.5', '8.0', '9.0', '8.5', '7.0', '8.5', '5.0', '9.0', '4.0', '3.0', '6.5', '5.0', '7.0', '4.5', '8.0', '6.5', '7.5', '8.0']","['tt2883512', 'tt1650043', 'tt1666801', 'tt1588173', 'tt1478964', 'tt3553442', 'tt1430607', 'tt4877122', 'tt2546038', 'tt1935929', 'tt4009460', 'tt1798603', 'tt2828996', 'tt1397514', 'tt4126340', 'tt1243974', 'tt5368354', 'tt1924273', 'tt1462769']"," I choose this movie because it has an intriguing and heartwarming plot about a couple who unexpectedly becomes parents to a unique child. The concept of a child with leaves growing from his ankles adds a touch of magic and mystery to the story. Additionally, the movie explores themes of parenthood, family, and the power of love.",18
231,tt0816692,"['4.5', '6.5', '7.2', '8.0', '9.2', '8.8', '7.5', '6.8', '8.3', '9.0', '9.5', '8.7', '9.2', '9.8', '10.0', '9.5', '10.0']","['tt0089538', 'tt1349482', 'tt1978532', 'tt2429074', 'tt1234721', 'tt1837709', 'tt2172934', 'tt2548208', 'tt2493486', 'tt4073952', 'tt2962876', 'tt4324274', 'tt2404425', 'tt1677561', 'tt0816692', 'tt2278388', 'tt0114709']"," I choose this movie because it explores the concept of interstellar travel and the survival of humanity in a future plagued by disasters. The plot is intriguing and the film has received critical acclaim for its visuals, storytelling, and scientific accuracy. I am particularly interested in the exploration of space and the unknown, making ""Interstellar"" a compelling choice for me.",14
232,tt1978532,"['4.5', '6.5', '7.2']","['tt0089538', 'tt1349482', 'tt1978532']", I choose this movie because it seems to have an interesting and comedic plot about friends trying to find a wife for their socially inappropriate friend. The idea of their plan backfiring when he meets someone just like him adds an intriguing twist.,2
233,tt3327994,"['7', '6', '8', '9']","['tt5184298', 'tt2494362', 'tt5555502', 'tt3327994']",,3
234,tt2802144,"['8', '6', '7', '9', '10', '8', '7', '9', '5', '8', '6', '4', '3', '6']","['tt4116284', 'tt1496025', 'tt1428538', 'tt1618442', 'tt2802144', 'tt2267968', 'tt1232829', 'tt4853102', 'tt1815862', 'tt2347134', 'tt2381991', 'tt4464394', 'tt2379386', 'tt4651410']"," I choose this movie because it has a rating of 10, indicating that it is highly regarded. Additionally, the plot description of secret organizations, spies, and epic battles intrigues me.",4
235,tt1441395,"['1', '3', '2', '1', '4', '1', '3', '4', '5', '3', '2', '5', '4', '2', '1', '3']","['tt3899796', 'tt3732950', 'tt2140423', 'tt3099498', 'tt0905372', 'tt3201722', 'tt4126568', 'tt3705412', 'tt1441395', 'tt4094724', 'tt4796122', 'tt1714915', 'tt1596365', 'tt4464394', 'tt2828996', 'tt3067274']",,8
236,tt2883512,"['7', '6', '8', '9', '7', '5', '9', '6', '3']","['tt1650043', 'tt3553442', 'tt4651520', 'tt1478964', 'tt1588173', 'tt1666801', 'tt2883512', 'tt2546038', 'tt1935929']"," I choose this movie because it has a high rating of 9 and the plot seems interesting, focusing on a chef's journey to rediscover his passion for cooking. The idea of a road trip across America with a food truck also adds an element of adventure to the story. Overall, it seems like a heartwarming and enjoyable film.",6
237,tt0816692,"['8', '7', '6', '9', '10', '5', '7', '8', '9', '7', '10', '9', '8', '6', '7', '10', '9', '4']","['tt4073952', 'tt2404425', 'tt1978532', 'tt2962876', 'tt1677561', 'tt1349482', 'tt2429074', 'tt1837709', 'tt1234721', 'tt2493486', 'tt0816692', 'tt0114709', 'tt4299972', 'tt2548208', 'tt2172934', 'tt2278388', 'tt1631867', 'tt0089538']"," I choose this movie because it offers a captivating and thought-provoking storyline about the future of humanity and the exploration of space. The concept of interstellar travel and the search for a habitable planet adds an element of excitement and adventure. Additionally, the film has received critical acclaim for its stunning visuals and emotional depth, making it a compelling choice for me to watch.",10
238,tt2053425,"['7', '6', '8', '9', '7', '8', '9', '8', '7', '9', '6', '8']","['tt5129510', 'tt5555502', 'tt1091191', 'tt2025690', 'tt2094064', 'tt2042568', 'tt2053425', 'tt2347134', 'tt3231054', 'tt1430607', 'tt3832914', 'tt3210686']"," I choose this movie because it has a compelling plot that explores themes of resilience, love, and overcoming adversity. The story of a lonely and destitute man finding hope and connection with a woman who has experienced a tragic accident resonates with me. Additionally, the performances and direction in ""Rust and Bone"" have received critical acclaim, further piquing my interest in watching this film.",6
239,tt0816692,"['8', '7', '6', '9', '10', '5', '7', '8', '9', '7', '10', '9']","['tt4073952', 'tt2404425', 'tt1978532', 'tt2962876', 'tt1677561', 'tt1349482', 'tt2429074', 'tt1837709', 'tt1234721', 'tt2493486', 'tt0816692', 'tt0114709']",,10
240,tt1462769,"['7', '6', '8', '5', '9', '8', '9', '7', '8', '6', '7']","['tt1924273', 'tt2756032', 'tt1462769', 'tt5368354', 'tt2065968', 'tt3553442', 'tt2883512', 'tt1588173', 'tt1478964', 'tt1666801', 'tt1397514']", I rate it 8. I choose this movie because the plot seems intriguing and heartwarming. The idea of a couple experiencing the joys and challenges of parenthood in a unique and unexpected way is something that I find interesting.,2
241,tt1430607,"['3', '4', '5', '2', '1', '5', '4', '3', '4', '1', '2']","['tt4877122', 'tt1666801', 'tt1588173', 'tt2546038', 'tt2828996', 'tt1430607', 'tt1478964', 'tt1397514', 'tt3553442', 'tt4009460', 'tt1935929']",,5
242,tt2338151,"['7', '5', '8', '9', '6', '8', '7', '9', '8', '6', '9']","['tt2027128', 'tt2735292', 'tt2338151', 'tt2061702', 'tt1462769', 'tt1935859', 'tt0800369', 'tt1865505', 'tt1839492', 'tt1496025', 'tt0770828']"," I choose this movie because it has received a rating of 8, which is the highest among the movies I have viewed. Additionally, the plot description of ""PK"" intrigues me as it explores complex philosophies and promises to be a simple and humane tale of love, laughter, and letting go.",2
243,tt4229236,"['7.5', '8.2', '9.0', '7.8', '8.5', '9.2', '8.7', '7.9', '8.1', '9.3', '8.8', '9.1']","['tt5342766', 'tt1091863', 'tt1999192', 'tt1714917', 'tt3327994', 'tt4229236', 'tt2014338', 'tt1223236', 'tt1605782', 'tt3626804', 'tt4393514', 'tt2246565']"," I choose this movie because I have always been intrigued by the life and music of Kurt Cobain. The documentary promises to provide an authorized and in-depth look into his journey, from his early days to his success and downfall with Nirvana. I am interested in gaining a deeper understanding of his artistry and the impact he had on the music industry.",5
244,tt0816692,"['8', '7', '6', '9', '10', '5', '7', '8', '9', '7', '10']","['tt4073952', 'tt2404425', 'tt1978532', 'tt2962876', 'tt1677561', 'tt1349482', 'tt2429074', 'tt1837709', 'tt1234721', 'tt2493486', 'tt0816692']"," I choose this movie because it explores the concept of interstellar travel and the survival of humanity in a future where Earth is facing numerous challenges. The plot of the movie, involving a team of astronauts traveling through a wormhole to find a habitable planet, intrigues me and I am interested in the themes of exploration, adventure, and the potential for the future of humanity.",10
245,tt1302011,"['7', '6', '8', '5', '4', '6', '9', '7', '6', '7', '8']","['tt1840309', 'tt2017561', 'tt1825683', 'tt5480340', 'tt1698647', 'tt1397514', 'tt3922818', 'tt0401729', 'tt1355638', 'tt2381991', 'tt1302011']"," I choose this movie because I enjoy animated films and I have watched the first Kung Fu Panda movie before and liked it. Additionally, the plot of Kung Fu Panda 2 seems interesting with the introduction of a new villain and the development of the main character, Po.",10
246,tt0816692,"['8', '7', '6', '9', '8', '5', '7', '9', '8', '7', '10', '9', '7', '6', '8', '10', '9']","['tt4073952', 'tt2404425', 'tt1978532', 'tt2962876', 'tt1677561', 'tt1349482', 'tt2429074', 'tt1837709', 'tt1234721', 'tt2493486', 'tt0816692', 'tt0114709', 'tt4299972', 'tt2548208', 'tt2172934', 'tt2278388', 'tt1631867']", I choose this movie because it explores the concept of interstellar travel and the survival of humanity in a future where Earth is facing numerous challenges. The plot is intriguing and the film has received critical acclaim for its visuals and storytelling.,10
247,tt0816692,"['5', '8', '6', '9', '7', '10', '4', '9', '8', '10', '7', '9', '6', '8', '5', '7', '8', '9']","['tt0089538', 'tt1631867', 'tt1349482', 'tt4299972', 'tt1978532', 'tt0114709', 'tt2429074', 'tt2278388', 'tt1234721', 'tt0816692', 'tt1837709', 'tt1677561', 'tt2172934', 'tt2404425', 'tt2548208', 'tt4324274', 'tt2493486', 'tt2962876']"," I choose this movie because it has a rating of 10, indicating that it is highly regarded. Additionally, the plot description of interstellar travel and the search for a habitable planet intrigues me. I am drawn to the idea of exploring the unknown and the potential for humanity's survival in the face of adversity.",9
248,tt4073952,"['8', '7', '6']","['tt4073952', 'tt2404425', 'tt1978532']",,0
249,tt1978532,"['3.5', '2.5', '4.0']","['tt0089538', 'tt1349482', 'tt1978532']", I choose this movie because it seems to have an interesting and comedic plot about friends trying to find a wife for their socially inappropriate friend. The idea of their plan backfiring when he meets someone just like him adds an intriguing twist to the story.,2
250,tt2429074,"['4.5', '6.5', '7.2', '8.0']","['tt0089538', 'tt1349482', 'tt1978532', 'tt2429074']",B.F. I choose this movie because it has a high rating and the plot seems interesting. The idea of social warfare and the exploration of friendship and identity intrigues me.,3
251,tt2802144,"['6.5', '7.2', '8.3', '6.8', '7.1', '8.6', '7.4', '6.9', '7.2', '8.1', '8.5', '9.0', '9.2']","['tt4464394', 'tt2381991', 'tt5607028', 'tt1397514', 'tt1815862', 'tt2347134', 'tt3247714', 'tt1428538', 'tt1496025', 'tt1232829', 'tt2267968', 'tt4116284', 'tt2802144']"," I choose this movie because it has a high rating and the plot seems intriguing with a mix of action, suspense, and a secret organization. The presence of talented actors like Colin Firth and Samuel L. Jackson also adds to my interest in watching this film.",12
252,tt2576852,"['7.5', '8.0', '5.0', '6.5', '9.0', '7.0', '8.5', '9.5', '6.0', '7.0', '9.0']","['tt1430607', 'tt1690953', 'tt4877122', 'tt3416828', 'tt3521164', 'tt5184298', 'tt1430626', 'tt3262342', 'tt1402488', 'tt5480340', 'tt2576852']"," I choose this movie because it has a unique and intriguing plot, revolving around the discovery of a princess in a bamboo and her journey through life. The story seems to be filled with mystery, romance, and cultural elements, which I find fascinating. Additionally, the high rating of 9.0 suggests that it is a well-received and highly regarded film, further piquing my interest.",10
253,tt1631867,"['3.5', '4.5', '2.5', '4.0']","['tt0089538', 'tt1631867', 'tt1349482', 'tt4299972']", I choose this movie because the plot of a time loop and the protagonist's increasing skills in each battle sounds intriguing and unique. The combination of action and science fiction elements also appeals to me.,1
254,tt1631867,"['4.5', '8.5', '6.5', '9.0']","['tt0089538', 'tt1631867', 'tt1349482', 'tt4299972']","5, which is the highest among the movies mentioned. Additionally, the plot of the movie about a time loop and a relentless alien assault sounds intriguing and action-packed, making it a compelling choice for me to watch.",1
255,tt1615918,"['3.5/5', '2/5', '3/5', '4.5/5', '1/5', '3/5', '4/5', '4/5', '3.5/5', '2/5']","['tt4126568', 'tt3899796', 'tt1615918', 'tt4853102', 'tt4009460', 'tt0472181', 'tt1600195', 'tt0401729', 'tt2548208', 'tt2828996']"," I choose this movie because it seems like a light-hearted and entertaining film. The plot of the Chipmunks and Chipettes being marooned in a tropical paradise sounds fun and adventurous. Additionally, I enjoy animated movies and the Chipmunks franchise has been enjoyable in the past.",2
256,tt2267968,"['7.5', '8.0', '9.0', '6.5', '7.0', '8.5', '6.0', '9.0', '8.5', '7.0', '7.5', '8.0']","['tt2381991', 'tt2347134', 'tt5607028', 'tt1397514', 'tt4464394', 'tt3247714', 'tt1815862', 'tt4116284', 'tt2267968', 'tt1496025', 'tt1428538', 'tt1232829']", The plot of Po training a village of pandas to become Kung Fu warriors sounds exciting and I am curious to see how the story unfolds.,8
257,tt1596365,"['3.5/5', '4/5', '4.5/5', '4.5/5', '2/5', '3/5', '4/5', '3.5/5', '3/5', '2/5', '2.5/5', '4.5/5', '3/5', '4/5', '3.5/5', '3/5']","['tt4126568', 'tt3705412', 'tt1596365', 'tt1714915', 'tt2828996', 'tt3732950', 'tt0905372', 'tt3099498', 'tt3487994', 'tt3201722', 'tt3899796', 'tt1441395', 'tt4796122', 'tt4094724', 'tt2140423', 'tt4464394']"," I choose this movie because it has a high rating of 4.5/5 and the plot description intrigues me. The idea of a vengeful ghost seeking revenge and the mystery surrounding the haunted house captivate my interest. I enjoy supernatural horror movies, and this one seems to have a compelling storyline and atmosphere.",2
258,tt4796122,"['6', '4', '3', '2', '7', '8', '5', '9', '7', '8', '6']","['tt4831420', 'tt2828996', 'tt4464394', 'tt4796122', 'tt3732950', 'tt1727776', 'tt2274570', 'tt4348012', 'tt2140423', 'tt4126568', 'tt3899796']", I choose this movie because it has the lowest rating among the options and I am not particularly interested in watching a horror movie about occult sites and ultimate horror.,3
259,tt1499658,"['6', '3', '4', '7', '5', '6', '5', '8', '4', '7']","['tt2347134', 'tt2140423', 'tt2679042', 'tt2172934', 'tt2167202', 'tt2134170', 'tt4442130', 'tt1499658', 'tt4651410', 'tt1829012']"," I choose this movie because it has a high rating of 8, indicating that it is likely to be enjoyable. The plot description of three friends discussing how to kill their horrible bosses sounds intriguing and promises a mix of comedy and suspense.",7
260,tt2756032,"['7.5', '6.5', '5.0', '8.0', '7.5', '9.0', '6.0', '8.5', '4.0', '7.0', '9.0', '8.5', '9.0', '6.0', '8.5']","['tt1462769', 'tt1397514', 'tt2828996', 'tt1924273', 'tt1666801', 'tt1478964', 'tt1650043', 'tt4651520', 'tt1935929', 'tt5368354', 'tt2883512', 'tt3553442', 'tt1588173', 'tt4877122', 'tt2756032']"," I choose this movie because it has an intriguing plot that promises to be both mysterious and thought-provoking. The idea of a troubled couple facing bizarre circumstances during their getaway piques my curiosity and makes me want to explore the story further. Additionally, the high rating suggests that it is well-received by viewers, further increasing my interest in watching it.",14
261,tt0816692,"['4.5', '8.5', '6.5', '9.0', '7.0', '9.5', '7.0', '9.0', '8.0', '9.5', '7.5', '8.0', '7.5', '9.0', '6.0', '8.0', '7.5', '8.0']","['tt0089538', 'tt1631867', 'tt1349482', 'tt4299972', 'tt1978532', 'tt0114709', 'tt2429074', 'tt2278388', 'tt1234721', 'tt0816692', 'tt1837709', 'tt1677561', 'tt2172934', 'tt2404425', 'tt2548208', 'tt4324274', 'tt2493486', 'tt2962876']"," I choose this movie because it has a high rating of 9.5 and the plot about interstellar travel and the survival of humanity in a changing world intrigues me. Additionally, the concept of exploring new planets and the unknown depths of space is something that I find fascinating.",9
262,tt5607028,"['6.5', '7.2', '8.0', '7.8', '7.4', '6.2', '6.8', '6.5', '8.2', '9.0', '7.6', '8.4', '7.2']","['tt1509767', 'tt0401729', 'tt1192628', 'tt1840309', 'tt1355638', 'tt1815862', 'tt1397514', 'tt2404233', 'tt3922818', 'tt5607028', 'tt1698647', 'tt2017561', 'tt5480340']"," I choose this movie because I am intrigued by the concept of alchemy in a dystopian society and the journey of the Elric brothers to find the philosopher's stone. The plot seems captivating and I am interested in exploring the themes of sacrifice, redemption, and the search for truth.",9
263,tt4796122,"['5', '2', '3', '2', '4', '3', '2', '4', '3', '4', '5']","['tt4831420', 'tt2828996', 'tt4464394', 'tt4796122', 'tt3732950', 'tt1727776', 'tt2274570', 'tt4348012', 'tt2140423', 'tt4126568', 'tt3899796']"," I choose this movie because it has the highest rating among the movies I have viewed so far, with a rating of 2. Additionally, the plot seems intriguing as it involves a group of friends exploring true-crime occult sites and encountering a mysterious young runaway.",3
264,tt1441395,"['7.5', '6.5', '5.0', '8.0', '7.0', '4.0', '6.5', '6.0', '5.5', '7.0']","['tt1596365', 'tt0905372', 'tt3099498', 'tt1441395', 'tt4094724', 'tt3899796', 'tt4796122', 'tt4464394', 'tt2828996', 'tt3732950']"," I choose this movie because it has the highest rating among the options provided (8.0). Additionally, the plot description intrigues me with its exploration of an alien entity discovering its own humanity, which promises to offer a unique and thought-provoking viewing experience.",3
265,tt1588173,"['6.5', '7.2', '8.0', '7.8']","['tt0905372', 'tt1496025', 'tt1599348', 'tt1588173']", The idea of bridging the differences between humans and zombies to fight for a better world is also appealing to me.,3
266,tt2338151,"['7.5', '8.5', '4.0', '6.5', '9.0', '8.0', '3.5', '8.0', '9.5', '7.0']","['tt0770828', 'tt1865505', 'tt2379386', 'tt1667353', 'tt1837709', 'tt1935859', 'tt2735292', 'tt0800369', 'tt2338151', 'tt2061702']"," I choose this movie because it has a high rating of 9.5 and the plot description intrigues me. The idea of a stranger asking thought-provoking questions and challenging societal norms sounds interesting and I am curious to see how it unfolds. Additionally, the mention of a spiritual odyssey and a friendship between strangers from different worlds adds to the appeal of the movie.",8
267,tt0803096,"['6.5', '7.2', '6.8', '8.0', '7.5', '7.0', '8.2', '7.8', '8.5', '8.0']","['tt1937133', 'tt2458106', 'tt0825283', 'tt2027128', 'tt2808986', 'tt1428538', 'tt0803096', 'tt1618442', 'tt1232829', 'tt2267968']"," The plot seems to have a good mix of action, magic, and adventure, which I find appealing. Additionally, I am curious to see how the visual effects bring the Warcraft universe to life on the big screen.",6
268,tt1234721,"['3.5', '2.5', '4.0', '3.8', '4.5']","['tt0089538', 'tt1349482', 'tt1978532', 'tt2429074', 'tt1234721']"," I choose this movie because it has a high rating of 4.5, indicating that it is likely to be enjoyable and well-received. Additionally, the plot description of a futuristic world with a blend of human and robotic elements, along with the theme of pursuing justice, intrigues me and makes me curious to watch it.",4
269,tt1978532,"['4.5', '6.5', '7.2']","['tt0089538', 'tt1349482', 'tt1978532']", I choose this movie because it seems to have an interesting and comedic plot about friends trying to find a wife for their socially inappropriate friend. The idea of their plan backfiring when he meets someone just like him adds an intriguing twist.,2
270,tt3896198,"['6.5', '8.5', '9.0', '9.5', '7.0', '8.5', '7.0', '8.0', '9.0', '7.5', '6.0']","['tt1620680', 'tt3498820', 'tt1631867', 'tt1825683', 'tt3778644', 'tt3896198', 'tt5544384', 'tt1446714', 'tt2660888', 'tt2231461', 'tt3480796']"," 2"" with the imdbID tt3896198. I choose this movie because it has a high rating of 8.5 and I am a fan of the Marvel Cinematic Universe. Additionally, I enjoyed the first Guardians of the Galaxy movie and I am interested in seeing how the story continues in the sequel.",5
271,tt2278388,"['4.', '8.', '6.', '9.', '7.', '10.', '5.', '9.', '7.']","['tt0089538', 'tt1631867', 'tt1349482', 'tt4299972', 'tt1978532', 'tt0114709', 'tt2429074', 'tt2278388', 'tt1234721']", I choose this movie because it has a high rating of 9 and the plot description intrigues me. The adventures of M. Gustave and Zero Moustafa in a famous European hotel during a changing continent sound fascinating and I am interested in seeing how the story unfolds.,7
272,tt3521164,"['7.5', '6.5', '5.0', '8.5', '4.0', '9.0', '7.5', '8.0', '6.0', '9.0', '10.0', '7.0', '9.5', '6.0', '8.5']","['tt1430607', 'tt3416828', 'tt1615918', 'tt2576852', 'tt4877122', 'tt1690953', 'tt2293640', 'tt1302011', 'tt1691917', 'tt1623288', 'tt2380307', 'tt1430626', 'tt3521164', 'tt5184298', 'tt2065968']"," I choose this movie because it has a high rating of 9.5 and the plot seems intriguing. The story of a young girl embarking on an epic journey across the Pacific, based on Polynesian mythology, sounds captivating and unique. Additionally, the positive reviews and the fact that it is a Disney animated film further pique my interest.",12
273,tt1631867,"['7.5', '4.0', '8.5', '6.0', '9.0', '7.0', '8.0', '9.5', '7.5', '8.0', '6.5', '7.0']","['tt2231461', 'tt4831420', 'tt3498820', 'tt5487524', 'tt3896198', 'tt1267299', 'tt4788944', 'tt1631867', 'tt3327624', 'tt3778644', 'tt3480796', 'tt1620680']"," I choose this movie because it has a unique and intriguing plot that combines science fiction, action, and time travel elements. The concept of a time loop and the protagonist's journey of learning and improving with each repetition is fascinating. Additionally, the film has received positive reviews for its thrilling action sequences and strong performances.",7
274,tt4547056,"['6.5', '4.2', '8.3', '5.8', '9.0', '7.5', '6.7', '7.2', '8.1', '7.4', '8.2', '6.8', '8.5', '9.0', '6.2']","['tt3480796', 'tt3899796', 'tt1446714', 'tt1815862', 'tt3896198', 'tt3778644', 'tt2231461', 'tt4788944', 'tt1298554', 'tt1698647', 'tt1620680', 'tt1397514', 'tt3922818', 'tt4547056', 'tt4464394']"," I choose this movie because it has a unique and intriguing plot set in a dystopian future. The concept of hybrid children with a craving for human flesh but still retaining their ability to think and feel is fascinating. Additionally, the film explores themes of survival, identity, and the complexities of humanity. The high rating of 9.0 also indicates that it is well-received by viewers, further piquing",13
275,tt3262342,"['6.5', '7.2', '6.8', '8.3', '5.9', '9.1']","['tt1937133', 'tt2295196', 'tt2808986', 'tt3262342', 'tt2735292', 'tt1855199']",,3
276,tt2911666,"['6.5', '7.2', '8.0', '5.8', '7.9', '6.3', '7.1', '9.2', '8.5', '9.0']","['tt3480796', 'tt5254868', 'tt3247714', 'tt3732950', 'tt1829012', 'tt3181822', 'tt4126568', 'tt2911666', 'tt1600196', 'tt4912910']"," I choose this movie because of its high rating and intriguing plot. The story of a former assassin seeking revenge captivates my interest, and the positive reviews suggest that it is a thrilling and action-packed film.",7
277,tt1446714,"['3', '4', '5', '2', '4', '5', '3', '2', '3', '1', '1', '4', '5']","['tt1815862', 'tt3498820', 'tt3896198', 'tt1267299', 'tt3922818', 'tt1825683', 'tt4464394', 'tt3480796', 'tt5487524', 'tt4831420', 'tt3899796', 'tt1397514', 'tt1446714']",,12
278,tt4547056,"['7', '6', '4', '8', '9', '10', '8', '9', '7', '6']","['tt3973198', 'tt2450186', 'tt1865393', 'tt4471456', 'tt4547056', 'tt2911666', 'tt0790724', 'tt4912910', 'tt2025690', 'tt2059171']"," I choose this movie because the plot description intrigued me with its dystopian setting and unique twist on the zombie genre. The idea of hybrid children who retain their ability to think and feel, yet crave human flesh, sounds fascinating and I am curious to see how the story unfolds.",4
279,tt2962876,"['8', '7', '6', '9', '8', '5', '7', '9']","['tt4073952', 'tt2404425', 'tt1978532', 'tt2962876', 'tt1677561', 'tt1349482', 'tt2429074', 'tt1837709']", I choose this movie because the plot seems intriguing and unique. The story of a young man with Tourette Syndrome going on a road trip with an anorexic woman and an OCD roommate sounds like it would provide a lot of interesting and heartfelt moments.,3
280,tt2962876,"['8', '7', '6', '9']","['tt4073952', 'tt2404425', 'tt1978532', 'tt2962876']", I choose this movie because the plot seems unique and intriguing. The story of a young man with Tourette Syndrome going on a road trip with an anorexic woman and an OCD roommate sounds like it would provide a lot of interesting and heartfelt moments.,3
281,tt0816442,"['7.5', '8.2', '8.7', '7.8', '9.2', '6.9', '9.5']","['tt1742044', 'tt1216491', 'tt2404425', 'tt3553442', 'tt1855199', 'tt2034031', 'tt0816442']"," I choose this movie because it has a compelling plot set during a significant historical period. The story revolves around the power of books and the impact they can have on individuals, even in the midst of war and adversity. The themes of friendship, resilience, and the importance of literature resonate with me, making it a movie I am eager to watch.",6
282,tt0816692,"['8', '7', '6', '9', '8', '5', '7', '9', '8', '7', '10', '9', '7', '6', '8', '10', '9', '4']","['tt4073952', 'tt2404425', 'tt1978532', 'tt2962876', 'tt1677561', 'tt1349482', 'tt2429074', 'tt1837709', 'tt1234721', 'tt2493486', 'tt0816692', 'tt0114709', 'tt4299972', 'tt2548208', 'tt2172934', 'tt2278388', 'tt1631867', 'tt0089538']"," I choose this movie because it has a rating of 10, indicating that it is highly acclaimed. Additionally, the plot description of Earth's future, interstellar travel, and the search for a habitable planet intrigues me. I am drawn to the themes of exploration, survival, and the unknown.",10
283,tt2883512,"['7', '6', '5', '8', '9', '7', '9', '6', '10', '7']","['tt1924273', 'tt1462769', 'tt5368354', 'tt2756032', 'tt2065968', 'tt3553442', 'tt1478964', 'tt1715873', 'tt2883512', 'tt1666801']", I choose this movie because it has a high rating of 10 and the plot of a renowned chef rediscovering his passion for cooking and finding a deeper connection with his life and family resonates with me.,8
284,tt0816692,"['5', '7', '4', '8', '6', '9', '7', '9', '8', '10', '6', '8', '7', '9', '6', '8', '7', '9']","['tt0089538', 'tt1631867', 'tt1349482', 'tt4299972', 'tt1978532', 'tt0114709', 'tt2429074', 'tt2278388', 'tt1234721', 'tt0816692', 'tt1837709', 'tt1677561', 'tt2172934', 'tt2404425', 'tt2548208', 'tt4324274', 'tt2493486', 'tt2962876']"," I choose this movie because it has a rating of 10, indicating that it is highly regarded. Additionally, the plot description of interstellar travel and the search for a habitable planet intrigues me. I am drawn to the idea of exploring the unknown and the potential for humanity's survival in the face of adversity.",9
285,tt0816692,"['5', '7', '4', '8', '6', '9', '7', '9', '8', '10', '6', '8', '7', '9', '6', '8', '7', '9']","['tt0089538', 'tt1631867', 'tt1349482', 'tt4299972', 'tt1978532', 'tt0114709', 'tt2429074', 'tt2278388', 'tt1234721', 'tt0816692', 'tt1837709', 'tt1677561', 'tt2172934', 'tt2404425', 'tt2548208', 'tt4324274', 'tt2493486', 'tt2962876']"," I choose this movie because it has a rating of 10, indicating that it is highly regarded. Additionally, the plot description of interstellar travel and the search for a habitable planet intrigues me. I am drawn to the idea of exploring the unknown and the potential for humanity's survival in the face of adversity.",9
286,tt3896198,"['6', '7', '5', '8', '4', '9', '10', '9', '10', '7', '9', '8', '9', '8', '6', '5', '4', '7', '3', '6']","['tt2808986', 'tt1298554', 'tt1698647', 'tt4547056', 'tt4788944', 'tt1620680', 'tt3498820', 'tt1631867', 'tt1825683', 'tt3778644', 'tt3896198', 'tt5544384', 'tt1446714', 'tt2660888', 'tt2231461', 'tt3480796', 'tt4464394', 'tt1815862', 'tt3899796', 'tt1397514']"," 2"" with the imdbID tt3896198. I choose this movie because I enjoy the action-packed and humorous nature of the Guardians of the Galaxy series. The plot of the movie, along with the dynamic characters and their interactions, make for an entertaining and enjoyable experience.",10
287,tt1462769,"['7', '6', '8', '5', '9', '7', '8', '6', '9', '8', '7', '9']","['tt2065968', 'tt1924273', 'tt2756032', 'tt5368354', 'tt1462769', 'tt1650043', 'tt3553442', 'tt4651520', 'tt1478964', 'tt1588173', 'tt1666801', 'tt2883512']", I rate it 9. I choose this movie because the plot seems intriguing and unique. The idea of a child appearing in a couple's life after they have given up hope of having one is heartwarming. I am curious to see how the story unfolds and how the couple navigates the challenges and joys of parenthood.,4
288,tt2962876,"['8', '7', '6', '9']","['tt4073952', 'tt2404425', 'tt1978532', 'tt2962876']"," I choose this movie because the plot seems unique and intriguing. The idea of following the journey of a young man with Tourette Syndrome, his unconventional therapist, and his fellow patients on a road trip to deliver his mother's ashes sounds like a compelling and heartfelt story.",3
289,tt1727776,"['6', '4', '2', '8', '3', '7', '5', '4', '6', '9', '3']","['tt4348012', 'tt4796122', 'tt4831420', 'tt2140423', 'tt3899796', 'tt2274570', 'tt4126568', 'tt3732950', 'tt4464394', 'tt1727776', 'tt2828996']", I choose this movie because I enjoy the combination of comedy and horror genres. The plot of teenagers fighting against zombies while trying to rescue their friend sounds exciting and entertaining.,9
290,tt1935859,"['7', '6', '5', '8', '9', '7', '8', '6', '4', '7']","['tt0770828', 'tt1935859', 'tt0990407', 'tt1865505', 'tt3731562', 'tt1839492', 'tt0800369', 'tt1667353', 'tt1496025', 'tt0829150']", I choose this movie because I am intrigued by the concept of a magical place and the idea of peculiar children with special powers. The plot seems interesting and I am curious to see how the mystery unfolds and how the main character's own special ability plays a role in saving his new friends.,1
291,tt0816692,"['8', '7', '6', '9', '8', '5', '7', '9', '8', '7', '10', '9', '7', '6', '8', '10', '9', '4']","['tt4073952', 'tt2404425', 'tt1978532', 'tt2962876', 'tt1677561', 'tt1349482', 'tt2429074', 'tt1837709', 'tt1234721', 'tt2493486', 'tt0816692', 'tt0114709', 'tt4299972', 'tt2548208', 'tt2172934', 'tt2278388', 'tt1631867', 'tt0089538']"," I choose this movie because it offers a captivating and thought-provoking storyline about the future of humanity and the exploration of space. The concept of interstellar travel and the search for a habitable planet adds an element of excitement and adventure. Additionally, the film has received critical acclaim for its stunning visuals and emotional depth, making it a compelling choice for me to watch.",10
292,tt0816692,"['5', '8', '6', '9', '7', '10', '4', '9', '8', '10', '7', '9', '6']","['tt0089538', 'tt1631867', 'tt1349482', 'tt4299972', 'tt1978532', 'tt0114709', 'tt2429074', 'tt2278388', 'tt1234721', 'tt0816692', 'tt1837709', 'tt1677561', 'tt2172934']"," I choose this movie because it explores the concept of interstellar travel and the survival of humanity. The plot is intriguing and the idea of venturing into unknown territories in search of a habitable planet is captivating. Additionally, the film has received positive reviews for its visuals and storytelling, making it a compelling choice for me to watch.",9
293,tt1345836,"['6.5', '7.2', '8.3', '5.9', '7.8', '9.1', '8.2', '9.5', '8.7', '8.4']","['tt1937133', 'tt2808986', 'tt3262342', 'tt2735292', 'tt2295196', 'tt1855199', 'tt1770734', 'tt1345836', 'tt2379713', 'tt3402236']"," I choose this movie because it has a high rating of 9.5, indicating that it is highly regarded by viewers. Additionally, I am a fan of the Batman franchise and enjoy the action and suspense that the movie offers.",7
294,tt1978532,"['3.5', '2.5', '4.0', '3.8']","['tt0089538', 'tt1349482', 'tt1978532', 'tt2429074']", I choose this movie because it seems to have an interesting plot about friends trying to find a wife for their socially inappropriate friend. The idea of their plan backfiring when he meets someone just like him intrigues me.,2
295,tt1978532,"['3.5', '2.5', '4.0']","['tt0089538', 'tt1349482', 'tt1978532']", I choose this movie because it seems to have an interesting and comedic plot about friends trying to find a wife for their socially inappropriate friend. The idea of their plan backfiring when he meets someone just like him adds an intriguing twist to the story.,2
296,tt2404425,"['4.', '6.', '7.', '8.', '9.', '7.5.', '8.', '6.5.', '8.5.', '7.5.', '9.', '8.5.', '9.5.', '9.']","['tt0089538', 'tt1349482', 'tt1978532', 'tt2429074', 'tt1234721', 'tt1837709', 'tt2172934', 'tt2548208', 'tt2493486', 'tt4073952', 'tt2962876', 'tt4324274', 'tt2404425', 'tt1677561']"," I choose this movie because it tells a compelling story of seeking justice and reclaiming what was rightfully stolen during a dark period in history. The plot of Maria Altmann's journey to regain her aunt's painting from the Nazis resonates with me, and I am interested in exploring the themes of restitution and the impact of historical events on individuals.",12
297,tt2278388,"['6.5', '8.5', '9.0', '7.5']","['tt3480796', 'tt4299972', 'tt2278388', 'tt1748122']",0 and the plot description of the adventures of M. Gustave and Zero Moustafa in a famous European hotel during the wars sounds intriguing and entertaining.,2
298,tt1631867,"['3.5', '4.5', '2.5', '4.0']","['tt0089538', 'tt1631867', 'tt1349482', 'tt4299972']", I choose this movie because the plot of a time loop and the protagonist's increasing skills in each battle sounds intriguing and unique. The combination of action and science fiction elements also appeals to me.,1
299,tt1631867,"['4.5', '8.5', '6.5', '9.0', '7.0']","['tt0089538', 'tt1631867', 'tt1349482', 'tt4299972', 'tt1978532']","5, which is the highest among the movies mentioned. The plot of the movie, involving a time loop and a battle against an alien race, sounds intriguing and action-packed. I am drawn to the idea of the protagonist improving their skills with each repeated encounter, and the presence of Tom Cruise and Emily Blunt in the lead roles adds to the appeal.",1
300,tt3262342,"['6.5', '7.2', '7.8', '8.2', '6.9', '8.5', '9.0', '7.0', '9.2', '8.8', '5.3']","['tt2865120', 'tt1691917', 'tt1402488', 'tt2293640', 'tt5480340', 'tt1623288', 'tt1690953', 'tt3416828', 'tt3262342', 'tt2576852', 'tt4877122']"," I choose this movie because of its high rating of 9.2. The plot description intrigues me, as it explores the life and art of Vincent van Gogh in a unique and visually stunning way. The idea of delving into the psyche and fate of such a renowned artist, while also questioning the interpretation of his work, sounds fascinating. I am drawn to the depth and complexity that this film promises, making",8
301,tt1978532,"['4.5', '6.5', '7.2']","['tt0089538', 'tt1349482', 'tt1978532']", I choose this movie because it seems to have an interesting and comedic plot about friends trying to find a wife for their socially inappropriate friend. The idea of their plan backfiring when he meets someone just like him adds an intriguing twist.,2
302,tt3922818,"['7.5', '6.5', '8.0', '7.0', '9.0', '6.0', '8.5', '7.0', '7.5', '8.0']","['tt1840309', 'tt3480796', 'tt1355638', 'tt3416828', 'tt2065968', 'tt2404233', 'tt3922818', 'tt1698647', 'tt5480340', 'tt2017561']"," I choose this movie because the plot of a boy born on Mars who longs to explore Earth and find his father intrigues me. The idea of a unique upbringing and the challenges he faces in adapting to Earth's atmosphere adds an interesting twist to the story. Additionally, the concept of an online friendship and the race against time to uncover the mysteries of his origin and place in the universe captivates my curiosity.",6
303,tt3896198,"['3', '4', '5', '2', '4', '5', '2', '3', '4', '1', '1', '3', '4']","['tt1815862', 'tt3498820', 'tt3896198', 'tt1267299', 'tt3922818', 'tt1825683', 'tt4464394', 'tt3480796', 'tt5487524', 'tt4831420', 'tt3899796', 'tt1397514', 'tt1446714']"," 2"" with the imdbID tt3896198. I choose this movie because it received a rating of 5, which is the highest rating among the movies I have viewed. Additionally, I am a fan of superhero movies and enjoy the humor and action that the Guardians of the Galaxy series offers.",2
304,tt4348012,"['7.5', '4.2', '8.3', '6.9', '5.8']","['tt1399103', 'tt1935929', 'tt4348012', 'tt0409847', 'tt0990407']", I chose this movie because it has the highest rating among the options provided (8.3).,2
305,tt1631867,"['4.5', '8.5', '6.5', '9.0']","['tt0089538', 'tt1631867', 'tt1349482', 'tt4299972']","5, which is the highest among the movies mentioned. Additionally, the plot of the movie about a time loop and a relentless alien assault sounds intriguing and action-packed, making it a compelling choice for me to watch.",1
306,tt1499658,"['4', '2', '3', '4', '3', '2', '3', '5', '2', '3']","['tt2347134', 'tt2140423', 'tt2679042', 'tt2172934', 'tt2167202', 'tt2134170', 'tt4442130', 'tt1499658', 'tt4651410', 'tt1829012']"," I choose this movie because it has a rating of 5, which indicates that it is highly enjoyable and entertaining. Additionally, the plot of the movie, which revolves around three friends plotting to kill their horrible bosses, seems intriguing and promises a mix of comedy and suspense.",7
307,tt0401729,"['2', '1', '3', '4', '2', '5', '3', '1', '4', '5']","['tt2828996', 'tt4009460', 'tt4126568', 'tt1615918', 'tt1600195', 'tt4853102', 'tt0472181', 'tt3899796', 'tt2548208', 'tt0401729']"," I choose this movie because it has received a rating of 5, which indicates that it is highly enjoyable and worth watching. Additionally, the plot description of a Civil War veteran being transported to Mars and encountering new beings and conflicts sounds intriguing and exciting.",9
308,tt4547056,"['7.5', '6.5', '8.0', '9.0', '7.0', '9.5', '8.5', '9.0', '8.5', '7.0', '6.5', '8.0', '7.5', '5.0', '9.0']","['tt4547056', 'tt1698647', 'tt2808986', 'tt1298554', 'tt4788944', 'tt1825683', 'tt3498820', 'tt3896198', 'tt1446714', 'tt2231461', 'tt1620680', 'tt3778644', 'tt3480796', 'tt3899796', 'tt3922818']"," I choose this movie because it has an intriguing plot set in a dystopian future, involving a mysterious fungal disease and a group of hybrid children with unique abilities. The concept of humanity's survival being dependent on these children and the moral dilemmas they face make it an interesting and thought-provoking film.",0
309,tt1201607,"['7.5', '6.5', '8.0', '7.0', '8.5', '9.0', '8.5', '7.0', '7.5', '9.0', '10.0']","['tt2065968', 'tt1698647', 'tt5480340', 'tt1429433', 'tt2017561', 'tt1509767', 'tt1192628', 'tt0401729', 'tt1355638', 'tt1840309', 'tt1201607']"," I choose this movie because I am a fan of the Harry Potter series and have been eagerly following the story of Harry, Ron, and Hermione throughout their magical journey. The final installment promises an epic conclusion to the series, with intense battles and the resolution of the overarching conflict with Voldemort. I am excited to see how the story unfolds and witness the ultimate showdown between good and evil",10
310,tt1631867,"['3.5', '4.5', '2.5']","['tt0089538', 'tt1631867', 'tt1349482']",,1
311,tt1631867,"['4.5', '8.5', '6.5']","['tt0089538', 'tt1631867', 'tt1349482']"," The plot of the movie, involving a time loop and a relentless alien invasion, sounds intriguing and action-packed. I am interested in seeing how the protagonist, Major William Cage, learns from each battle and becomes more skilled in his fight against the aliens.",1
312,tt2347134,"['3.', '4.', '2.', '5.', '4.', '3.', '4.', '5.', '3.', '4.']","['tt2140423', 'tt4651410', 'tt4442130', 'tt2347134', 'tt2167202', 'tt2134170', 'tt2679042', 'tt2172934', 'tt1829012', 'tt1499658']"," I choose this movie because I am intrigued by the idea of a Japanese reinterpretation of a classic Western film. The combination of a period setting, the story of a former assassin forced to take up arms again, and the talented actor Ken Watanabe in the lead role all make it a compelling choice for me.",3
313,tt4116284,"['7.5', '8.2', '7.9', '6.8', '7.2', '8.5', '7.6', '8.9', '6.3', '7.8']","['tt2381991', 'tt2027128', 'tt3247714', 'tt4651410', 'tt1397514', 'tt4853102', 'tt2458106', 'tt4116284', 'tt2379386', 'tt1428538']"," I choose this movie because it has a high rating and it seems to offer a fun and entertaining experience. Additionally, I am a fan of the Lego movies and the Batman character, so I am interested in seeing how they are combined in this film.",7
314,tt1978532,"['4.5', '6.5', '7.2']","['tt0089538', 'tt1349482', 'tt1978532']", I choose this movie because it seems to have an interesting and comedic plot about friends trying to find a wife for their socially inappropriate friend. The idea of their plan backfiring when he meets someone just like him adds an intriguing twist.,2
315,tt0803096,"['6.5', '7.2', '6.8', '8.0', '7.5', '7.0', '8.2', '7.8', '8.5', '8.0']","['tt1937133', 'tt2458106', 'tt0825283', 'tt2027128', 'tt2808986', 'tt1428538', 'tt0803096', 'tt1618442', 'tt1232829', 'tt2267968']"," The plot seems to have a good mix of action, magic, and adventure, which I find appealing. Additionally, the visual effects and world-building in the Warcraft universe are known to be impressive, which adds to my interest in watching the movie.",6
316,tt1430607,"['7.5', '6.8', '4.2', '8.3', '7.2']","['tt1588173', 'tt1462769', 'tt4877122', 'tt1430607', 'tt1924273']",3.,3
317,tt1588173,"['3.5', '2.5', '4.0', '4.5', '3.0', '4.5', '2.0', '4.5', '4.0', '4.5']","['tt2828996', 'tt4009460', 'tt4877122', 'tt1430607', 'tt1397514', 'tt2546038', 'tt1935929', 'tt1588173', 'tt1478964', 'tt3553442']"," I choose this movie because it offers a unique twist on the zombie genre, exploring themes of love, humanity, and redemption. The idea of a zombie regaining his humanity and forming a connection with a human is intriguing to me. Additionally, the film has received positive reviews for its blend of romance, comedy, and horror elements.",7
318,tt3896198,"['7.5', '6.5', '8.0', '9.0', '8.5', '7.0', '4.0', '6.5', '7.0', '5.0', '8.5', '7.5', '6.0']","['tt2231461', 'tt1620680', 'tt3778644', 'tt3896198', 'tt1446714', 'tt1815862', 'tt3899796', 'tt4464394', 'tt3480796', 'tt4831420', 'tt1267299', 'tt3327624', 'tt1397514']"," 2"" with the imdbID tt3896198. I choose this movie because it has the highest rating among the options provided, with a rating of 9.0.",3
319,tt2053425,"['7.5', '4.5', '8.0', '6.5', '5.0', '9.0', '7.0', '6.5', '8.0', '9.0']","['tt1430607', 'tt2140423', 'tt2347134', 'tt1243974', 'tt2528814', 'tt2053425', 'tt3210686', 'tt3832914', 'tt3231054', 'tt2094064']"," I choose this movie because it has a high rating of 9.0 and the plot description intrigues me. The story of a lonely and destitute man finding hope and love through a tragic accident resonates with me. I am drawn to the themes of resilience, redemption, and the power of human connection portrayed in the film.",5
320,tt2660888,"['3', '4', '2', '5', '3', '5', '4', '4', '5', '3', '5']","['tt3480796', 'tt3896198', 'tt1620680', 'tt1825683', 'tt2231461', 'tt3498820', 'tt5544384', 'tt3778644', 'tt2660888', 'tt1446714', 'tt1631867']"," I choose this movie because I am a fan of the Star Trek franchise and I enjoy the action-packed space adventures it offers. Additionally, the plot of the crew being stranded on an unknown planet and having to fight against a ruthless enemy intrigues me.",8
321,tt2025690,"['5', '7', '6', '8', '4', '9', '7']","['tt1865393', 'tt4547056', 'tt2450186', 'tt4471456', 'tt3973198', 'tt2025690', 'tt2059171']", I choose this movie because the plot of a daring rescue mission in treacherous conditions intrigues me. The idea of a small group of Coast Guard members braving extreme weather to save stranded sailors is both thrilling and inspiring.,5
322,tt2065968,"['7', '6', '8', '9', '8', '7', '9', '4', '7', '3', '2', '5', '4', '6', '3', '7', '6', '8', '9', '10']","['tt2883512', 'tt1650043', 'tt1666801', 'tt1588173', 'tt1478964', 'tt3553442', 'tt1430607', 'tt4877122', 'tt2546038', 'tt1935929', 'tt4009460', 'tt1798603', 'tt2828996', 'tt1397514', 'tt4126340', 'tt1243974', 'tt5368354', 'tt1924273', 'tt1462769', 'tt2065968']"," I choose this movie because I am a fan of the ""How to Train Your Dragon"" franchise and I enjoy the story and characters. Additionally, the holiday theme adds a festive touch to the movie.",19
323,tt2025690,"['7.', '8.', '6.', '5.', '9.', '7.', '4.', '6.', '8.', '7.', '8.', '6.']","['tt2962876', 'tt4912910', 'tt1196948', 'tt1428538', 'tt2025690', 'tt1509767', 'tt2382009', 'tt1666801', 'tt1588173', 'tt2172934', 'tt3247714', 'tt1854564']"," I choose this movie because it is based on a true story and depicts a thrilling rescue mission in challenging conditions. The plot of the movie, where a small group of Coast Guard members risk their lives to save stranded sailors, intrigues me and I am interested in watching the heroic efforts and the resilience of the characters involved.",4
324,tt4073952,"['8', '7', '6']","['tt4073952', 'tt2404425', 'tt1978532']", I choose this movie because I enjoy watching stand-up comedy and the plot description suggests that it offers a fresh and funny perspective on the struggles between men and women.,0
325,tt1981677,"['7', '8', '6', '9', '7', '5', '6', '8', '7', '9', '8', '7', '5']","['tt1981677', 'tt2294629', 'tt2920540', 'tt2076220', 'tt2245195', 'tt4191054', 'tt1336608', 'tt2294629', 'tt1981677', 'tt2474024', 'tt1204342', 'tt1742044', 'tt4191054']", I choose this movie because I enjoy musical films and the plot of a collegiate a cappella group trying to find their new sound and get back into the competition sounds interesting to me.,0
326,tt1677561,"['8', '7', '6', '9', '10']","['tt4073952', 'tt2404425', 'tt1978532', 'tt2962876', 'tt1677561']", The idea of a soul getting a second chance in the body of a teenager and unraveling mysteries from both its own past life and the reasons behind the teenager's suicide is captivating to me. I am curious to see how the story unfolds and how the different shades of grey and colors are portrayed in the film.,4
327,tt2962876,"['8', '7', '6', '9', '8', '5', '7', '9', '6', '8']","['tt4073952', 'tt2404425', 'tt1978532', 'tt2962876', 'tt1677561', 'tt1349482', 'tt2429074', 'tt1837709', 'tt1234721', 'tt2493486']"," I choose this movie because the plot seems intriguing and unique, focusing on a young man with Tourette Syndrome and his journey of self-discovery. The combination of the road trip element and the exploration of mental health issues makes it a compelling choice for me.",3
328,tt2962876,"['8', '7', '6', '9', '8', '5', '7', '9']","['tt4073952', 'tt2404425', 'tt1978532', 'tt2962876', 'tt1677561', 'tt1349482', 'tt2429074', 'tt1837709']", I choose this movie because the plot seems intriguing and unique. The story of a young man with Tourette Syndrome going on a road trip with an anorexic woman and an OCD roommate sounds like it would provide a lot of interesting and heartfelt moments.,3
329,tt2802144,"['8', '7', '6', '5', '9', '4', '7', '6', '9', '8']","['tt4116284', 'tt2267968', 'tt0803096', 'tt1502404', 'tt1232829', 'tt1428538', 'tt1618442', 'tt1496025', 'tt2802144', 'tt4853102']"," I choose this movie because it has a high rating of 9 and the plot seems intriguing with a mix of action, suspense, and a secret organization. The presence of talented actors like Colin Firth and Samuel L. Jackson also adds to my interest in watching this film.",8
330,tt2042568,"['7', '6', '8', '9', '7', '6', '5', '9', '8', '7']","['tt3832914', 'tt4193394', 'tt2094064', 'tt2347134', 'tt5555502', 'tt1462769', 'tt1243974', 'tt2042568', 'tt2756032', 'tt5129510']"," I rate it 9. I choose this movie because I am intrigued by the premise of following a week in the life of a young folk singer in the Greenwich Village folk scene of 1961. The struggles and obstacles faced by the protagonist, as well as the setting and time period, appeal to my interest in music and history.",7
331,tt2802144,"['7', '6', '8', '9', '7', '5', '4', '6', '9', '8', '6']","['tt2347134', 'tt2027128', 'tt1428538', 'tt2267968', 'tt1232829', 'tt2458106', 'tt2808986', 'tt1496025', 'tt2802144', 'tt4116284', 'tt1397514']"," I choose this movie because it has a high rating of 9 and the plot seems intriguing with a mix of action, espionage, and a secret organization. The presence of talented actors like Colin Firth and Samuel L. Jackson also adds to my interest in watching this film.",8
332,tt1677561,"['8', '7', '6', '9', '10']","['tt4073952', 'tt2404425', 'tt1978532', 'tt2962876', 'tt1677561']", The idea of a soul getting a second chance in the body of a teenager and unraveling mysteries from both its own past life and the reasons behind the teenager's suicide is captivating to me. I am curious to see how the story unfolds and how the different shades of grey and colors are portrayed in the film.,4
333,tt0816692,"['8', '7', '6', '9', '8', '5', '7', '9', '8', '7', '10']","['tt4073952', 'tt2404425', 'tt1978532', 'tt2962876', 'tt1677561', 'tt1349482', 'tt2429074', 'tt1837709', 'tt1234721', 'tt2493486', 'tt0816692']"," I choose this movie because it explores the concept of interstellar travel and the survival of humanity. The plot of Earth's future being plagued by disasters and the search for a new habitable planet intrigues me. Additionally, the idea of exploring a newly discovered wormhole and the unknown possibilities it holds adds to the excitement. Overall, the combination of science fiction, adventure, and the potential for a thought-provoking storyline makes",10
334,tt2883512,"['7', '6', '8', '5', '6', '9', '4', '9', '3', '2', '4']","['tt2883512', 'tt1588173', 'tt3553442', 'tt1666801', 'tt1650043', 'tt1478964', 'tt1397514', 'tt1430607', 'tt4009460', 'tt1935929', 'tt4126340']"," I choose this movie because it has a rating of 7, which is the highest among the movies I have viewed.",0
335,tt0816692,"['5', '8', '6', '9', '7', '10', '4', '9', '8', '10', '7', '9', '6']","['tt0089538', 'tt1631867', 'tt1349482', 'tt4299972', 'tt1978532', 'tt0114709', 'tt2429074', 'tt2278388', 'tt1234721', 'tt0816692', 'tt1837709', 'tt1677561', 'tt2172934']"," I choose this movie because it explores the concept of interstellar travel and the survival of humanity. The plot is intriguing and the idea of exploring new planets and the unknown is fascinating to me. Additionally, the movie has received a high rating, indicating that it is well-regarded by others.",9
336,tt1462769,"['7.5', '4.2', '6.8', '8.2', '9.0', '7.9', '8.5', '9.2', '5.1', '7.3', '8.7']","['tt1430607', 'tt1935929', 'tt5368354', 'tt1666801', 'tt1478964', 'tt2065968', 'tt1462769', 'tt1588173', 'tt2828996', 'tt1650043', 'tt3553442']"," I choose this movie because it combines elements of action, sci-fi, and comedy, which are genres I enjoy. The plot of a group of inner-city kids defending their neighborhood against an alien invasion sounds exciting and entertaining. Additionally, the positive rating of 9.0 suggests that it is a well-received film, further piquing my interest.",6
337,tt1596365,"['6.5', '7.2', '8.0', '6.8', '7.5', '5.2', '7.8', '8.2', '9.0', '8.5', '7.0']","['tt2345759', 'tt4348012', 'tt0905372', 'tt1727776', 'tt3099498', 'tt3201722', 'tt3067274', 'tt2581244', 'tt1596365', 'tt1441395', 'tt2140423']", I choose this movie because it has a high rating of 9.0 and the plot description intrigues me. The idea of a haunted house and a vengeful ghost seeking revenge is captivating. I am drawn to supernatural thrillers and this movie seems to offer a suspenseful and chilling experience.,8
338,tt1588173,"['7.5', '4.0', '8.0', '3.5', '2.0', '6.5', '5.0', '7.0', '4.5', '8.0', '9.0', '6.5', '7.0', '8.5']","['tt1430607', 'tt4877122', 'tt2546038', 'tt1935929', 'tt4009460', 'tt1798603', 'tt2828996', 'tt1397514', 'tt4126340', 'tt1243974', 'tt2883512', 'tt1650043', 'tt1666801', 'tt1588173']"," I choose this movie because it offers a unique twist on the zombie genre, exploring themes of love, humanity, and redemption. The plot is intriguing, and the idea of a zombie regaining his humanity and forming a connection with a human is both heartwarming and thought-provoking. The movie also delves into the concept of bridging differences and finding common ground, which adds depth to the story. Overall, """,13
339,tt0905372,"['7.5', '6.8', '7.2', '5.4', '7.0', '8.2', '8.0', '7.6', '6.9', '7.3', '8.1', '8.5', '6.2', '7.4', '6.7', '6.5', '5.2', '6.3']","['tt1714915', 'tt3705412', 'tt3067274', 'tt3201722', 'tt3487994', 'tt0905372', 'tt0816711', 'tt4094724', 'tt1727776', 'tt3099498', 'tt1596365', 'tt1441395', 'tt2345759', 'tt2581244', 'tt2140423', 'tt4464394', 'tt3899796', 'tt4796122']"," I choose this movie because I am intrigued by the concept of a group of people trapped in an isolated location, facing a mysterious and deadly threat. The idea of a shape-shifting alien creature and the suspenseful atmosphere of the film captivate my interest.",5
340,tt1588173,"['2.5', '3.5', '4.0', '2.0', '4.5', '1.5', '4.8', '4.2', '4.7', '3.8', '4.3']","['tt4877122', 'tt1397514', 'tt2546038', 'tt2828996', 'tt1430607', 'tt1935929', 'tt2883512', 'tt3553442', 'tt1478964', 'tt1666801', 'tt1588173']"," I choose this movie because it offers a unique twist on the zombie genre, exploring themes of love, humanity, and redemption. The idea of a zombie protagonist regaining his humanity and forming a connection with a human is intriguing and adds depth to the story. Additionally, the film combines elements of romance, comedy, and action, making it an entertaining and engaging watch.",10
341,tt0905372,"['7.5', '8.2', '6.9', '7.8', '8.4', '7.3', '8.1', '7.6', '7.2', '6.5']","['tt1441395', 'tt1714915', 'tt4126568', 'tt4094724', 'tt0905372', 'tt3067274', 'tt0816711', 'tt3705412', 'tt3487994', 'tt3201722']"," I choose this movie because I am intrigued by the concept of an alien creature infecting and transforming the members of a research team in an isolated Antarctic setting. The suspense and horror elements, combined with the mystery surrounding the creature, make it a compelling choice for me.",4
342,tt1978532,"['4.5', '6.5', '7.2']","['tt0089538', 'tt1349482', 'tt1978532']", I choose this movie because it seems to have an interesting and comedic plot about friends trying to find a wife for their socially inappropriate friend. The idea of their plan backfiring when he meets someone just like him adds an intriguing twist.,2
343,tt1631867,"['4.5', '8.5', '6.5']","['tt0089538', 'tt1631867', 'tt1349482']"," The plot of the movie, involving a time loop and a relentless alien invasion, sounds intriguing and action-packed. I am interested in seeing how the protagonist, Major William Cage, learns to fight and strategize against the aliens with each repeated encounter.",1
344,tt4348012,"['5', '3', '7', '4', '6', '8', '2', '1', '9', '10', '7']","['tt4796122', 'tt2140423', 'tt2274570', 'tt2828996', 'tt3732950', 'tt4126568', 'tt3899796', 'tt4831420', 'tt4464394', 'tt4348012', 'tt1727776']"," I choose this movie because it has a unique and intriguing plot about a virus that causes people to act out their wildest impulses. The idea of being trapped in a quarantined building and having to fight for survival is thrilling and intense. Additionally, the concept of a corporate law office being infected adds an interesting twist to the story. Overall, ""Mayhem"" promises to be an exciting and action-packed movie experience.",9
345,tt1631867,"['3.5', '4.5', '2.5']","['tt0089538', 'tt1631867', 'tt1349482']",,1
346,tt1430607,"['7', '8', '3', '1', '6', '2', '4', '9', '5', '2']","['tt1588173', 'tt2883512', 'tt4126340', 'tt4009460', 'tt1397514', 'tt2828996', 'tt4877122', 'tt1430607', 'tt2546038', 'tt1935929']", I choose this movie because it reveals the behind-the-scenes operation of Santa's gift delivery and offers a heartwarming story about a dysfunctional family and an unlikely hero. The plot seems intriguing and I am interested in seeing how the movie presents a unique answer to the question of how Santa delivers presents in one night.,7
347,tt2274570,"['7', '3', '2', '6', '2', '4', '8', '5', '3', '7', '2']","['tt4348012', 'tt4796122', 'tt4831420', 'tt2140423', 'tt3899796', 'tt2274570', 'tt4126568', 'tt3732950', 'tt4464394', 'tt1727776', 'tt2828996']", I select this movie because the plot seems unique and intriguing. The idea of a stress-induced creature exiting someone's body and seeking revenge is both bizarre and interesting. I am curious to see how the story unfolds and how the main character deals with this unusual situation.,5
348,tt2802144,"['6.5', '7.2', '8.0', '7.8', '8.2', '9.0', '7.5', '6.2', '7.0', '8.5', '6.8', '7.2']","['tt1428538', 'tt1496025', 'tt1232829', 'tt2267968', 'tt4116284', 'tt2802144', 'tt1618442', 'tt4464394', 'tt2381991', 'tt5607028', 'tt1397514', 'tt1815862']"," I choose this movie because it has a high rating of 9.0 and the plot seems intriguing with a mix of action and espionage. Additionally, the presence of Colin Firth and Samuel L. Jackson in the cast adds to my interest in watching this film.",5
349,tt2883512,"['7.5', '8.2', '6.9', '8.5', '9.0', '7.8', '8.7', '7.2', '9.3', '7.6']","['tt1924273', 'tt1462769', 'tt5368354', 'tt2756032', 'tt2065968', 'tt3553442', 'tt1478964', 'tt1715873', 'tt2883512', 'tt1666801']", I choose this movie because it has a high rating of 9.3 and the plot of a renowned chef rediscovering his passion for cooking and finding a deeper connection with his life and family sounds intriguing and heartwarming.,8
350,tt2576852,"['7.5', '6.2', '8.3', '5.7', '9.0', '7.8', '8.5', '9.2', '6.4', '8.0', '7.2', '8.7', '8.4', '9.1', '7.9']","['tt3564794', 'tt2404233', 'tt5607028', 'tt2379386', 'tt2576852', 'tt2381991', 'tt1837709', 'tt1865505', 'tt0990407', 'tt1935859', 'tt0829150', 'tt1839492', 'tt0800369', 'tt0770828', 'tt1462769']"," I choose this movie because it has the highest rating among the options provided, with a rating of 9.0.",4
351,tt1855199,"['6.5', '7.2', '6.8', '8.3', '7.9', '8.6', '8.2', '7.4', '8.8']","['tt3327624', 'tt2231253', 'tt1978532', 'tt2390361', 'tt1742044', 'tt1216491', 'tt2404425', 'tt3553442', 'tt1855199']"," I choose this movie because it has a high rating and the plot seems intriguing, with a mix of action, suspense, and personal relationships. The story of two street cops facing danger and navigating through internal conflicts and external threats from a Mexican cartel sounds gripping and intense.",8
352,tt2802144,"['7.5', '8.0', '9.0', '6.5', '7.0', '8.5', '6.0', '9.0', '8.5', '7.0', '7.5', '8.0', '9.5', '8.0', '7.0']","['tt2381991', 'tt2347134', 'tt5607028', 'tt1397514', 'tt4464394', 'tt3247714', 'tt1815862', 'tt4116284', 'tt2267968', 'tt1496025', 'tt1428538', 'tt1232829', 'tt2802144', 'tt2027128', 'tt1937133']"," I choose this movie because it has a high rating of 9.5 and the plot description intrigues me. The idea of a secret organization, action-packed sequences, and the involvement of Colin Firth and Samuel L. Jackson make it an appealing choice.",12
353,tt2379386,"['5', '4']","['tt2379386', 'tt2381991']"," I choose this movie because I am intrigued by the idea of a modern-day hitman being transported back to the middle ages and having to fight a massive army and a fire-breathing dragon. The plot sounds action-packed and the special effects are described as mind-blowing, which makes me excited to watch it.",0
354,tt1978532,"['4.5', '6.5', '7.2']","['tt0089538', 'tt1349482', 'tt1978532']", I choose this movie because it seems to have an interesting and comedic plot about friends trying to find a wife for their socially inappropriate friend. The idea of their plan backfiring when he meets someone just like him adds an intriguing twist.,2
355,tt1631867,"['4.5', '8.5', '6.5', '9.0']","['tt0089538', 'tt1631867', 'tt1349482', 'tt4299972']","5, which is the highest among the movies mentioned. Additionally, the plot of the movie about a time loop and a relentless alien assault sounds intriguing and action-packed, making it a compelling choice for me to watch.",1
356,tt1441395,"['7.5', '8.2', '6.9', '7.1', '8.4', '6.3', '8.7', '9.2', '7.8', '5.2']","['tt3705412', 'tt1714915', 'tt3099498', 'tt3732950', 'tt4094724', 'tt4464394', 'tt1596365', 'tt1441395', 'tt2140423', 'tt3201722']"," I choose this movie because it has a high rating of 9.2, indicating that it is highly regarded by viewers. The plot description also intrigues me, as it explores the concept of an alien entity discovering its own humanity. This combination of a compelling storyline and positive reception makes me want to watch and explore the depths of ""Under the Skin"".",7
357,tt1441395,"['7.5', '6.2', '8.0', '4.5', '9.2', '7.8', '8.5', '6.7', '7.9', '8.3', '5.2']","['tt1714915', 'tt3487994', 'tt3067274', 'tt3201722', 'tt3705412', 'tt4094724', 'tt1441395', 'tt3099498', 'tt1596365', 'tt0905372', 'tt2828996']"," I choose this movie because it has a high rating of 8.5, indicating that it is well-regarded by viewers. Additionally, the plot description intrigues me with its exploration of an alien entity discovering its humanity, promising a unique and thought-provoking viewing experience.",6
358,tt3896198,"['7.5', '6.5', '6.8', '7.2', '4.3', '8.2', '5.6', '7.0', '6.3', '8.5']","['tt3778644', 'tt1698647', 'tt1397514', 'tt1620680', 'tt3899796', 'tt4547056', 'tt4464394', 'tt3480796', 'tt1267299', 'tt3896198']"," 2"" with the imdbID tt3896198. I choose this movie because it has a high rating and the plot seems intriguing. Additionally, I enjoyed the first Guardians of the Galaxy movie and I am interested in seeing how the story continues in the sequel.",9
359,tt1855199,"['6.5', '7.2', '8.3', '6.8', '7.1', '7.4', '8.2', '7.6', '7.9', '7.3', '8.7']","['tt2134170', 'tt4651410', 'tt2347134', 'tt1829012', 'tt2167202', 'tt1308729', 'tt2172934', 'tt2679042', 'tt2140423', 'tt4442130', 'tt1855199']"," I choose this movie because it has a high rating and the plot seems intriguing, with a mix of action, suspense, and personal relationships. The story of two dedicated police officers facing danger and navigating through the complexities of their profession and personal lives is something that I find compelling.",10
360,tt1588173,"['7.5', '6.8', '7.2', '8.3', '4.2', '5.1', '3.9', '8.6', '7.2', '2.5', '8.1', '7.9', '6.7', '8.2', '7.6', '8.4', '5.2', '4.1']","['tt1666801', 'tt1462769', 'tt1924273', 'tt2883512', 'tt4877122', 'tt4126340', 'tt2828996', 'tt1430607', 'tt1397514', 'tt4009460', 'tt1588173', 'tt2065968', 'tt1650043', 'tt2756032', 'tt2546038', 'tt1478964', 'tt5368354', 'tt1935929']"," I choose this movie because it has a unique and intriguing plot about a zombie who starts regaining his humanity and forms a warm relationship with a human. The concept of bridging the differences between two opposing sides and fighting for a better world is appealing to me. Additionally, the movie has received a high rating, indicating that it is well-received by viewers.",10
361,tt1618442,"['6.5', '5.0', '7.0', '6.8']","['tt4191054', 'tt2017020', 'tt1618442', 'tt2870808']",""" I choose this movie because I am intrigued by the concept of witches living amongst us and the idea of a lone witch hunter battling supernatural creatures. The plot seems to have a good mix of action and fantasy elements, which I find appealing.",2
362,tt2380307,"['6.5', '7.2', '6.8', '8.3', '6.2', '7.8', '6.4', '9.2', '8.7', '7.9']","['tt1402488', 'tt2065968', 'tt5184298', 'tt3262342', 'tt5480340', 'tt1690953', 'tt1691917', 'tt2380307', 'tt3521164', 'tt1623288']"," I choose this movie because it has a high rating of 9.2 and the plot seems intriguing. The idea of exploring the Land of the Dead and uncovering the truth behind the protagonist's family history sounds captivating. Additionally, the theme of pursuing one's passion and breaking free from family expectations resonates with me.",7
363,tt1201607,"['8', '6', '7', '9', '8', '10', '7', '9', '5', '8']","['tt1192628', 'tt1355638', 'tt1840309', 'tt1302011', 'tt1509767', 'tt1201607', 'tt0401729', 'tt3922818', 'tt1815862', 'tt5607028']"," I choose this movie because I am a fan of the Harry Potter series and have been eagerly following the story of Harry, Ron, and Hermione throughout their journey. Additionally, the final installment promises an epic conclusion to the series, with a climactic battle between good and evil. I am excited to see how the story unfolds and witness the resolution of the long-standing conflicts.",5
364,tt0816692,"['5', '8', '6', '9', '7', '10', '4', '9', '8', '10', '7', '9', '6', '8', '5', '7', '8']","['tt0089538', 'tt1631867', 'tt1349482', 'tt4299972', 'tt1978532', 'tt0114709', 'tt2429074', 'tt2278388', 'tt1234721', 'tt0816692', 'tt1837709', 'tt1677561', 'tt2172934', 'tt2404425', 'tt2548208', 'tt4324274', 'tt2493486']"," I choose this movie because it has a rating of 10, indicating that it is highly regarded. Additionally, the plot description of Earth's future, interstellar travel, and the pursuit of human survival intrigues me. I am drawn to the themes of exploration, adventure, and the unknown, which I believe this movie offers.",9
365,tt0816692,"['8', '7', '6', '9', '10', '5', '7', '8', '9', '7', '10', '9', '8', '6', '7', '10', '9', '4']","['tt4073952', 'tt2404425', 'tt1978532', 'tt2962876', 'tt1677561', 'tt1349482', 'tt2429074', 'tt1837709', 'tt1234721', 'tt2493486', 'tt0816692', 'tt0114709', 'tt4299972', 'tt2548208', 'tt2172934', 'tt2278388', 'tt1631867', 'tt0089538']"," I choose this movie because it offers a captivating and thought-provoking storyline about the future of humanity and the exploration of space. The concept of interstellar travel and the search for a habitable planet adds an element of adventure and suspense. Additionally, the film has received critical acclaim for its stunning visuals and emotional depth, making it a compelling choice for me to watch.",10
366,tt0816692,"['8', '7', '6', '9', '8', '5', '7', '9', '6', '8', '10', '9', '7']","['tt4073952', 'tt2404425', 'tt1978532', 'tt2962876', 'tt1677561', 'tt1349482', 'tt2429074', 'tt1837709', 'tt1234721', 'tt2493486', 'tt0816692', 'tt0114709', 'tt4299972']"," I choose this movie because it has a rating of 10, indicating that it is highly regarded. Additionally, the plot description of Earth's future, interstellar travel, and the search for a new planet for human survival intrigues me. I am drawn to the themes of exploration, adventure, and the potential for a new beginning.",10
367,tt2962876,"['8', '7', '6', '9']","['tt4073952', 'tt2404425', 'tt1978532', 'tt2962876']"," I choose this movie because the plot seems unique and intriguing. The idea of following the journey of a young man with Tourette Syndrome, his unconventional therapist, and his fellow patients on a road trip to deliver his mother's ashes sounds like a compelling and heartfelt story.",3
368,tt5362988,"['7', '6', '8', '5', '4', '9', '7', '8', '9', '10', '6']","['tt3973198', 'tt4547056', 'tt2450186', 'tt4471456', 'tt1865393', 'tt2025690', 'tt3062096', 'tt1600196', 'tt4912910', 'tt5362988', 'tt2059171']"," I choose this movie because it has received a rating of 10, which indicates that it is highly regarded. Additionally, the plot description intrigues me with its mystery and the promise of justice being served.",9
369,tt2962876,"['8', '7', '6', '9', '10', '5', '7', '8', '9']","['tt4073952', 'tt2404425', 'tt1978532', 'tt2962876', 'tt1677561', 'tt1349482', 'tt2429074', 'tt1837709', 'tt1234721']"," I rate it 9. I choose this movie because the plot seems intriguing and unique, focusing on a young man with Tourette Syndrome and his journey of self-discovery. The combination of love, friendship, and a road trip adds an interesting dynamic to the story. I am curious to see how the characters navigate their challenges and how their relationships evolve throughout the film.",3
370,tt4547056,"['7', '6', '4', '8', '9', '10', '8', '9', '7', '6', '8', '9']","['tt3973198', 'tt2450186', 'tt1865393', 'tt4471456', 'tt4547056', 'tt2911666', 'tt0790724', 'tt4912910', 'tt2025690', 'tt2059171', 'tt1600196', 'tt5362988']"," I choose this movie because it has a unique and intriguing plot set in a dystopian future. The idea of a fungal disease turning people into flesh-eating creatures and the existence of hybrid children who retain their humanity is fascinating. The movie explores themes of survival, identity, and the moral complexities of the situation. I am drawn to the suspense and emotional depth that this movie promises, making it my top choice",4
371,tt2962876,"['8', '7', '6', '9', '8', '5', '7', '9', '6']","['tt4073952', 'tt2404425', 'tt1978532', 'tt2962876', 'tt1677561', 'tt1349482', 'tt2429074', 'tt1837709', 'tt1234721']", I choose this movie because the plot about a young man with Tourette Syndrome and his journey of self-discovery and love seems intriguing and unique.,3
372,tt0816692,"['8', '7', '6', '9', '10', '5', '7', '8', '9', '7', '10', '9', '8', '6', '7']","['tt4073952', 'tt2404425', 'tt1978532', 'tt2962876', 'tt1677561', 'tt1349482', 'tt2429074', 'tt1837709', 'tt1234721', 'tt2493486', 'tt0816692', 'tt0114709', 'tt4299972', 'tt2548208', 'tt2172934']"," I choose this movie because I am intrigued by the concept of interstellar travel and the exploration of new worlds. The plot of Earth's future being threatened by disasters and the need for humanity to find a new home resonates with me. Additionally, the idea of a newly discovered wormhole and the challenges faced by the astronauts on their mission captivate my interest.",10
373,tt1631867,"['6', '7', '4', '8', '5', '9', '10', '8', '7', '6', '9']","['tt1698647', 'tt4547056', 'tt2808986', 'tt1298554', 'tt4788944', 'tt2231461', 'tt1631867', 'tt1825683', 'tt2660888', 'tt1620680', 'tt3778644']"," I choose this movie because it has a unique and intriguing plot. The idea of a time loop and the protagonist's journey of becoming a skilled fighter against alien adversaries is captivating. Additionally, the presence of Tom Cruise and Emily Blunt in the lead roles adds to the appeal.",6
374,tt2380307,"['7', '8', '6', '9', '5', '7', '8', '9', '10', '8', '10', '6', '9', '7', '4', '8', '9', '3']","['tt5480340', 'tt3262342', 'tt2065968', 'tt5184298', 'tt1402488', 'tt2293640', 'tt1430626', 'tt1690953', 'tt3521164', 'tt1623288', 'tt2380307', 'tt1691917', 'tt1430607', 'tt2452042', 'tt3416828', 'tt2865120', 'tt2576852', 'tt4877122']"," I choose this movie because it has a rating of 10, indicating that it is highly regarded. Additionally, the plot description of ""Coco"" intrigues me with its themes of family, music, and uncovering the truth about one's heritage. The concept of exploring the Land of the Dead and the vibrant visuals associated with it also pique my interest.",10
375,tt1839492,"['8', '6', '7', '5', '9', '8', '7', '8', '4', '9']","['tt1865505', 'tt0990407', 'tt1935859', 'tt0829150', 'tt1839492', 'tt0800369', 'tt0770828', 'tt3564794', 'tt2404233', 'tt5607028']"," I choose this movie because it has a unique and intriguing plot about a writer who brings his dream girl to life through his writing. The concept of being able to control and shape a person's actions through words is fascinating to me. Additionally, the movie explores themes of love, creativity, and the power of imagination. Overall, ""Ruby Sparks"" seems like a thought-provoking and entertaining choice to watch.",4
376,tt1430607,"['6.5', '7.2', '4.1', '8.3', '7.8']","['tt1216475', 'tt1192628', 'tt1935929', 'tt1430607', 'tt1441952']"," I choose this movie because it has the highest rating among the options provided and the plot seems interesting, combining the concept of Santa Claus with a story about family and an unlikely hero.",3
377,tt1748122,"['6.5', '7.2', '7.8', '8.5', '7.9', '9.2', '8.1', '9.0', '7.4', '8.2', '6.3']","['tt1540128', 'tt1067774', 'tt2870808', 'tt1748122', 'tt2073520', 'tt2209418', 'tt1441952', 'tt2053425', 'tt1710417', 'tt1473832', 'tt4465564']"," I choose this movie because it has the highest rating among the options provided, with a rating of 8.5. Additionally, the plot description of two young individuals falling in love and the town being turned upside down intrigues me and suggests that it may be an interesting and unique story to watch.",3
378,tt4547056,"['3.5', '4.0', '3.0', '4.5', '4.0', '4.5', '2.5', '3.0', '3.5', '3.0']","['tt3732950', 'tt5254868', 'tt3181822', 'tt4471456', 'tt2025690', 'tt4547056', 'tt1865393', 'tt3480796', 'tt2134170', 'tt4126568']"," I choose this movie because the plot description intrigued me with its dystopian setting and unique twist on the zombie genre. The idea of hybrid children who retain their ability to think and feel, while also craving human flesh, adds an interesting layer to the story. Additionally, the bond formed between the school teacher and the exceptional girl adds an emotional aspect to the narrative. Overall, I am curious to see how the characters",5
379,tt3922818,"['5', '3', '4', '2', '7', '6', '8', '6', '9', '8']","['tt2379386', 'tt1815862', 'tt2404233', 'tt3480796', 'tt5607028', 'tt2381991', 'tt3416828', 'tt1397514', 'tt3922818', 'tt1509767']"," I choose this movie because the plot seems intriguing and unique. The idea of a boy born on Mars and his journey to Earth to discover his origins and find his father is captivating. The combination of science fiction, adventure, and the exploration of human connections makes it an interesting choice for me.",8
380,tt2025690,"['5', '7', '6', '8', '4', '9']","['tt1865393', 'tt4547056', 'tt2450186', 'tt4471456', 'tt3973198', 'tt2025690']"," I choose this movie because I am intrigued by stories of survival and the bravery of individuals in the face of extreme adversity. The plot of the movie, with its depiction of a daring rescue mission in treacherous conditions, captures my interest and makes me want to watch it.",5
381,tt1430607,"['7.5', '6.8', '8.2', '7.4', '8.1', '6.5', '4.2', '6.7', '8.3', '5.2', '8.6', '4.1', '7.8', '7.2']","['tt2883512', 'tt3553442', 'tt1478964', 'tt1666801', 'tt1588173', 'tt1650043', 'tt4877122', 'tt1397514', 'tt2546038', 'tt2828996', 'tt1430607', 'tt1935929', 'tt1462769', 'tt1924273']", I chose this movie because it has a high rating of 8.6 and the plot seems intriguing. The idea of exploring how Santa delivers presents in one night and the focus on family dynamics and an unlikely hero caught my attention. I'm interested in watching a heartwarming and imaginative holiday film.,10
382,tt1631867,"['4.5', '8.5', '6.5', '9.0']","['tt0089538', 'tt1631867', 'tt1349482', 'tt4299972']","5, which is the highest among the movies mentioned. Additionally, the plot of the movie about a time loop and a relentless alien assault sounds intriguing and action-packed, making it a compelling choice for me to watch.",1
383,tt1588173,"['3.5', '2.5', '4.0', '4.5', '3.0', '4.5', '2.0', '4.5', '4.0', '4.5', '3.5']","['tt2828996', 'tt4009460', 'tt4877122', 'tt1430607', 'tt1397514', 'tt2546038', 'tt1935929', 'tt1588173', 'tt1478964', 'tt3553442', 'tt1666801']", I choose this movie because it has a unique and intriguing plot about a zombie who starts regaining his humanity and forms a warm relationship with a human. The idea of a zombie romance mixed with elements of comedy and action sounds interesting and I'm curious to see how the story unfolds.,7
384,tt1631867,"['4.', '8.', '6.']","['tt0089538', 'tt1631867', 'tt1349482']",,1
385,tt0816692,"['3.5', '2.5', '4.0', '3.8', '4.5', '4.2', '4.7', '3.2', '4.3', '3.9', '4.6', '4.8', '4.9', '4.7', '5.0']","['tt0089538', 'tt1349482', 'tt1978532', 'tt2429074', 'tt1234721', 'tt1837709', 'tt2172934', 'tt2548208', 'tt2493486', 'tt4073952', 'tt2962876', 'tt4324274', 'tt2404425', 'tt1677561', 'tt0816692']"," I choose this movie because it offers a captivating and thought-provoking storyline about the survival of humanity and the exploration of space. The concept of interstellar travel and the unknown possibilities of other habitable planets intrigue me. Additionally, the film has received a high rating, indicating its quality and appeal to a wide audience.",14
386,tt1446714,"['7.5', '4.2', '8.9', '6.3', '7.2', '6.8', '8.2', '9.0', '8.7', '7.4', '5.1']","['tt2231461', 'tt4831420', 'tt1825683', 'tt1397514', 'tt4788944', 'tt1698647', 'tt3922818', 'tt1446714', 'tt4547056', 'tt1620680', 'tt3899796']"," I chose this movie because it has a high rating of 9.0, indicating that it is highly regarded by viewers. Additionally, the plot description of exploring a mysterious alien species and uncovering the secrets of human existence intrigues me.",7
387,tt1397514,"['7.5', '8.2', '7.8', '8.5', '6.9', '7.2', '4.3', '5.1', '3.8', '8.7', '7.9']","['tt3553442', 'tt2883512', 'tt1588173', 'tt1478964', 'tt1666801', 'tt1397514', 'tt1935929', 'tt4877122', 'tt2828996', 'tt2546038', 'tt1924273']"," I choose this movie because I enjoy adventure films and the plot of exploring a mysterious island sounds intriguing. Additionally, the presence of Dwayne ""The Rock"" Johnson in the cast adds to my interest in watching this movie.",5
388,tt1825683,"['2', '5', '4', '3', '4', '5', '2', '3', '4', '1', '1', '3', '5']","['tt1815862', 'tt3498820', 'tt3896198', 'tt1267299', 'tt3922818', 'tt1825683', 'tt4464394', 'tt3480796', 'tt5487524', 'tt4831420', 'tt3899796', 'tt1397514', 'tt1446714']"," I choose this movie because it has a rating of 5, which indicates that it is highly regarded. Additionally, the plot description of ""Black Panther"" intrigues me with its exploration of cultural identity, political conflict, and the superhero genre. I am interested in witnessing the story of T'Challa as he navigates the challenges of being a king and a hero.",5
389,tt1677561,"['7.5', '8.2', '6.9', '7.8', '9.1', '5.4', '7.2', '8.5', '7.9', '7.6']","['tt4073952', 'tt2404425', 'tt1978532', 'tt2962876', 'tt1677561', 'tt1349482', 'tt2429074', 'tt1837709', 'tt1234721', 'tt2493486']", I choose this movie because it has a high rating and the plot seems intriguing. The concept of a soul getting a second chance in the body of a teenager and unraveling mysteries sounds captivating.,4
390,tt2802144,"['8', '7', '6', '9', '8', '7', '6', '8', '9', '7']","['tt4116284', 'tt2267968', 'tt0803096', 'tt1502404', 'tt1232829', 'tt1428538', 'tt1618442', 'tt1496025', 'tt2802144', 'tt4853102']"," I choose this movie because it has a high rating of 9 and the plot seems intriguing. The idea of a secret organization, intense training, and a mission to make the world safe appeals to me. Additionally, the presence of talented actors like Colin Firth and Samuel L. Jackson adds to my interest in watching this film.",8
391,tt2576852,"['6.5', '7.2', '8.3', '9.0', '7.8', '8.5', '6.2', '5.8', '9.2', '7.0', '8.7', '7.4', '8.1', '7.9']","['tt0990407', 'tt0829150', 'tt0770828', 'tt1865505', 'tt1935859', 'tt1839492', 'tt1071875', 'tt0816462', 'tt2576852', 'tt2381991', 'tt5607028', 'tt1854564', 'tt1837709', 'tt3564794']"," I choose this movie because it has a high rating of 9.2, indicating that it is highly regarded by viewers. Additionally, the plot description of a princess found in a bamboo and the challenges she faces intrigued me. I am interested in watching a visually stunning and captivating story like this.",8
392,tt2883512,"['6.5', '7.5', '8.0', '7.0', '8.5', '6.0', '7.5', '9.0', '7.0', '8.0', '8.5', '9.0', '5.0', '7.0', ""I'm sorry, but I cannot provide a rating for that movie."", '8.5', '7.0', '4.0', '9.0']","['tt5368354', 'tt1478964', 'tt1588173', 'tt2065968', 'tt1430607', 'tt1715873', 'tt2546038', 'tt3553442', 'tt1650043', 'tt1924273', 'tt4651520', 'tt1462769', 'tt2828996', 'tt1397514', 'tt4009460', 'tt2756032', 'tt1666801', 'tt1935929', 'tt2883512']"," I choose this movie because it has a high rating of 9.0 and the plot seems intriguing. The story of a chef rediscovering his passion for cooking and finding a deeper connection with his family resonates with me. Additionally, the idea of a food truck journey across America sounds like an enjoyable and heartwarming experience.",18
393,tt1667353,"['5', '3', '1', '4', '7', '6', '2']","['tt1600195', 'tt4191054', 'tt3899796', 'tt1667353', 'tt0401729', 'tt1710396', 'tt1615918']",,3
394,tt0816692,"['4.5', '8.5', '6.5', '9.0', '7.0', '9.5', '7.0', '9.0', '8.0', '9.5', '6.0', '8.5', '7.0', '9.0', '6.5', '8.0', '7.5', '8.0']","['tt0089538', 'tt1631867', 'tt1349482', 'tt4299972', 'tt1978532', 'tt0114709', 'tt2429074', 'tt2278388', 'tt1234721', 'tt0816692', 'tt1837709', 'tt1677561', 'tt2172934', 'tt2404425', 'tt2548208', 'tt4324274', 'tt2493486', 'tt2962876']"," I choose this movie because it has a high rating of 9.5 and the plot about interstellar travel and the survival of humanity in a changing world intrigues me. Additionally, the concept of exploring new planets and the unknown depths of space is something that I find fascinating.",9
395,tt1430607,"['2.5', '3.5', '1.5', '4.5', '1.0', '2.0', '4.0', '4.5', '4.0', '3.5']","['tt4877122', 'tt1397514', 'tt2828996', 'tt1430607', 'tt4009460', 'tt1935929', 'tt2546038', 'tt3553442', 'tt1478964', 'tt1715873']"," I chose this movie because it has a high rating of 4.5 and the plot seems interesting and unique. The idea of exploring the behind-the-scenes operation of Santa Claus delivering presents is intriguing, and the focus on family and an unlikely hero adds depth to the story.",3
396,tt1234721,"['4.', '6.', '7.', '8.', '9.', '7.5.', '8.']","['tt0089538', 'tt1349482', 'tt1978532', 'tt2429074', 'tt1234721', 'tt1837709', 'tt2172934']"," I choose this movie because I am intrigued by the concept of a part-man, part-robot police officer and the ethical implications it presents. The plot seems to offer a combination of action, science fiction, and social commentary, which I find interesting.",4
397,tt1596365,"['7.5', '8.2', '6.9', '7.1', '8.4', '6.3', '8.7', '9.2', '7.8', '5.2']","['tt3705412', 'tt1714915', 'tt3099498', 'tt3732950', 'tt4094724', 'tt4464394', 'tt1596365', 'tt1441395', 'tt2140423', 'tt3201722']", I choose this movie because it has a high rating of 8.7 and the plot seems intriguing with a haunted house and vengeful ghost. I enjoy supernatural horror movies and this one seems to have a compelling storyline.,6
398,tt2802144,"['6.5', '7.2', '5.8', '8.1', '6.9', '8.3', '9.0', '7.8', '6.7', '7.4', '8.5', '7.2']","['tt2808986', 'tt2458106', 'tt0825283', 'tt2027128', 'tt1937133', 'tt2267968', 'tt4853102', 'tt1232829', 'tt1618442', 'tt1428538', 'tt2802144', 'tt0803096']"," I choose this movie because it has a high rating of 8.5 and it is known for its action-packed storyline and engaging characters. The combination of espionage, humor, and stylish action sequences makes it an exciting choice to watch.",10
399,tt2274570,"['8', '6', '2', '7', '3', '4', '9', '5', '6', '8', '3']","['tt4348012', 'tt4796122', 'tt4831420', 'tt2140423', 'tt3899796', 'tt2274570', 'tt4126568', 'tt3732950', 'tt4464394', 'tt1727776', 'tt2828996']", I choose this movie because the plot seems unique and intriguing. The idea of a stress-induced creature exiting the main character's body and seeking revenge is both bizarre and captivating. I am curious to see how the story unfolds and how the characters deal with this unusual situation.,5
400,tt2802144,"['8', '7', '6', '9', '8', '7', '6', '8', '9', '7']","['tt4116284', 'tt2267968', 'tt0803096', 'tt1502404', 'tt1232829', 'tt1428538', 'tt1618442', 'tt1496025', 'tt2802144', 'tt4853102']"," I choose this movie because it has a high rating of 9 and the plot seems intriguing. The idea of a secret organization, intense training, and a mission to make the world safe appeals to me. Additionally, the presence of talented actors like Colin Firth and Samuel L. Jackson adds to my interest in watching this film.",8
401,tt1349482,"['5', '7', '4', '8', '6']","['tt0089538', 'tt1631867', 'tt1349482', 'tt4299972', 'tt1978532']", I choose this movie because I enjoy watching cheerleading movies and the plot seems interesting with the main character facing off against a snobbish and competitive cheerleading captain.,2
402,tt4547056,"['7', '6', '4', '8', '9', '10', '8', '9', '7', '6']","['tt3973198', 'tt2450186', 'tt1865393', 'tt4471456', 'tt4547056', 'tt2911666', 'tt0790724', 'tt4912910', 'tt2025690', 'tt2059171']"," I choose this movie because it has a unique and intriguing plot set in a dystopian future. The idea of a fungal disease turning humans into flesh-eating creatures and the existence of hybrid children who retain their humanity is fascinating. The concept promises a thrilling and thought-provoking experience, making it a movie I am eager to watch.",4
403,tt1698647,"['7', '6', '8', '5', '4', '6', '9', '7', '6', '7']","['tt1840309', 'tt2017561', 'tt1825683', 'tt5480340', 'tt1698647', 'tt1397514', 'tt3922818', 'tt0401729', 'tt1355638', 'tt2381991']"," I choose this movie because I am intrigued by the concept of a dystopian society where love is considered a disease. I am curious to see how the protagonist, Lena, navigates her evaluation and the potential obstacles that arise in her quest for love.",4
404,tt0377981,"['6.5', '7.2', '5.8', '6.3']","['tt1402488', 'tt0377981', 'tt2167202', 'tt4651410']",,1
405,tt1690953,"['3.5', '4.5', '3.0', '4.0', '3.5', '3.0', '4.0', '3.5', '4.0']","['tt3732950', 'tt1690953', 'tt2345759', 'tt2044801', 'tt1886493', 'tt1308729', 'tt1978532', 'tt1071875', 'tt1496025']", I choose this movie because it has a high rating and it is a fun animated film that I can enjoy with my family.,1
406,tt1837709,"['4.5', '6.5', '7.2', '8.0', '9.2', '8.8', '7.5']","['tt0089538', 'tt1349482', 'tt1978532', 'tt2429074', 'tt1234721', 'tt1837709', 'tt2172934']"," I choose this movie because the plot description intrigues me with its blend of fantasy and romance set in the backdrop of New York City. The idea of a love story unfolding in a city filled with arctic winds and white lights captures my imagination. Additionally, the concept of a young girl who is dying adds an emotional depth to the story. Overall, I am drawn to the unique and captivating premise of Winter's Tale",5
407,tt1441395,"['7.5', '4.2', '6.8', '5.3', '8.2', '7.9', '6.5', '7.1', '8.0', '6.7']","['tt1596365', 'tt3899796', 'tt4796122', 'tt2828996', 'tt1441395', 'tt0905372', 'tt2581244', 'tt3067274', 'tt4094724', 'tt2140423']", I choose this movie because it has the highest rating among the options provided and the plot description intrigues me. The idea of an alien entity discovering its own humanity and the consequences that follow sounds fascinating.,4
408,tt1631867,"['4.5', '8.5', '6.5', '9.0']","['tt0089538', 'tt1631867', 'tt1349482', 'tt4299972']","5, which is the highest among the movies mentioned. Additionally, the plot of the movie about a time loop and a relentless alien assault sounds intriguing and action-packed, making it a compelling choice for me to watch.",1
409,tt2802144,"['7.5', '8.2', '6.8', '7.3', '8.1', '7.6', '7.9', '7.2', '8.5', '8.3', '7.1', '8.7', '7.4', '8.6', '6.2', '7.8', '7.3', '6.5', '8.1']","['tt4116284', 'tt2267968', 'tt0803096', 'tt1502404', 'tt1232829', 'tt1428538', 'tt1618442', 'tt1496025', 'tt2802144', 'tt4853102', 'tt1397514', 'tt5607028', 'tt3247714', 'tt2347134', 'tt4464394', 'tt2808986', 'tt1937133', 'tt0825283', 'tt2027128']"," I choose this movie because it has a high rating of 8.5, indicating that it is well-received by viewers. Additionally, the plot description of a secret organization, action-packed adventure, and the involvement of Colin Firth and Samuel L. Jackson pique my interest.",8
410,tt1446714,"['4', '5', '5', '2', '3', '5', '2', '3', '4', '1', '1', '4', '5']","['tt1815862', 'tt3498820', 'tt3896198', 'tt1267299', 'tt3922818', 'tt1825683', 'tt4464394', 'tt3480796', 'tt5487524', 'tt4831420', 'tt3899796', 'tt1397514', 'tt1446714']"," Additionally, I am intrigued by the plot that involves exploring the existence of superior extraterrestrial species and the potential implications for the future of humankind.",12
411,tt2042568,"['7.5', '8.2', '6.9', '8.5', '7.2', '7.8', '6.5', '7.3', '7.6', '8.1', '8.7', '8.4', '8.8', '9.2', '7.9']","['tt2053425', 'tt2347134', 'tt3231054', 'tt1430607', 'tt3832914', 'tt3210686', 'tt2528814', 'tt2140423', 'tt5129510', 'tt5555502', 'tt1091191', 'tt2025690', 'tt2094064', 'tt2042568', 'tt2756032']"," I choose this movie because it has a high rating and the plot description intrigues me. I am interested in exploring the Greenwich Village folk scene of 1961 and following the journey of a young folk singer. The struggles and obstacles faced by the protagonist seem compelling, and I am curious to see how he navigates through them.",13
412,tt4547056,"['7', '6', '8', '9', '5', '7', '8', '9', '10', '9', '10', '6', '7', '6', '4', '5', '3', '7']","['tt1698647', 'tt1298554', 'tt4788944', 'tt4547056', 'tt2808986', 'tt2231461', 'tt3778644', 'tt1446714', 'tt3896198', 'tt3498820', 'tt1825683', 'tt1620680', 'tt1815862', 'tt3480796', 'tt3899796', 'tt4464394', 'tt4831420', 'tt1397514']", I choose this movie because it has a unique and intriguing plot set in a dystopian world. The concept of a fungal disease turning people into flesh-eating creatures and the existence of hybrid children who retain their humanity adds an interesting twist to the story. The high rating of 9 also indicates that it is likely to be a well-made and engaging film.,3
413,tt1677561,"['7.5', '8.2', '6.9', '7.8', '9.1', '5.4', '7.2', '8.5', '7.9']","['tt4073952', 'tt2404425', 'tt1978532', 'tt2962876', 'tt1677561', 'tt1349482', 'tt2429074', 'tt1837709', 'tt1234721']", I choose this movie because it has a high rating and the plot seems intriguing and thought-provoking. The concept of a soul getting a second chance and uncovering the mysteries of its previous life and the reasons behind someone's suicide is captivating. I am interested in exploring the themes of redemption and self-discovery portrayed in this film.,4
414,tt1865505,"['7', '6', '8', '5', '9', '10', '7', '8', '9', '6', '7', '6', '9', '8', '10', '4', '3', '2', '9', '5']","['tt5184298', 'tt1402488', 'tt2235542', 'tt1429433', 'tt5480340', 'tt2096673', 'tt2100546', 'tt3874544', 'tt1865505', 'tt2112281', 'tt1216475', 'tt3416828', 'tt3411444', 'tt2452042', 'tt1430607', 'tt4592572', 'tt1935929', 'tt4009460', 'tt3231054', 'tt4877122']", I rate it 9 out of 10. I choose this movie because I am intrigued by the plot involving selkies and the journey to free fairy creatures. It sounds like a unique and enchanting story that I would love to watch.,8
415,tt2962876,"['8', '7', '6', '9', '8', '5', '7', '9', '8', '7']","['tt4073952', 'tt2404425', 'tt1978532', 'tt2962876', 'tt1677561', 'tt1349482', 'tt2429074', 'tt1837709', 'tt1234721', 'tt2493486']"," I choose this movie because the plot seems intriguing and unique, focusing on a young man with Tourette Syndrome and his journey of self-discovery. The combination of the road trip element and the exploration of mental health issues makes it an interesting choice for me.",3
416,tt3778644,"['2', '4', '3', '5', '2', '4', '3', '4', '5', '3', '5']","['tt3480796', 'tt3896198', 'tt1620680', 'tt1825683', 'tt2231461', 'tt3498820', 'tt5544384', 'tt3778644', 'tt2660888', 'tt1446714', 'tt1631867']"," I choose this movie because I am a fan of the Star Wars franchise and I enjoy the adventure and excitement that comes with it. Additionally, I am interested in learning more about the backstory of Han Solo and his interactions with characters like Chewbacca and Lando Calrissian.",7
417,tt1677561,"['7.5', '8.2', '6.9', '7.8', '9.1', '5.4', '7.2', '8.6', '7.9', '7.3']","['tt4073952', 'tt2404425', 'tt1978532', 'tt2962876', 'tt1677561', 'tt1349482', 'tt2429074', 'tt1837709', 'tt1234721', 'tt2493486']", I choose this movie because it has a high rating and the plot seems intriguing. The concept of a soul getting a second chance in the body of a teenager and unraveling mysteries sounds captivating.,4
418,tt2802144,"['7.5', '8.5', '6.5', '8.0', '7.5', '9.0', '7.0', '9.5', '6.0', '5.5', '8.0', '7.0']","['tt1496025', 'tt5607028', 'tt2458106', 'tt1232829', 'tt2267968', 'tt4116284', 'tt2808986', 'tt2802144', 'tt1937133', 'tt4464394', 'tt2027128', 'tt0825283']"," I choose this movie because it has a high rating of 9.5 and the plot description intrigues me. The idea of a secret organization, action-packed scenes, and the involvement of Colin Firth and Samuel L. Jackson make it an appealing choice.",7
419,tt1631867,"['4.5', '8.5', '6.5', '9.0', '7.0', '9.5', '7.0']","['tt0089538', 'tt1631867', 'tt1349482', 'tt4299972', 'tt1978532', 'tt0114709', 'tt2429074']","5, which is the highest among the movies mentioned. Additionally, the plot of the movie, involving a time loop and a battle against an alien race, sounds intriguing and action-packed.",1
420,tt1631867,"['4.5', '8.5', '6.5', '9.0', '7.0']","['tt0089538', 'tt1631867', 'tt1349482', 'tt4299972', 'tt1978532']","5, which is the highest among the movies mentioned. The plot of the movie, involving a time loop and a battle against aliens, sounds intriguing and action-packed. I am drawn to the idea of the protagonist improving their skills with each repeated encounter, and the presence of a strong female character adds to the appeal.",1
421,tt1631867,"['4.5', '8.5', '6.5']","['tt0089538', 'tt1631867', 'tt1349482']"," The plot of the movie, involving a time loop and a battle against an alien race, sounds intriguing and action-packed. I am interested in seeing how the protagonist, Major William Cage, develops his skills and strategizes to defeat the enemy.",1
422,tt5555502,"['2.5', '4.5', '3.5', '4.0', '4.5', '4.0', '3.5', '4.0', '4.5', '3.5', '4.0']","['tt2140423', 'tt2053425', 'tt3231054', 'tt3210686', 'tt5555502', 'tt2025690', 'tt1430607', 'tt4193394', 'tt1091191', 'tt2756032', 'tt2347134']"," I choose this movie because it tells a unique and inspiring story about a young doctor and his family facing challenges and trying to gain the trust of the locals in a rural village in France. It explores themes of cultural differences, acceptance, and perseverance, which I find intriguing.",4
423,tt1650062,"['6.5', '7.2', '5.8', '6.3', '8.2', '7.6', '7.9', '6.7', '8.4', '7.8']","['tt2044801', 'tt1401152', 'tt2382009', 'tt3181822', 'tt1650062', 'tt1837709', 'tt1957938', 'tt1712170', 'tt1216491', 'tt2076220']", I choose this movie because it has a high rating of 8.2 and the plot description intrigues me. The combination of a group of friends witnessing a catastrophic train crash and the subsequent mysterious events that unfold in their town sounds like an exciting and suspenseful storyline.,4
424,tt1667353,"['5', '3', '1', '4', '4', '3', '2']","['tt1600195', 'tt4191054', 'tt3899796', 'tt1667353', 'tt0401729', 'tt1710396', 'tt1615918']", I choose this movie because I enjoy fairy tale adaptations and the plot of Snow White reclaiming her birthright and winning back her prince sounds interesting to me.,3
425,tt3498820,"['3', '4', '2', '7', '1', '8', '6', '5', '9', '3', '6', '10']","['tt4464394', 'tt3922818', 'tt3899796', 'tt3778644', 'tt4831420', 'tt1446714', 'tt2231461', 'tt1397514', 'tt3896198', 'tt3480796', 'tt1815862', 'tt3498820']"," I choose this movie because I am a fan of superhero movies, and ""Captain America: Civil War"" is known for its intense action sequences and compelling storyline. Additionally, the conflict between the characters and the moral dilemmas they face make it an intriguing and thought-provoking film.",11
426,tt2278388,"['5', '7', '4', '8', '6', '9', '7', '9', '8']","['tt0089538', 'tt1631867', 'tt1349482', 'tt4299972', 'tt1978532', 'tt0114709', 'tt2429074', 'tt2278388', 'tt1234721']"," I choose this movie because it has a high rating of 9 and the plot description intrigues me. The adventures of M. Gustave and Zero Moustafa in a famous European hotel during the wars, along with the theft and recovery of a priceless painting, sound like an exciting and captivating story. I am also drawn to the backdrop of a changing continent, which adds depth to the narrative. Overall, the combination",7
427,tt3553442,"['7', '6', '8', '9', '8', '7', '6', '9', '5', '7', '8']","['tt5368354', 'tt1478964', 'tt1588173', 'tt2065968', 'tt1430607', 'tt1715873', 'tt2546038', 'tt3553442', 'tt1650043', 'tt1924273', 'tt4651520']", I choose this movie because it has a high rating of 9 and the plot seems intriguing. The story follows a news copywriter who decides to leave her comfortable life in New York to work as a reporter in war-torn Afghanistan. It explores her emotional journey and the challenges she faces in a dangerous and unfamiliar environment. I am interested in watching this movie because it offers a unique perspective on war journalism and,7
428,tt2065968,"['7', '6', '5', '8', '9', '8', '7', '9', '6', '8', '7']","['tt1462769', 'tt1924273', 'tt5368354', 'tt2065968', 'tt2756032', 'tt2883512', 'tt3553442', 'tt1478964', 'tt1666801', 'tt1588173', 'tt1650043']"," I rate it 8 out of 10. I choose this movie because I am intrigued by the plot involving the Viking town of Berk and their annual winter holiday of Snoggletog. The idea of the dragons suddenly flying away and Hiccup's journey to discover their secret and bring them back home early sounds exciting and heartwarming. I am a fan of animated movies and the """,3
429,tt1462769,"['7', '6', '8', '5', '9', '7', '8', '6', '9', '8', '7', '9', '6']","['tt2065968', 'tt1924273', 'tt2756032', 'tt5368354', 'tt1462769', 'tt1650043', 'tt3553442', 'tt4651520', 'tt1478964', 'tt1588173', 'tt1666801', 'tt2883512', 'tt2546038']", I choose this movie because the plot seems intriguing and unique. The idea of a couple experiencing the unexpected arrival of a child with leaves growing from his ankles sparks my curiosity. I am interested to see how the characters navigate parenthood and the lessons they learn along the way.,4
430,tt1462769,"['7', '6', '8', '9', '8', '7', '6', '9', '5', '7', '8', '9', '4']","['tt5368354', 'tt1478964', 'tt1588173', 'tt2065968', 'tt1430607', 'tt1715873', 'tt2546038', 'tt3553442', 'tt1650043', 'tt1924273', 'tt4651520', 'tt1462769', 'tt2828996']"," I choose this movie because the plot seems intriguing and heartwarming. The idea of a couple receiving unexpected parenthood and learning valuable lessons about being parents is something that resonates with me. Additionally, the concept of a child with leaves growing from his ankles adds a touch of magic and uniqueness to the story.",11
431,tt1666801,"['7.5', '8.2', '6.8', '9.0', '7.9', '8.5', '6.3', '4.2', '3.7', '7.1', '2.5']","['tt2883512', 'tt1478964', 'tt1666801', 'tt1588173', 'tt3553442', 'tt2546038', 'tt1397514', 'tt2828996', 'tt1935929', 'tt1798603', 'tt4009460']","8, which is the highest among the movies I have rated.",2
432,tt3498820,"['2', '3', '1', '8', '1', '9', '7', '6', '9', '4', '5', '10']","['tt4464394', 'tt3922818', 'tt3899796', 'tt3778644', 'tt4831420', 'tt1446714', 'tt2231461', 'tt1397514', 'tt3896198', 'tt3480796', 'tt1815862', 'tt3498820']"," Additionally, the plot of the movie, with the introduction of the Hero Registration Act and the division within The Avengers, adds an interesting layer of complexity to the story.",11
433,tt2065968,"['7.5', '8.2', '7.8', '6.9', '7.2', '8.4', '5.2', '3.6', '4.9', '8.1', '6.3', '7.8', '4.2', '8.6', '7.4', '8.2']","['tt1588173', 'tt1478964', 'tt3553442', 'tt1666801', 'tt1650043', 'tt2883512', 'tt2828996', 'tt4009460', 'tt4877122', 'tt1430607', 'tt1397514', 'tt2546038', 'tt1935929', 'tt2065968', 'tt1924273', 'tt2756032']"," I choose this movie because I am a fan of the ""How to Train Your Dragon"" franchise and I enjoy the combination of adventure, fantasy, and heartwarming storytelling that these movies offer. Additionally, the high rating of 8.6 suggests that it is well-received by viewers, further piquing my interest in watching it.",13
434,tt1840309,"['7.5', '6.5', '8.0', '5.5', '7.0', '8.5', '7.0', '9.0', '8.5', '7.0']","['tt3922818', 'tt1815862', 'tt5607028', 'tt2404233', 'tt1397514', 'tt1192628', 'tt1355638', 'tt1840309', 'tt1302011', 'tt1509767']"," I chose this movie because it has a rating of 9.0, indicating that it is highly regarded by viewers. Additionally, the plot description of a futuristic dystopia and a protagonist with a secret intrigued me, as it suggests a combination of action, suspense, and character development.",7
435,tt1631867,"['3.5', '4.5', '2.5']","['tt0089538', 'tt1631867', 'tt1349482']",,1
436,tt3922818,"['2.5', '3.5', '4.0', '4.5', '3.0', '2.0', '3.5', '4.0', '3.5', '3.0', '4.5']","['tt3899796', 'tt4464394', 'tt1267299', 'tt3922818', 'tt3327624', 'tt4831420', 'tt1397514', 'tt3480796', 'tt5487524', 'tt1815862', 'tt2231461']",,3
437,tt1631867,"['4.5', '8.5', '6.5', '9.0', '7.0', '9.5', '7.0']","['tt0089538', 'tt1631867', 'tt1349482', 'tt4299972', 'tt1978532', 'tt0114709', 'tt2429074']", I choose this movie because it has a high rating of 8.5 and the plot of a time loop and fighting against aliens sounds intriguing and action-packed.,1
438,tt1966566,"['6.5', '7.2', '8.0', '8.5', '9.0', '7.8', '6.2', '7.4', '7.6', '8.8']","['tt1844203', 'tt2177771', 'tt0485985', 'tt1809398', 'tt2057392', 'tt1253863', 'tt1399103', 'tt1234719', 'tt1217613', 'tt1966566']"," The rating of 8.8 indicates that it is highly regarded by other viewers, suggesting that it is a well-made and compelling film. Additionally, the plot description of the movie intrigues me, as it promises to tell a story of both the horrors and the triumphs of war, as well as the power of love.",9
439,tt1677561,"['7.5', '8.2', '6.9', '7.8', '9.1', '5.4', '7.2', '8.6', '7.9', '7.3']","['tt4073952', 'tt2404425', 'tt1978532', 'tt2962876', 'tt1677561', 'tt1349482', 'tt2429074', 'tt1837709', 'tt1234721', 'tt2493486']", I choose this movie because it has a high rating and the plot seems intriguing. The concept of a soul getting a second chance in the body of a teenager and unraveling mysteries sounds captivating.,4
440,tt0816692,"['8', '7', '6', '9', '8', '5', '7', '9', '6', '8', '10', '9', '7', '6', '8', '10', '9', '4']","['tt4073952', 'tt2404425', 'tt1978532', 'tt2962876', 'tt1677561', 'tt1349482', 'tt2429074', 'tt1837709', 'tt1234721', 'tt2493486', 'tt0816692', 'tt0114709', 'tt4299972', 'tt2548208', 'tt2172934', 'tt2278388', 'tt1631867', 'tt0089538']"," I choose this movie because it has a rating of 10, indicating that it is highly regarded. Additionally, the plot description of Earth's future, interstellar travel, and the search for a new habitable planet intrigues me. I am drawn to the themes of exploration, survival, and the unknown.",10
441,tt2379713,"['6', '8', '7', '9', '5', '8', '7', '9', '10', '8']","['tt2735292', 'tt3262342', 'tt1937133', 'tt2295196', 'tt2808986', 'tt3402236', 'tt4226388', 'tt1345836', 'tt2379713', 'tt1855199']"," I choose this movie because I am a fan of the James Bond franchise and I enjoy the action-packed and thrilling nature of the films. Additionally, the plot of Spectre seems intriguing with the introduction of the sinister organization S.P.E.C.T.R.E and the connection between Bond and his enemy.",8
442,tt3922818,"['7', '6', '8', '9', '7', '5', '6', '9', '4', '7']","['tt0401729', 'tt1192628', 'tt1509767', 'tt1840309', 'tt1355638', 'tt2379386', 'tt2404233', 'tt3922818', 'tt3416828', 'tt1397514']"," I choose this movie because the plot seems intriguing and unique. The idea of a boy born on Mars and his journey to Earth to discover his origins and find his father is captivating. The combination of science fiction, adventure, and the exploration of human connections makes it an interesting choice for me.",7
443,tt1430607,"['7', '8', '6', '7', '5', '9', '6', '8', '7', '9', '10', '8', '7', '4', '9', '5', '3', '2', '6']","['tt1462769', 'tt2065968', 'tt2756032', 'tt1924273', 'tt5368354', 'tt1588173', 'tt1650043', 'tt1666801', 'tt4651520', 'tt1478964', 'tt2883512', 'tt3553442', 'tt2546038', 'tt1935929', 'tt1430607', 'tt4126340', 'tt2828996', 'tt4009460', 'tt4877122']"," I rate it 9 out of 10. I choose this movie because it offers a unique and heartwarming take on the story of Santa Claus and his operation. The animation is visually appealing, and the story about family and the importance of fulfilling a mission before Christmas morning resonates with me. Overall, it seems like a delightful and enjoyable film to watch.",14
444,tt1677561,"['7.5', '8.2', '6.9', '7.8', '9.1', '5.4', '7.2', '8.6']","['tt4073952', 'tt2404425', 'tt1978532', 'tt2962876', 'tt1677561', 'tt1349482', 'tt2429074', 'tt1837709']"," I choose this movie because it has a unique and intriguing plot that explores themes of redemption, self-discovery, and the complexities of life. The concept of a soul getting a second chance and having to uncover the secrets of its past life and the reasons behind a teenager's suicide is captivating. Additionally, the idea of navigating through different shades of grey and colors in the real world adds an interesting layer to the story. Overall,",4
445,tt1677561,"['7.5', '8.2', '6.9', '7.8', '9.1', '5.4', '7.2', '8.6', '7.9', '7.3']","['tt4073952', 'tt2404425', 'tt1978532', 'tt2962876', 'tt1677561', 'tt1349482', 'tt2429074', 'tt1837709', 'tt1234721', 'tt2493486']", I choose this movie because it has a high rating and the plot seems intriguing. The concept of a soul getting a second chance in the body of a teenager and unraveling mysteries sounds captivating.,4
446,tt0816692,"['7.5', '8.2', '6.9', '7.8', '9.1', '5.4', '7.2', '8.6', '7.9', '7.3', '9.5']","['tt4073952', 'tt2404425', 'tt1978532', 'tt2962876', 'tt1677561', 'tt1349482', 'tt2429074', 'tt1837709', 'tt1234721', 'tt2493486', 'tt0816692']"," I choose this movie because it explores the concept of interstellar travel and the survival of humanity in a future plagued by disasters. The plot of the movie, involving a team of astronauts traveling through a wormhole to find a habitable planet, intrigues me and sparks my curiosity about the possibilities of space exploration. Additionally, the high rating of 9.5 suggests that the movie is highly acclaimed and well-received, further",10
447,tt1978532,"['3.5', '2.5', '4.0']","['tt0089538', 'tt1349482', 'tt1978532']", I choose this movie because it seems to have an interesting and comedic plot about friends trying to find a wife for their socially inappropriate friend. The idea of their plan backfiring when he meets someone just like him adds an intriguing twist to the story.,2
448,tt1631867,"['3.5', '4.5', '2.5']","['tt0089538', 'tt1631867', 'tt1349482']",,1
449,tt1430607,"['8', '6', '9', '2', '4', '7', '3', '10', '1', '7']","['tt2546038', 'tt1397514', 'tt1478964', 'tt4009460', 'tt4877122', 'tt3553442', 'tt1935929', 'tt1430607', 'tt2828996', 'tt1715873']"," I choose this movie because it has a rating of 10, which indicates that it is highly recommended. Additionally, the plot of the movie, revealing the behind-the-scenes operation of Santa Claus and the story of a family in comic dysfunction, sounds entertaining and heartwarming.",7
450,tt1234721,"['4.5', '6.5', '7.2', '8.0', '9.2', '8.8', '7.5', '6.8']","['tt0089538', 'tt1349482', 'tt1978532', 'tt2429074', 'tt1234721', 'tt1837709', 'tt2172934', 'tt2548208']"," I choose this movie because it has the highest rating among the options provided, with a rating of 9.2.",4
451,tt0970179,"['7.5', '8.2', '6.9', '5.8', '7.3', '8.6', '8.4', '9.1', '7.8', '8.3', '9.2', '6.7', '8.5', '9.0', '7.6']","['tt2053425', 'tt1430607', 'tt3231054', 'tt2140423', 'tt2528814', 'tt3210686', 'tt2347134', 'tt2042568', 'tt2094064', 'tt5555502', 'tt1091191', 'tt5129510', 'tt2025690', 'tt0970179', 'tt2756032']"," I choose this movie because it has a high rating and the plot seems intriguing, with elements of mystery and adventure. The story of a young orphan boy unraveling the secrets of his father's automaton in 1930s Paris sounds captivating and I am interested to see how the connections between the characters unfold.",13
452,tt3922818,"['7', '6', '8', '5', '9', '4', '9', '7', '6', '8']","['tt1840309', 'tt3480796', 'tt1355638', 'tt3416828', 'tt2065968', 'tt2404233', 'tt3922818', 'tt1698647', 'tt5480340', 'tt2017561']"," I choose this movie because I am intrigued by the concept of a boy who was born on Mars and his journey to Earth to discover his origins. The idea of exploring the wonders of Earth through the eyes of someone who has only known life on another planet is fascinating to me. Additionally, the theme of searching for one's identity and belonging resonates with me.",6
453,tt1710396,"['6', '3', '1', '8', '7', '9', '5']","['tt1600195', 'tt4191054', 'tt3899796', 'tt1667353', 'tt0401729', 'tt1710396', 'tt1615918']"," I chose this movie because I enjoy stories of faith and determination, and the plot of a small town choir overcoming odds to win a national competition sounds inspiring. Additionally, the presence of talented actresses like Queen Latifah and Dolly Parton adds to my interest in watching this film.",5
454,tt1462769,"['7.5', '8.2', '6.8', '9.0', '7.3', '6.5', '4.2', '5.1', '3.8', '9.5', '7.9', '8.6', '7.4', '6.2']","['tt3553442', 'tt2883512', 'tt1588173', 'tt1478964', 'tt1666801', 'tt1397514', 'tt1935929', 'tt4877122', 'tt2828996', 'tt2546038', 'tt1924273', 'tt2756032', 'tt1462769', 'tt5368354']", I choose this movie because the plot seems intriguing and unique. The idea of a child appearing in a couple's life after they have given up on having one is interesting and I am curious to see how the story unfolds.,12
455,tt2209418,"['6.5', '7.2', '8.0', '9.2', '7.8', '9.5', '8.3', '9.0', '7.5', '8.2']","['tt1540128', 'tt1067774', 'tt2870808', 'tt1748122', 'tt2073520', 'tt2209418', 'tt1441952', 'tt2053425', 'tt1710417', 'tt1473832']", I choose this movie because it is the highest rated among the options provided and the plot intrigues me. The idea of revisiting a couple's relationship after several years and seeing how they navigate the challenges and uncertainties of life is compelling. I am interested in exploring the complexities of love and relationships portrayed in this film.,5
456,tt1600196,"['7.5', '6.5', '4.5', '8.0', '7.0', '9.5', '8.5', '9.0', '7.5', '6.0', '8.0', '9.0']","['tt4547056', 'tt2450186', 'tt1865393', 'tt4471456', 'tt3973198', 'tt2911666', 'tt1600196', 'tt4912910', 'tt3062096', 'tt2059171', 'tt2231253', 'tt0790724']"," I choose this movie because it has a rating of 8.5, which is one of the highest ratings among the movies I have viewed. Additionally, the plot description of a bartender involved in a covert scheme and entangled in a robbery gone wrong intrigues me.",6
457,tt3896198,"['6.5', '7.2', '8.3', '6.8', '7.6', '8.1', '7.9', '9.2', '9.5', '8.7']","['tt1698647', 'tt1298554', 'tt4547056', 'tt4788944', 'tt2808986', 'tt2231461', 'tt1620680', 'tt3778644', 'tt3896198', 'tt1446714']"," 2"" with the imdbID tt3896198. I choose this movie because it has a high rating of 9.5, indicating that it is highly regarded by viewers. Additionally, I am a fan of the Marvel Cinematic Universe and enjoy the action, humor, and character dynamics in the Guardians of the Galaxy series.",8
458,tt1588173,"['7.5', '8.2', '6.8', '9.0', '7.9', '8.5', '6.3', '4.2', '3.7', '7.1']","['tt2883512', 'tt1478964', 'tt1666801', 'tt1588173', 'tt3553442', 'tt2546038', 'tt1397514', 'tt2828996', 'tt1935929', 'tt1798603']"," I choose this movie because it has the highest rating among the options provided, with a rating of 9.0.",3
459,tt1509767,"['7.5', '8.0', '6.5', '7.0', '7.5', '5.0', '6.5', '8.0', '7.5', '8.0', '9.0']","['tt3922818', 'tt5607028', 'tt1815862', 'tt1397514', 'tt2381991', 'tt2379386', 'tt2404233', 'tt1509767', 'tt1355638', 'tt0401729', 'tt1192628']"," I choose this movie because I enjoy adventure and historical films, and ""The Three Musketeers"" combines both elements. The plot of the movie, with its mix of action, intrigue, and camaraderie, appeals to me. Additionally, the iconic characters and the setting of 17th century France add to the allure of the film.",7
460,tt2883512,"['2.5', '3.5', '1.5', '4.5', '1.0', '2.0', '4.0', '4.5', '4.0', '3.5', '4.5', '3.0', '3.5', '4.0', '4.5', '3.0', '4.0']","['tt4877122', 'tt1397514', 'tt2828996', 'tt1430607', 'tt4009460', 'tt1935929', 'tt2546038', 'tt3553442', 'tt1478964', 'tt1715873', 'tt2883512', 'tt1666801', 'tt1650043', 'tt4651520', 'tt1588173', 'tt1924273', 'tt1462769']"," I choose this movie because it has a high rating of 4.5 and the plot about a chef rediscovering his passion for cooking and finding a deeper connection with his family resonates with me. Additionally, the theme of pursuing one's dreams and finding fulfillment is something that I find inspiring.",10
461,tt0816692,"['4.5', '8.5', '6.5', '9.0', '7.0', '9.5', '7.0', '9.0', '8.0', '9.5', '7.0', '8.5', '7.0', '9.0', '6.5', '8.0', '7.5', '8.0']","['tt0089538', 'tt1631867', 'tt1349482', 'tt4299972', 'tt1978532', 'tt0114709', 'tt2429074', 'tt2278388', 'tt1234721', 'tt0816692', 'tt1837709', 'tt1677561', 'tt2172934', 'tt2404425', 'tt2548208', 'tt4324274', 'tt2493486', 'tt2962876']"," I choose this movie because it has a high rating of 9.5 and the plot description of Earth's future, interstellar travel, and the search for a new habitable planet intrigues me. Additionally, the concept of exploring the unknown and the potential for humanity's survival adds to the appeal of this movie.",9
462,tt1631867,"['4.5', '8.5', '6.5']","['tt0089538', 'tt1631867', 'tt1349482']"," The plot of the movie, involving a time loop and a battle against an alien race, sounds intriguing and action-packed. I am interested in seeing how the protagonist, Major William Cage, develops his skills and strategizes to defeat the enemy.",1
463,tt1714915,"['1', '2', '1', '3', '4', '1', '2', '5', '4', '3', '2', '5', '4', '2', '1', '3']","['tt3899796', 'tt3732950', 'tt2140423', 'tt3099498', 'tt0905372', 'tt3201722', 'tt4126568', 'tt3705412', 'tt1441395', 'tt4094724', 'tt4796122', 'tt1714915', 'tt1596365', 'tt4464394', 'tt2828996', 'tt3067274']"," I chose this movie because it received a rating of 5, which is the highest rating among the movies I viewed. Additionally, the plot description intrigues me with its combination of romance, desolation, and the exploration of the relationship between the characters amidst the collapse of the modern world.",11
464,tt2042568,"['7.5', '6.5', '8.0', '7.0', '9.0', '8.5', '8.0', '7.5', '6.0', '9.5', '6.0', '7.0']","['tt1430607', 'tt3210686', 'tt3231054', 'tt1462769', 'tt2042568', 'tt2756032', 'tt2025690', 'tt5555502', 'tt5368354', 'tt2347134', 'tt2528814', 'tt0479997']"," I choose this movie because it follows the story of a young folk singer navigating the Greenwich Village folk scene in 1961. I am intrigued by the setting and the struggles of the protagonist as he tries to make it as a musician. The plot description suggests that there will be obstacles and challenges to overcome, which adds to the potential for an engaging and compelling story.",4
465,tt0816692,"['7.5', '8.2', '6.9', '7.8', '9.1', '5.4', '7.2', '8.5', '7.9', '7.6', '9.3', '9.7', '8.8']","['tt4073952', 'tt2404425', 'tt1978532', 'tt2962876', 'tt1677561', 'tt1349482', 'tt2429074', 'tt1837709', 'tt1234721', 'tt2493486', 'tt0816692', 'tt0114709', 'tt4299972']"," I choose this movie because of its high rating and intriguing plot. The idea of exploring space and the concept of interstellar travel to ensure the survival of humanity is fascinating to me. Additionally, the film has received critical acclaim for its visuals, storytelling, and thought-provoking themes.",10
466,tt1677561,"['7.5', '8.2', '6.9', '7.8', '9.1', '5.4', '7.2', '8.5']","['tt4073952', 'tt2404425', 'tt1978532', 'tt2962876', 'tt1677561', 'tt1349482', 'tt2429074', 'tt1837709']"," I choose this movie because it has a unique and intriguing plot that explores themes of redemption, self-discovery, and the complexities of life. The concept of a soul getting a second chance and having to uncover the secrets of its past life and the reasons behind a teenager's suicide is captivating. Additionally, the idea of navigating through different shades of grey and colors in the real world adds an interesting layer to the story. Overall,",4
467,tt2802144,"['7.5', '6.5', '8.0', '7.0', '9.0', '7.5', '6.0', '8.5', '9.0', '9.5', '8.0']","['tt1428538', 'tt0803096', 'tt1618442', 'tt1232829', 'tt2267968', 'tt1496025', 'tt1502404', 'tt4116284', 'tt4853102', 'tt2802144', 'tt5607028']"," I choose this movie because it has a high rating of 9.5 and the plot description sounds intriguing. The idea of a secret organization, intense training, and a mission to make the world safe is appealing to me. Additionally, the presence of talented actors like Colin Firth and Samuel L. Jackson adds to my interest in watching this film.",9
468,tt2576852,"['7', '6', '5', '8', '9', '7', '8', '6', '4', '7', '6', '5', '9', '3', '8', '9', '6', '9', '7', '9', '8', '7', '4']","['tt0770828', 'tt1935859', 'tt0990407', 'tt1865505', 'tt3731562', 'tt1839492', 'tt0800369', 'tt1667353', 'tt1496025', 'tt0829150', 'tt2381991', 'tt2404233', 'tt3564794', 'tt2379386', 'tt1837709', 'tt5607028', 'tt1071875', 'tt2576852', 'tt1854564', 'tt2338151', 'tt2061702', 'tt1462769', 'tt2735292']"," I rate it 9 out of 10. I choose this movie because I am intrigued by the unique and enchanting plot of a princess found in a bamboo and her journey through life. The story seems to be filled with mystery, beauty, and a touch of magic, which appeals to my imagination. Additionally, the animation style and visual aesthetics of the film are visually stunning. Overall, I believe",17
469,tt2962876,"['8', '7', '6', '9', '8', '5', '7', '9', '6']","['tt4073952', 'tt2404425', 'tt1978532', 'tt2962876', 'tt1677561', 'tt1349482', 'tt2429074', 'tt1837709', 'tt1234721']", I rate it 9. I choose this movie because the plot about a young man with Tourette Syndrome and his journey of self-discovery and love sounds intriguing and unique. I am interested in exploring the challenges and experiences faced by the characters in the film.,3
470,tt1650043,"['7', '6']","['tt1650043', 'tt3553442']"," I choose this movie because I enjoy comedy and family-oriented films. The plot seems interesting, with the conflict between Greg and Rodrick and the introduction of Mom Bucks to help them get along. I think it will be entertaining to see how they navigate their relationship and the embarrassing situations they find themselves in.",0
471,tt0816692,"['7.5', '8.2', '6.9', '7.8', '9.1', '5.4', '7.2', '8.6', '7.9', '7.3', '9.5', '9.8']","['tt4073952', 'tt2404425', 'tt1978532', 'tt2962876', 'tt1677561', 'tt1349482', 'tt2429074', 'tt1837709', 'tt1234721', 'tt2493486', 'tt0816692', 'tt0114709']","5 and the plot of Earth's future, interstellar travel, and the search for a habitable planet intrigues me. Additionally, the concept of exploring the unknown and the themes of survival and human resilience are appealing to me.",10
472,tt2802144,"['7.5', '8.5', '6.5', '8.0', '7.5', '9.0', '7.0', '9.5', '6.0', '5.5', '8.0', '7.0', '7.5', '6.5']","['tt1496025', 'tt5607028', 'tt2458106', 'tt1232829', 'tt2267968', 'tt4116284', 'tt2808986', 'tt2802144', 'tt1937133', 'tt4464394', 'tt2027128', 'tt0825283', 'tt1428538', 'tt2381991']"," I choose this movie because it has a high rating of 9.5 and it combines action, comedy, and espionage elements, which I find appealing. Additionally, the plot seems intriguing with the concept of a secret organization and a young protagonist being trained to become a spy.",7
473,tt1631867,"['3.5', '4.5', '2.5']","['tt0089538', 'tt1631867', 'tt1349482']",,1
474,tt2429074,"['4.5', '6.5', '7.2', '8.0']","['tt0089538', 'tt1349482', 'tt1978532', 'tt2429074']",B.F. I choose this movie because it has a high rating and the plot seems interesting. The idea of social warfare and the exploration of friendship and identity intrigues me.,3
475,tt1631867,"['3.5', '2.5', '4.0', '2.0', '3.0', '4.5', '3.0', '2.0', '2.5', '4.5', '3.5']","['tt1815862', 'tt1267299', 'tt3922818', 'tt4464394', 'tt1397514', 'tt5487524', 'tt3480796', 'tt3899796', 'tt4831420', 'tt1631867', 'tt2231461']"," I choose this movie because it has a unique and intriguing plot that involves time loops and intense battles against an alien race. The concept of the protagonist improving his skills with each repeated encounter adds an element of suspense and excitement. Additionally, the presence of Tom Cruise and Emily Blunt in the lead roles adds to the appeal.",9
476,tt2209418,"['6.5', '7.2', '8.3', '5.1', '9.0', '4.8', '7.6', '8.2', '9.5', '6.8']","['tt1243974', 'tt1710417', 'tt1441952', 'tt4465564', 'tt2053425', 'tt2322441', 'tt1473832', 'tt1763303', 'tt2209418', 'tt2870808']"," I choose this movie because it is the highest-rated among the options provided, with a rating of 9.5. Additionally, the plot description intrigues me as it explores the complexities of a long-term relationship and the challenges faced by the couple. I am interested in seeing how Jesse and Celine navigate their lives and relationship after nine years.",8
477,tt5362988,"['6.5', '7.2', '6.8', '6.3', '7.5', '6.7', '7.1', '7.8', '6.6', '8.2', '9.0', '8.9', '7.4', '8.1']","['tt1829012', 'tt3480796', 'tt4126568', 'tt2134170', 'tt5254868', 'tt3732950', 'tt3181822', 'tt3247714', 'tt1886493', 'tt2025690', 'tt5362988', 'tt4912910', 'tt2059171', 'tt3062096']"," I choose this movie because it has a high rating of 9.0 and the plot description intrigues me. The setting in the vast and unforgiving white territory of the Wind River Indian Reservation, along with the mystery surrounding the murder of a young Native American, promises a gripping and intense story. I am drawn to movies that involve solving crimes and seeking justice, and ""Wind River"" seems to offer that along with",10
478,tt3896198,"['7.5', '4.0', '8.5', '6.0', '9.0', '7.0', '8.0', '9.5', '7.5', '8.0', '6.5', '7.0', '7.5', '6.0', '8.5', '5.0', '6.5', '7.0']","['tt2231461', 'tt4831420', 'tt3498820', 'tt5487524', 'tt3896198', 'tt1267299', 'tt4788944', 'tt1631867', 'tt3327624', 'tt3778644', 'tt3480796', 'tt1620680', 'tt1698647', 'tt1815862', 'tt4547056', 'tt3899796', 'tt4464394', 'tt2808986']"," 2"" with the imdbID tt3896198. I choose this movie because it has a high rating of 9.0 and I enjoy the action-packed and humorous nature of the Guardians of the Galaxy franchise. Additionally, the plot of uncovering the truth behind Star Lord's heritage and the team facing a new menace sounds intriguing and entertaining.",4
479,tt1430607,"['1', '3', '5', '4', '2', '8', '7', '6', '9', '1', '2']","['tt4877122', 'tt1666801', 'tt1588173', 'tt2546038', 'tt2828996', 'tt1430607', 'tt1478964', 'tt1397514', 'tt3553442', 'tt4009460', 'tt1935929']",,5
480,tt2209418,"['7', '6', '8', '5', '9', '7', '10', '6', '4', '3', '7', '8', '2', '1', '9']","['tt2034031', 'tt1714915', 'tt2756032', 'tt5368354', 'tt1937118', 'tt2870808', 'tt2209418', 'tt2073520', 'tt1067774', 'tt1540128', 'tt1243974', 'tt1710417', 'tt2322441', 'tt4465564', 'tt2053425']"," I choose this movie because it has a rating of 10, indicating that it is highly regarded. Additionally, the plot description intrigues me as it explores the complexities of a long-term relationship and the challenges faced by the characters. I am interested in seeing how their relationship evolves and how they navigate their struggles.",6
481,tt2061702,"['7', '6', '8', '9', '7', '6', '5', '8', '9', '7']","['tt1462769', 'tt3731562', 'tt2061702', 'tt0770828', 'tt1839492', 'tt0829150', 'tt2379386', 'tt3564794', 'tt1837709', 'tt1496025']"," I rate it 8. 

I choose this movie because the plot seems intriguing and unique. The idea of a friendship between a human and a spirit, with the condition that the spirit will disappear if touched by a human, piques my curiosity. It promises to be a heartfelt and emotional story, and I am interested to see how the relationship between the two characters develops.",2
482,tt1588173,"['7', '8', '6', '7', '5', '9', '6', '8', '7', '9']","['tt1462769', 'tt2065968', 'tt2756032', 'tt1924273', 'tt5368354', 'tt1588173', 'tt1650043', 'tt1666801', 'tt4651520', 'tt1478964']", I choose this movie because I am intrigued by the unique concept of a zombie regaining his humanity and forming a warm relationship with a human. The idea of bridging the differences between two opposing sides and fighting for a better world is also appealing to me.,5
483,tt3896198,"['8', '6', '9', '7', '5', '8', '9', '10', '7', '9', '4', '6', '8', '5', '6', '7', '6', '4', '3', '9', '7', '8', '7']","['tt1631867', 'tt2231461', 'tt5544384', 'tt1825683', 'tt1620680', 'tt3778644', 'tt2660888', 'tt3896198', 'tt1446714', 'tt3498820', 'tt1815862', 'tt1267299', 'tt3922818', 'tt4464394', 'tt1397514', 'tt5487524', 'tt3480796', 'tt3899796', 'tt4831420', 'tt4547056', 'tt4788944', 'tt1298554', 'tt1698647']"," 2"" with the imdbID tt3896198. I choose this movie because it has a high rating of 10 and I am a fan of the Marvel Cinematic Universe. Additionally, I enjoyed the first Guardians of the Galaxy movie and I am excited to see the continuation of the story and the adventures of the lovable characters.",7
484,tt2883512,"['2.5', '3.5', '1.5', '4.5', '1.0', '2.0', '4.0', '4.5', '4.0', '3.5', '4.5', '3.0', '3.5', '4.0']","['tt4877122', 'tt1397514', 'tt2828996', 'tt1430607', 'tt4009460', 'tt1935929', 'tt2546038', 'tt3553442', 'tt1478964', 'tt1715873', 'tt2883512', 'tt1666801', 'tt1650043', 'tt4651520']", I choose this movie because it has a high rating of 4.5 and the plot of a renowned chef rediscovering his passion for cooking and finding a deeper connection with his life and family sounds intriguing.,10
485,tt2267968,"['7.5', '6.5', '8.0', '7.0', '6.0', '8.5', '9.0', '7.0', '6.5', '8.0', '7.5']","['tt2347134', 'tt1397514', 'tt5607028', 'tt3247714', 'tt4464394', 'tt4116284', 'tt2802144', 'tt1496025', 'tt1428538', 'tt2267968', 'tt2027128']"," I choose this movie because I enjoy animated films and the Kung Fu Panda series has always been entertaining. The plot of Po reuniting with his long-lost panda father and training a village of pandas to fight against a supernatural villain sounds exciting and humorous. Additionally, the inclusion of new panda characters adds to the charm of the film.",9
486,tt1840309,"['7.5', '6.5', '8.0', '5.5', '7.0', '8.5', '7.0', '9.0', '8.5', '7.0']","['tt3922818', 'tt1815862', 'tt5607028', 'tt2404233', 'tt1397514', 'tt1192628', 'tt1355638', 'tt1840309', 'tt1302011', 'tt1509767']"," I chose this movie because it has a rating of 9.0, indicating that it is highly regarded by viewers. Additionally, the plot description of a futuristic dystopia and a protagonist with a secret intrigued me, as it suggests a compelling and suspenseful story.",7
487,tt1825683,"['6.5', '4.2', '7.8', '5.2', '6.3', '7.1', '4.8', '8.2', '6.7', '9.0', '8.5']","['tt3480796', 'tt3899796', 'tt3922818', 'tt4464394', 'tt1397514', 'tt1267299', 'tt4831420', 'tt5487524', 'tt1815862', 'tt1825683', 'tt3498820']"," I choose this movie because it has a high rating of 9.0 and the plot seems intriguing, with a mix of action, politics, and cultural exploration. Additionally, the movie received critical acclaim and was praised for its representation and cultural significance.",9
488,tt1631867,"['3.5', '4.5', '2.5', '4.0', '3.0']","['tt0089538', 'tt1631867', 'tt1349482', 'tt4299972', 'tt1978532']",,1
489,tt1631867,"['4.5', '8.5', '6.5']","['tt0089538', 'tt1631867', 'tt1349482']"," The plot of the movie, involving a time loop and a relentless alien invasion, sounds intriguing and action-packed. I am interested in seeing how the protagonist, Major William Cage, learns to fight and strategize against the aliens with each repeated encounter.",1
490,tt1201607,"['7.5', '6.8', '8.2', '7.9', '7.2', '9.0', '7.4', '8.1', '6.3', '8.5', '6.2', '7.0', '8.3']","['tt1192628', 'tt1355638', 'tt1840309', 'tt1302011', 'tt1509767', 'tt1201607', 'tt0401729', 'tt3922818', 'tt1815862', 'tt5607028', 'tt2404233', 'tt1397514', 'tt2065968']"," I choose this movie because it has the highest rating among the options provided, with a rating of 9.0. Additionally, as a fan of the Harry Potter series, I am drawn to the epic conclusion of the story and the intense battle between Harry and Voldemort.",5
491,tt1430607,"['7.5', '6.8', '6.2', '8.3', '7.9', '8.6', '7.4', '8.2', '6.5', '8.1', '7.3', '4.2', '6.7', '8.4', '5.1', '8.7']","['tt1462769', 'tt1924273', 'tt5368354', 'tt2065968', 'tt2756032', 'tt2883512', 'tt3553442', 'tt1478964', 'tt1666801', 'tt1588173', 'tt1650043', 'tt4877122', 'tt1397514', 'tt2546038', 'tt2828996', 'tt1430607']"," I choose this movie because it offers a unique and heartwarming take on the story of Santa Claus and Christmas. The plot about a dysfunctional family and an unlikely hero adds depth and relatability to the story. Additionally, the concept of Santa's high-tech operation hidden beneath the North Pole is intriguing and adds a sense of wonder. Overall, ""Arthur Christmas"" promises to be an enjoyable and uplifting holiday film.",15
492,tt2474024,"['6.5', '7.5', '8.0', '6.0', '9.0', '7.0', '8.5', '5.0', '9.5', '7.0', '8.0']","['tt2679042', 'tt1690953', 'tt2180411', 'tt2134170', 'tt2474024', 'tt1691917', 'tt4324274', 'tt4592572', 'tt3210686', 'tt1216475', 'tt1473832']"," I choose this movie because I am intrigued by the unique storytelling format, where the story is told through songs and follows a non-linear timeline. The concept of deconstructing a love affair and marriage over a five-year period sounds captivating and I am interested to see how the characters' perspectives intertwine.",4
493,tt2962876,"['8', '7', '6', '9', '8', '5', '7', '9', '8']","['tt4073952', 'tt2404425', 'tt1978532', 'tt2962876', 'tt1677561', 'tt1349482', 'tt2429074', 'tt1837709', 'tt1234721']", I choose this movie because the plot about a young man with Tourette Syndrome and his journey of self-discovery and love sounds intriguing and unique.,3
