,selected,sequence,ratings,imdb_id,user,explanations
0,tt0905372,11,"['7', '6', '4', '8', '3', '5', '9', '8', '8', '6', '7', '6', '7', '5', '2', '4']","['tt3099498', 'tt3705412', 'tt2828996', 'tt1596365', 'tt3201722', 'tt2140423', 'tt0905372', 'tt1714915', 'tt1441395', 'tt4796122', 'tt4126568', 'tt3067274', 'tt4094724', 'tt3732950', 'tt3899796', 'tt4464394']",559," I choose this movie because I enjoy science fiction and horror genres, and the plot of ""The Thing"" intrigues me. The idea of an alien creature infiltrating a research team in Antarctica and the suspenseful nature of the story captivate my interest."
1,tt1631867,271,"['7', '6', '8', '9', '4', '5', '7', '6', '9', '10', '3', '8']","['tt1825683', 'tt3778644', 'tt1298554', 'tt4547056', 'tt1620680', 'tt1698647', 'tt3498820', 'tt4788944', 'tt5544384', 'tt1631867', 'tt2808986', 'tt3896198']",570," I choose this movie because it received a rating of 10, which is the highest rating I have given so far. Additionally, the plot of the movie intrigues me as it combines elements of science fiction, action, and time travel. The idea of a character being stuck in a time loop and gradually improving their skills to defeat an alien enemy sounds exciting and unique. I am particularly drawn to the concept of the protagonist"
2,tt5173032,99,"['4', '3', '2', '4', '5', '3', '4', '2', '5', '3']","['tt3181822', 'tt1712170', 'tt1658837', 'tt5173032', 'tt1650062', 'tt1957938', 'tt2048770', 'tt2044801', 'tt1837709', 'tt1829012']",255, I choose this movie because I am intrigued by the plot of a mountain man on the run and his recurring dream of being lost at sea. The concept of his flashbacks to his former life as a family man also adds an interesting layer to the story. I am curious to see how these elements come together and how the protagonist's journey unfolds.
3,tt2883512,14,"['7', '2', '3', '4', '6', '2', '3', '5', '8', '6', '9']","['tt1430607', 'tt4009460', 'tt4126340', 'tt4877122', 'tt1243974', 'tt1935929', 'tt2828996', 'tt1798603', 'tt2883512', 'tt1397514', 'tt2546038']",352," I choose this movie because it has a high rating of 8, indicating that it is likely to be enjoyable and well-received. The plot of a renowned chef rediscovering his passion for cooking while embarking on a culinary journey across America sounds intriguing and heartwarming. Additionally, the idea of finding deeper connections with family and life through food adds an emotional aspect that I find appealing."
4,tt4226388,492,"['6', '4', '8', '7', '9', '8', '9', '5', '7', '8']","['tt2134170', 'tt2053463', 'tt1345836', 'tt1770734', 'tt2347134', 'tt1855199', 'tt4226388', 'tt1829012', 'tt2379713', 'tt3402236']",442," Additionally, the plot of a young woman's night out turning potentially deadly intrigues me and adds an element of suspense to the story."
5,tt1677561,376,"['7', '6', '8', '9', '4', '7', '5', '6']","['tt2429074', 'tt2962876', 'tt1677561', 'tt2404425', 'tt1837709', 'tt4073952', 'tt1349482', 'tt1978532']",396," I have rated it an 8, which is one of the highest ratings I have given so far. I am intrigued by the concept of a soul awakening in the body of a 14-year-old and the exploration of past sins and the reasons behind a character's suicide. The plot seems thought-provoking and I am interested in uncovering the mysteries and discovering the true nature of life."
6,tt2962876,375,"['8', '6', '4', '7', '9', '8', '9', '5', '7', '9', '3']","['tt0816692', 'tt2493486', 'tt2429074', 'tt4073952', 'tt2962876', 'tt1234721', 'tt1677561', 'tt1978532', 'tt1837709', 'tt2404425', 'tt1349482']",255," I choose this movie because it has a unique and interesting plot that revolves around characters dealing with various mental health conditions. The idea of a road trip and the journey of self-discovery and personal growth that the characters go through intrigues me. Additionally, the positive rating I gave to this movie indicates that it has the potential to be engaging and well-executed."
7,tt2404425,465,"['8', '6', '9', '7', '8']","['tt4073952', 'tt1978532', 'tt2404425', 'tt1677561', 'tt2962876']",91,""" I choose this movie because it has a compelling and emotionally resonant plot. The story of Maria Altmann's quest to reclaim her family's stolen painting from the Nazis during World War II, not only showcases her personal determination but also sheds light on the historical injustices committed during that time. The theme of seeking justice and reclaiming what is rightfully hers resonates with me, and I am intrigued to see how"
8,tt1837709,135,"['7', '6', '4', '8', '5', '9', '7']","['tt0089538', 'tt2172934', 'tt1978532', 'tt2429074', 'tt1349482', 'tt1837709', 'tt1234721']",156," I choose this movie because it has the highest rating among all the movies I have rated so far (9). Additionally, the plot description of ""Winter's Tale"" intrigues me with its blend of fantasy, romance, and the exploration of the power of imagination. The idea of a love story set in a magical version of New York City, with a young girl who is dying, captivates my interest and makes"
9,tt3922818,163,"['7', '8', '5', '6', '9', '7', '4', '8', '6', '9', '7', '8']","['tt1618442', 'tt1201607', 'tt1815862', 'tt1302011', 'tt1192628', 'tt1509767', 'tt2404233', 'tt1840309', 'tt1397514', 'tt3922818', 'tt1355638', 'tt5607028']",455," I choose this movie because I have rated it the highest among the options provided. Additionally, the plot of a boy born on Mars who longs to explore Earth and find his father intrigues me. The idea of a unique upbringing and the challenges he faces in adapting to Earth's atmosphere adds an element of curiosity and adventure. I am interested to see how the story unfolds and how the character navigates his way through"
10,tt1748122,331,"['5', '2', '4', '3', '7', '6', '4', '8', '9', '10']","['tt1473832', 'tt2073520', 'tt2209418', 'tt1710417', 'tt1441952', 'tt1067774', 'tt1540128', 'tt2870808', 'tt2053425', 'tt1748122']",451," I choose this movie because it received a rating of 10, which is the highest rating I have given so far. Additionally, the plot of the movie about young love and the chaos it causes in a small town intrigues me. I am drawn to the idea of a whimsical and nostalgic setting in the 1960s, and the promise of a unique and captivating story."
11,tt1349482,128,"['4', '3', '2', '7', '6', '3']","['tt2429074', 'tt1978532', 'tt1349482', 'tt1234721', 'tt1837709', 'tt0089538']",149," Even though it received a low rating of 2, it aligns more closely with my previous preferences compared to the other movies. I have shown a preference for movies with more action and suspense, and ""Bring It On: Fight to the Finish"" fits that criteria better than the other options. Additionally, the plot of a tough Latina cheerleader facing off against a snobbish and competitive"
12,tt2042568,259,"['7', '3', '2', '8', '9', '6', '4', '7', '9', '5']","['tt2025690', 'tt3210686', 'tt2140423', 'tt1430607', 'tt1091191', 'tt2094064', 'tt2053425', 'tt5555502', 'tt2042568', 'tt5129510']",337," I was intrigued by the plot that follows a week in the life of a young folk singer in the Greenwich Village folk scene of 1961. The idea of exploring the struggles and obstacles faced by a musician trying to make it in the industry resonated with me. Additionally, the setting and time period added to my interest, as I enjoy stories"
13,tt1682180,491,"['7', '6', '8', '5', '9', '7', '3', '8', '9', '6', '4']","['tt1216491', 'tt2076220', 'tt2338151', 'tt1974419', 'tt1650062', 'tt1401152', 'tt2382009', 'tt1670345', 'tt1682180', 'tt3973198', 'tt3067274']",224," I choose this movie because it has a rating of 9, which is the highest among the movies I have rated so far. Additionally, the plot description of ""Stoker"" intrigues me with its mysterious and psychological elements. The idea of a young woman becoming infatuated with her previously unknown uncle, and the potential ulterior motives he may have, creates a sense of suspense and curiosity. I am drawn to movies"
14,tt1631867,339,"['8', '3', '6', '4', '7', '5', '9', '10', '9']","['tt2278388', 'tt0089538', 'tt1234721', 'tt2429074', 'tt1978532', 'tt1349482', 'tt4299972', 'tt1631867', 'tt0114709']",523," Additionally, the plot of ""Edge of Tomorrow"" intrigues me as it combines elements of science fiction, action, and time travel. The idea of a character reliving the same day and improving their skills in order to defeat an alien race is captivating and promises an exciting and thrilling viewing experience."
15,tt3922818,102,"['7', '6', '8', '5', '9', '9', '4', '7', '6', '8', '3']","['tt0401729', 'tt2379386', 'tt1397514', 'tt2381991', 'tt3922818', 'tt1192628', 'tt1815862', 'tt1509767', 'tt3416828', 'tt5607028', 'tt2404233']",28," I choose this movie because it has a rating of 9, which indicates that it is highly regarded. Additionally, the plot of a boy born on Mars who longs to experience life on Earth and goes on a journey to find his father sounds intriguing and heartwarming. I am curious to see how the story unfolds and how the character navigates the challenges of adapting to Earth's atmosphere."
16,tt2828996,8,"['3', '2', '1', '2', '3', '4', '3', '4', '3', '2', '1']","['tt4831420', 'tt2274570', 'tt4796122', 'tt4464394', 'tt2828996', 'tt2140423', 'tt4126568', 'tt4348012', 'tt1727776', 'tt3732950', 'tt3899796']",300, I choose this movie because I enjoy horror-comedy films and the plot seems interesting with the concept of paranormal activities and a comedic twist.
17,tt1509767,102,"['Rating: 3', 'Rating: 2', 'Rating: 3', 'Rating: 4', 'Rating: 4', 'Rating: 5', 'Rating: 2', 'Rating: 4', 'Rating: 3', 'Rating: 4', 'Rating: 3']","['tt0401729', 'tt2379386', 'tt1397514', 'tt2381991', 'tt3922818', 'tt1192628', 'tt1815862', 'tt1509767', 'tt3416828', 'tt5607028', 'tt2404233']",14," I choose this movie because it combines action, adventure, and a classic story. I have previously enjoyed movies with similar themes and settings, such as ""Rango"" and ""Journey 2: The Mysterious Island."" Additionally, the plot of ""The Three Musketeers"" intrigues me with its tale of camaraderie, honor, and a fight against corruption. I am excited to see how"
18,tt5804038,512,"['7', '6', '8', '9', '8', '9', '7', '8', '9', '10', '9', '8', '10', '7', '8', '6', '9', '7', '9', '10', '9']","['tt1605782', 'tt5359048', 'tt3626804', 'tt2246565', 'tt4229236', 'tt1091863', 'tt1942884', 'tt5342766', 'tt1714917', 'tt6769208', 'tt1223236', 'tt1417592', 'tt3270538', 'tt1559038', 'tt1972663', 'tt1999192', 'tt4393514', 'tt2014338', 'tt2304915', 'tt5804038', 'tt3327994']",303," The documentary delves into the personal experiences and perspectives of James Baldwin, shedding light on the struggles and injustices faced by African Americans. Given my previous ratings and preferences for thought-provoking and socially relevant films, ""I Am Not Your Negro"" stands out as a compelling choice"
19,tt1837709,280,"['6', '7', '3', '8', '9', '4', '5', '7', '9', '8']","['tt2493486', 'tt2404425', 'tt2429074', 'tt1978532', 'tt1837709', 'tt1349482', 'tt4073952', 'tt1234721', 'tt1677561', 'tt2962876']",187," I choose this movie because I am intrigued by the unique and imaginative setting of New York City and the love story between Peter Lake and Beverly Penn. The plot description suggests a blend of romance, fantasy, and mystery, which are genres that I enjoy. Additionally, the idea of a love story transcending time and death adds an interesting and emotional element to the movie"
20,tt1631867,23,"['6', '4', '8', '7', '9']","['tt1349482', 'tt0089538', 'tt1631867', 'tt1978532', 'tt4299972']",382, The idea of a time loop and the protagonist becoming more skilled with each battle is appealing to me. I am interested to see how the story unfolds and how the characters navigate through the challenges they face.
21,tt1855199,85,"['6', '4', '7', '5', '8', '6', '9', '3', '5', '4', '7']","['tt2172934', 'tt2347134', 'tt1829012', 'tt4442130', 'tt2167202', 'tt2134170', 'tt1855199', 'tt2679042', 'tt4651410', 'tt1308729', 'tt2140423']",298," I choose this movie because it has the highest rating among the movies I have viewed, receiving a rating of 9. Additionally, the plot description of two dedicated cops facing dangerous situations and internal conflicts in South Central Los Angeles intrigues me. I am drawn to stories that explore the complexities of law enforcement and the human connections formed in challenging circumstances."
22,tt3896198,159,"['6.', '7.', '4.', '8.', '5.', '9.', '7.', '3.', '6.', '8.', '9.', '7.']","['tt2808986', 'tt1446714', 'tt1397514', 'tt2231461', 'tt1620680', 'tt3896198', 'tt1298554', 'tt1267299', 'tt1815862', 'tt5487524', 'tt3498820', 'tt5544384']",471," 2"" (imdbID: tt3896198). 

The reason I choose this movie is because I have consistently rated the previous movies in the ""Guardians of the Galaxy"" series highly, and this sequel seems to continue the entertaining and action-packed storyline. Additionally, the high rating I gave to ""Guardians of the Galaxy Vol. 2"" suggests that it has met or exceeded my expectations, making it a promising choice for a"
23,tt4299972,250,"['8', '6', '7', '9', '10', '8', '4', '6', '7', '5', '3', '9', '8']","['tt4073952', 'tt2429074', 'tt1234721', 'tt4299972', 'tt0816692', 'tt0114709', 'tt1837709', 'tt2493486', 'tt2962876', 'tt1978532', 'tt1349482', 'tt2404425', 'tt1677561']",254," I rate it 9 out of 10. 

I select this movie because I am intrigued by true crime stories and documentaries. The plot of ""The Jinx"" seems fascinating, as it delves into the strange history of Robert Durst and his suspected involvement in multiple crimes. The fact that it includes an extended interview with Durst himself and presents never"
24,tt3498820,430,"['7', '6', '4', '8', '5', '9', '7', '10', '3', '8', '6', '4', '7', '9', '6', '10', '9', '8', '7', '9']","['tt1446714', 'tt3480796', 'tt1397514', 'tt2660888', 'tt1815862', 'tt1825683', 'tt4547056', 'tt1631867', 'tt3899796', 'tt1698647', 'tt2808986', 'tt4464394', 'tt4788944', 'tt3896198', 'tt2231461', 'tt3498820', 'tt3778644', 'tt5544384', 'tt1620680', 'tt1298554']",381," I choose this movie because I am a fan of the Marvel Cinematic Universe and I enjoy the action-packed superhero films. Additionally, ""Captain America: Civil War"" has received critical acclaim for its compelling storyline, intense action sequences, and the conflict between the characters. The movie also explores deeper themes such as accountability and the consequences of superhuman abilities. Overall, I am excited to watch this movie and see how"
25,tt6769208,546,"['7', '6', '8', '9', '5', '7', '8', '9', '8', '6', '7']","['tt3626804', 'tt2014338', 'tt1091863', 'tt6769208', 'tt1972663', 'tt4393514', 'tt3327994', 'tt2246565', 'tt5804038', 'tt1999192', 'tt5342766']",261," I choose this movie because I have always been fascinated by the beauty and mysteries of the ocean. The documentary promises to showcase incredible underwater footage and explore the impact of human activities on the marine environment. As someone who values the importance of environmental conservation, I am eager to learn more about the current state of our oceans and how we can work towards preserving them."
26,tt1234721,135,"['1', '3', '2', '3', '4', '2', '5']","['tt0089538', 'tt2172934', 'tt1978532', 'tt2429074', 'tt1349482', 'tt1837709', 'tt1234721']",82," I choose this movie because it received the highest rating of 5, indicating that it is the most enjoyable and appealing film among the options provided. Additionally, the plot of ""RoboCop"" intrigues me as it combines elements of action, science fiction, and social commentary. The idea of a part-man, part-robot police officer fighting for justice in a futuristic setting sounds compelling and engaging."
27,tt1441395,186,"['4', '2', '3', '4', '3', '2', '5', '5', '2', '3']","['tt0905372', 'tt3201722', 'tt3067274', 'tt0816711', 'tt3705412', 'tt4126568', 'tt1441395', 'tt1714915', 'tt3487994', 'tt4094724']",280," Additionally, the plot of the movie intrigues me as it explores the concept of an alien entity discovering its own humanity. I am curious to see how the story unfolds and how the protagonist's self-discovery leads to tragic and terrifying consequences."
28,tt1201607,226,"['8', '6', '7', '9', '5', '8', '7', '6', '7', '6', '10']","['tt1192628', 'tt2065968', 'tt0401729', 'tt1509767', 'tt1429433', 'tt1840309', 'tt2017561', 'tt1355638', 'tt1698647', 'tt5480340', 'tt1201607']",116," I choose this movie because I have always been a fan of the Harry Potter series, and this film marks the epic conclusion to the entire saga. I have followed the journey of Harry, Ron, and Hermione throughout their adventures, and I am eager to see how everything unfolds in the final battle against Voldemort. Additionally, the ratings of the previous movies in the series have been consistently"
29,tt1588173,390,"['6', '8', '7', '5', '3', '9', '9', '2', '9', '7', '4']","['tt1397514', 'tt2883512', 'tt1430607', 'tt1650043', 'tt4126340', 'tt3553442', 'tt1478964', 'tt4009460', 'tt1588173', 'tt1666801', 'tt1935929']",319," I choose this movie because it has a unique and interesting concept of a zombie regaining his humanity and forming a warm relationship with a human. The idea of bridging the differences between humans and zombies to fight for a better world is intriguing. Additionally, the movie has received a high rating, which indicates that it is likely to be enjoyable and well-made."
30,tt1446714,300,"['7', '8', '6', '9', '10', '4', '7']","['tt2231461', 'tt1298554', 'tt1698647', 'tt4547056', 'tt1446714', 'tt2808986', 'tt4788944']",229," I choose this movie because it received the highest rating of 10, indicating that it is likely to be a highly enjoyable and well-made film. Additionally, I am intrigued by the plot description, which suggests a thought-provoking exploration of human existence and the mysteries of the universe."
31,tt1837709,114,"['7', '6', '8', '5', '9', '3']","['tt1978532', 'tt2429074', 'tt1234721', 'tt1349482', 'tt1837709', 'tt0089538']",70," Additionally, the plot of the movie seems intriguing, with elements of romance and fantasy. The idea of a love story set in a wintry New York City, combined with the concept of an extraordinary house and the challenges faced by the main characters, piques my interest."
32,tt1670345,491,"['8', '4', '6', '7', '9', '8', '2', '10', '9', '5', '3']","['tt1216491', 'tt2076220', 'tt2338151', 'tt1974419', 'tt1650062', 'tt1401152', 'tt2382009', 'tt1670345', 'tt1682180', 'tt3973198', 'tt3067274']",608," I choose this movie because it has a rating of 10, which indicates that it is highly recommended. Additionally, the plot description intrigues me with its elements of mystery, illusion, and hidden agendas. I am drawn to the idea of a complex investigation involving magicians and the challenge of unraveling their tricks."
33,tt2756032,275,"['7', '6', '8', '9', '8', '7', '5', '6', '9', '8']","['tt1710417', 'tt2870808', 'tt2756032', 'tt1714915', 'tt2390361', 'tt2091935', 'tt1540128', 'tt1067774', 'tt2034031', 'tt2073520']",593," I choose this movie because it has a unique and intriguing plot that explores the complexities of a troubled relationship. The idea of a couple seeking solace in a beautiful getaway, only to encounter bizarre circumstances, piques my curiosity. Additionally, the positive rating of 8 that I gave to this movie shows that it resonated with me and captured my interest."
34,tt1430607,1,"['6', '3', '8', '2', '7', '9', '5', '8', '6', '4', '3']","['tt1397514', 'tt4877122', 'tt1430607', 'tt4009460', 'tt3553442', 'tt1478964', 'tt2546038', 'tt1588173', 'tt1666801', 'tt1935929', 'tt2828996']",465," I choose this movie because it has a rating of 8, which is the highest among the movies I have rated so far."
35,tt2883512,89,"['5', '7', '6', '8', '6', '9', '3', '2', '9', '10', '7', '8']","['tt1935929', 'tt1430607', 'tt1397514', 'tt1666801', 'tt1650043', 'tt1478964', 'tt4877122', 'tt2828996', 'tt2546038', 'tt2883512', 'tt3553442', 'tt1588173']",335," I choose this movie because it has a rating of 10, which indicates that it is highly acclaimed. Additionally, the plot of the movie is appealing as it revolves around a chef rediscovering his passion for cooking and finding a deeper connection with his life and family. This theme resonates with me as I appreciate stories of personal growth and pursuing one's passions."
36,tt0816692,94,"['6', '7', '8', '5', '9', '7', '4', '9', '6', '10', '2', '3', '8', '4', '10', '7', '5']","['tt2278388', 'tt2404425', 'tt1677561', 'tt2493486', 'tt4324274', 'tt1234721', 'tt1978532', 'tt2962876', 'tt2548208', 'tt0816692', 'tt4073952', 'tt1349482', 'tt1837709', 'tt0089538', 'tt0114709', 'tt2172934', 'tt2429074']",470," Additionally, the plot of the movie intrigues me as it combines elements of science fiction, adventure, and the exploration of space. The concept of interstellar travel and the quest for a habitable planet for humanity's survival is captivating. I am drawn to the idea of a thought-provoking and visually stunning film that explores themes of love, sacrifice, and the unknown"
37,tt4853102,109,"['7', '8', '6', '4', '9', '10', '3', '7', '6', '9', '5', '8']","['tt1232829', 'tt2802144', 'tt0803096', 'tt2458106', 'tt2027128', 'tt2267968', 'tt2808986', 'tt1428538', 'tt1937133', 'tt4853102', 'tt0825283', 'tt1618442']",269," I choose this movie because I am a fan of Batman and the Joker, and ""The Killing Joke"" is a highly acclaimed graphic novel that explores the complex relationship between these two iconic characters. The plot of the movie, where the Joker targets the Gordon family, promises to be intense and intriguing. Additionally, the high rating of 9 indicates that it is well-received by viewers, further piqu"
38,tt3262342,533,"['8', '6', '7', '9', '10', '4', '8', '7', '9', '6', '10', '7']","['tt1937133', 'tt2053463', 'tt1770734', 'tt1345836', 'tt2347134', 'tt4651410', 'tt1499658', 'tt2295196', 'tt1855199', 'tt4442130', 'tt3262342', 'tt1829012']",5," I choose this movie because it offers a unique and visually stunning experience. The film is entirely hand-painted in the style of Vincent van Gogh's artwork, which creates a mesmerizing and immersive atmosphere. Additionally, the intriguing plot delves into the life and mysterious death of Vincent van Gogh, exploring the psyche of the renowned artist. As someone who appreciates art and enjoys thought-provoking stories, """
39,tt1631867,362,"['7', '6', '8', '9', '5', '7', '8', '9', '9', '6', '4', '5']","['tt3498820', 'tt1446714', 'tt1825683', 'tt2660888', 'tt2231461', 'tt5544384', 'tt3778644', 'tt1631867', 'tt3896198', 'tt1620680', 'tt1267299', 'tt1815862']",188," I choose this movie because it has a high rating of 9, which indicates that it is highly regarded by viewers. Additionally, the plot of the movie, involving a time loop and a battle against an alien race, sounds intriguing and action-packed. I am also drawn to the idea of the protagonist learning from each repeated encounter and becoming more skilled in the fight. Overall, ""Edge of Tomorrow"" seems like an exciting and"
40,tt0905372,11,"['3', '2', '1', '4', '1', '3', '5', '4', '4', '2', '3', '4', '3', '3', '2', '3']","['tt3099498', 'tt3705412', 'tt2828996', 'tt1596365', 'tt3201722', 'tt2140423', 'tt0905372', 'tt1714915', 'tt1441395', 'tt4796122', 'tt4126568', 'tt3067274', 'tt4094724', 'tt3732950', 'tt3899796', 'tt4464394']",377," I choose this movie because it has a rating of 5, which indicates that it is highly regarded. Additionally, I am drawn to the plot description which involves an alien entity and suspenseful events in an isolated location."
41,tt1397514,91,"['7', '6', '4', '2', '9', '8', '3', '5', '6', '1']","['tt1620680', 'tt3778644', 'tt1397514', 'tt1267299', 'tt4547056', 'tt3896198', 'tt1698647', 'tt4464394', 'tt3480796', 'tt3899796']",509,
42,tt1441395,21,"['7', '4', '8', '6', '9', '2', '5', '10', '9', '7']","['tt1596365', 'tt2828996', 'tt2581244', 'tt2140423', 'tt3067274', 'tt3899796', 'tt4796122', 'tt1441395', 'tt0905372', 'tt4094724']",330," The reason I choose this movie is because of its intriguing plot and the exploration of complex themes. The idea of an alien entity discovering its humanity and the consequences that follow sounds fascinating and thought-provoking. I am drawn to movies that delve into deeper meanings and offer a unique perspective, and ""Under the Skin"
43,tt1677561,280,"['7', '6', '3', '8', '9', '4', '7', '5', '9', '8']","['tt2493486', 'tt2404425', 'tt2429074', 'tt1978532', 'tt1837709', 'tt1349482', 'tt4073952', 'tt1234721', 'tt1677561', 'tt2962876']",597," Additionally, the plot of ""Colorful"" intrigues me as it explores themes of redemption, identity, and the mysteries of life and death. I am drawn to the idea of a soul getting a second chance and the journey of self-discovery that the protagonist embarks on. The concept of exploring the secrets of a past life and the"
44,tt1825683,207,"['8', '7', '6', '9', '4', '7', '9', '5', '8', '6']","['tt2231461', 'tt1446714', 'tt3922818', 'tt1825683', 'tt4831420', 'tt1698647', 'tt4547056', 'tt4788944', 'tt1620680', 'tt1397514']",168," I choose this movie because it has the highest rating among the movies I have viewed so far, with a rating of 9. Additionally, ""Black Panther"" offers a unique and compelling storyline set in the technologically advanced and culturally rich nation of Wakanda. The film explores themes of identity, responsibility, and the struggle for power, making it a thought-provoking and engaging choice for me."
45,tt2246565,427,"['6', '4', '7', '8', '9', '8', '9', '7', '6', '8', '7', '9']","['tt1605782', 'tt3626804', 'tt4229236', 'tt3327994', 'tt2014338', 'tt1714917', 'tt1091863', 'tt4393514', 'tt1999192', 'tt5342766', 'tt1223236', 'tt2246565']",504," I choose this movie because I have a strong interest in the world of magic and deception. The documentary explores the life of James Randi, a renowned magician and skeptic who dedicated his life to exposing frauds and charlatans. It delves into the intricate investigations conducted by Randi, revealing the tricks and techniques used by psychics and faith healers. The film also delves into Randi's personal life"
46,tt3896198,324,"['7', '6', '8', '5', '9', '10', '7', '9', '4', '8']","['tt4547056', 'tt1698647', 'tt1298554', 'tt2231461', 'tt4788944', 'tt3896198', 'tt1620680', 'tt3778644', 'tt2808986', 'tt1446714']",460," 2"" with IMDb ID tt3896198. I choose this movie because it received a rating of 10, which indicates that it is highly regarded. Additionally, I have a preference for action-packed and adventurous films, and the plot of ""Guardians of the Galaxy Vol. 2"" aligns with those preferences."
47,tt1677561,460,"['8', '6', '7', '9', '10', '5', '9', '8']","['tt1978532', 'tt2429074', 'tt1349482', 'tt2962876', 'tt2404425', 'tt4073952', 'tt1677561', 'tt1837709']",572," I would choose this movie because I have consistently rated movies with deeper and thought-provoking plots higher. ""Colorful"" seems to offer a unique and intriguing storyline about life, death, and redemption. I am interested in exploring the themes of self-discovery and uncovering the mysteries of the past."
48,tt2380307,141,"['7', '6', '5', '8', '4', '9', '10', '7', '8', '9', '6', '9', '10', '3', '5']","['tt1623288', 'tt2293640', 'tt1691917', 'tt2576852', 'tt1615918', 'tt1430607', 'tt3521164', 'tt1430626', 'tt1302011', 'tt1690953', 'tt5184298', 'tt2065968', 'tt2380307', 'tt4877122', 'tt3416828']",107," Additionally, the plot of ""Coco"" is intriguing as it explores themes of family, music, and the afterlife. The story promises to be emotional and heartwarming, and the animation is visually stunning. Overall, ""Coco"" seems like a captivating and enjoyable movie to watch."
49,tt0816692,373,"['7', '3', '8', '6', '4', '9', '8', '10', '5', '9\n\nI would like to watch and select ""Interstellar"" (tt0816692) because I have always been fascinated by space exploration and the concept of interstellar travel. The plot of the movie, which involves a team of astronauts traveling through a newly discovered wormhole to find a habitable planet for humanity\'s survival, sounds incredibly intriguing. Additionally, the film received a perfect rating of 10, which indicates that it is highly regarded by others. I am excited to see the stunning visuals', '7\n\nI have decided to watch and select ""RoboCop"" (tt1234721) because I am intrigued by the concept of a part-man, part-robot police officer and the ethical implications surrounding it. The plot, set in the near future where a multinational corporation seeks to use advanced technology to create robotic law enforcement, promises an interesting exploration of the balance between man and machine. With a rating of 7, it indicates that the movie is enjoyable and worth watching. I am excited', '6\n\nI have decided to watch and select ""Last Knights"" (tt2493486) because I am a fan of sword-clashing adventures and stories of loyalty and honor. The plot, which revolves around a fallen warrior seeking vengeance against a corrupt ruler, promises an exciting and action-packed storyline. With a rating of 6, it indicates that the movie is enjoyable and worth watching. I am looking forward to the thrilling battles and the themes of justice and loyalty that the movie explores.', '7\n\nI have decided to watch and select ""Poker Night"" (tt2548208) because I enjoy movies that involve thrilling suspense and unexpected twists. The plot, which revolves around a detective who must use the stories he heard during a poker game to outsmart a psychopath and save himself and a young girl, sounds intriguing and full of suspense. With a rating of 7, it indicates that the movie is enjoyable and worth watching. I am excited to see how the detective matches w', '8\n\nI have decided to watch and select ""The Road Within"" (tt2962876) because I am intrigued by the unique premise of the film and the exploration of characters dealing with Tourette Syndrome, anorexia, and OCD. The plot, which follows Vincent and his friends as they go on a road trip to deliver his mother\'s ashes, promises a heartfelt and transformative journey. With a rating of 8, it indicates that the movie is highly enjoyable and worth watching. I am', '10\n\nI have decided to watch and select ""Toy Story"" (tt0114709) because it is a classic animated film that has captivated audiences of all ages. The plot, centered around the secret lives of toys and the adventure of Woody and Buzz as they try to find their way back to their owner Andy, is heartwarming and filled with humor. With a rating of 10, it is clear that ""Toy Story"" is highly regarded and loved by many. I am excited']","['tt2172934', 'tt1349482', 'tt4299972', 'tt4073952', 'tt2429074', 'tt2404425', 'tt1677561', 'tt0816692', 'tt1978532', 'tt1837709', 'tt1234721', 'tt2493486', 'tt2548208', 'tt2962876', 'tt0114709']",370," The plot of the movie, which involves a team of astronauts traveling through a newly discovered wormhole to find a habitable planet for humanity's survival, sounds incredibly intriguing. Additionally, the film received a perfect rating of 10, which indicates that it is highly regarded by others. I am excited to see the stunning visuals and delve into the thought-prov"
50,tt4299972,540,"['8', '7', '9', '6', '9']","['tt0114709', 'tt0816692', 'tt2278388', 'tt4299972', 'tt1631867']",185," 

I chose this movie because I am intrigued by true crime stories and documentaries. The plot description of this documentary series about Robert Durst and the unsolved disappearances and murders caught my attention. I am interested in delving into the strange history and uncovering the truth behind these cases."
51,tt4912910,97,"['8', '5', '4', '6', '9', '7', '10', '3', '8', '7']","['tt2911666', 'tt3480796', 'tt3181822', 'tt3732950', 'tt1600196', 'tt5254868', 'tt4912910', 'tt4126568', 'tt3247714', 'tt1829012']",559," I choose this movie because it has the highest rating among the movies I have viewed, receiving a rating of 10. Additionally, I am a fan of action-packed thrillers, and the plot of this movie, involving espionage, dangerous missions, and a race against time, appeals to my preferences. The ""Mission: Impossible"" series has a reputation for delivering exciting and intense action sequences, and I am eager"
52,tt2338151,500,"['7', '6', '8', '4', '9', '3', '5']","['tt1682180', 'tt1216491', 'tt2076220', 'tt3973198', 'tt2338151', 'tt2382009', 'tt3067274']",373," I choose this movie because it has received a high rating of 9, indicating that it is likely to be a well-made and enjoyable film. Additionally, the plot description of ""PK"" intrigues me as it promises to be a comedy of ideas and a unique exploration of complex philosophies. I am interested in seeing how the protagonist's innocent questions challenge societal norms and bring about transformation."
53,tt0816692,395,"['6', '3', '8', '9', '7', '5', '10', '8', '9', '8', '10', '7', '4', '9', '6', '8', '7', '10']","['tt2172934', 'tt0089538', 'tt4073952', 'tt1631867', 'tt1978532', 'tt2548208', 'tt0114709', 'tt1234721', 'tt4299972', 'tt1677561', 'tt2278388', 'tt2493486', 'tt1349482', 'tt2404425', 'tt2429074', 'tt1837709', 'tt2962876', 'tt0816692']",64," I would choose this movie because it has received a rating of 10, which indicates that it is highly regarded. Additionally, the plot of the movie, which involves interstellar travel and the search for a new habitable planet, appeals to my interest in science fiction and exploration. The concept of exploring new frontiers and the potential for the survival of humanity adds an exciting and thought-provoking element to the movie."
54,tt1430607,366,"['7', '6', '8', '3', '9', '10', '7', '9', '4', '5', '8', '6', '2', '10\n\nI would like to watch ""Arthur Christmas"" because it has a unique and heartwarming storyline. It offers a fresh perspective on the magic of Christmas and the behind-the-scenes workings of Santa\'s operation. The movie also explores the importance of family and the role of an unlikely hero. I am excited to see how Arthur overcomes obstacles and completes his mission before Christmas morning.', '7', '4', '9\n\nI would like to watch ""The DUFF"" because it addresses the important issue of labels and self-acceptance in high school. The plot seems engaging, and I am curious to see how Bianca navigates the challenges of being labeled as the ""Designated Ugly Fat Friend"" and works towards reclaiming her self-confidence. The movie seems to have a positive message about embracing one\'s true self and challenging societal expectations.']","['tt1397514', 'tt2756032', 'tt1462769', 'tt4009460', 'tt1478964', 'tt1588173', 'tt1924273', 'tt2883512', 'tt4877122', 'tt1650043', 'tt3553442', 'tt5368354', 'tt2828996', 'tt1430607', 'tt2546038', 'tt1935929', 'tt1666801']",546," However, I also genuinely believe that ""Arthur Christmas"" offers a unique and heartwarming storyline that explores the magic of Christmas and the importance of family. The movie's focus on an unlikely hero and their mission adds an element of adventure and excitement. Overall, ""Arthur Christmas"" seems like a delightful and enjoyable choice to"
55,tt4912910,63,"['8', '6', '4', '7', '5', '9', '2', '8', '7', '3', '9']","['tt2911666', 'tt5254868', 'tt3732950', 'tt3062096', 'tt3480796', 'tt4912910', 'tt4126568', 'tt3247714', 'tt1829012', 'tt3181822', 'tt1600196']",570," I choose this movie because I am a fan of action-packed thrillers and the Mission: Impossible series. The plot description of Ethan Hunt and his team trying to prevent a global catastrophe involving stolen plutonium cores sounds incredibly exciting and intense. Additionally, the high ratings and positive reviews for the movie further confirm its quality and entertainment value."
56,tt1462769,178,"['7', '6', '2', '8', '9']","['tt1924273', 'tt1588173', 'tt4877122', 'tt1462769', 'tt1430607']",585, I choose this movie because it has a unique and heartwarming plot about a couple who unexpectedly becomes parents to a boy named Timothy. The concept of a child with leaves growing from his ankles is intriguing and I'm interested to see how Cindy and Jim navigate parenthood and learn valuable lessons along the way.
57,tt2065968,473,"['7', '3', '6', '8', '9', '7', '4', '9', '10', '5', '8', '2', '6', '7']","['tt1462769', 'tt2828996', 'tt5368354', 'tt1924273', 'tt1430607', 'tt2756032', 'tt4877122', 'tt1478964', 'tt2065968', 'tt3553442', 'tt1588173', 'tt1935929', 'tt1666801', 'tt1650043']",315," I would choose this movie because I have consistently rated movies with fantasy and adventure elements higher, and this movie falls into that category. Additionally, I have a preference for animated films, and ""Dragons: Gift of the Night Fury"" offers a heartwarming story set in the world of dragons, which I find appealing."
58,tt1446714,295,"['6', '7', '4', '5', '6', '8', '9', '7', '8', '3', '2', '5', '4', '7', '9', '3', '6', '8']","['tt2231461', 'tt1825683', 'tt3480796', 'tt1397514', 'tt4788944', 'tt3896198', 'tt4547056', 'tt3778644', 'tt3498820', 'tt3899796', 'tt4464394', 'tt1815862', 'tt2808986', 'tt1620680', 'tt1446714', 'tt4831420', 'tt1698647', 'tt1298554']",438," I gave it a rating of 9, which indicates that I highly enjoyed the movie. I selected ""Prometheus"" because it offers a thought-provoking and suspenseful storyline that explores the mysteries of human existence and our place in the universe. The film combines elements of science fiction, adventure, and horror, creating a captivating and visually stunning experience. Additionally, the movie delves into"
59,tt1748122,331,"['7', '6', '8', '5', '9', '7', '4', '6', '10', '9']","['tt1473832', 'tt2073520', 'tt2209418', 'tt1710417', 'tt1441952', 'tt1067774', 'tt1540128', 'tt2870808', 'tt2053425', 'tt1748122']",295," I am drawn to the idea of a young boy and girl falling in love and running away together, which promises a unique and heartfelt story. Additionally, the fact that various factions of the town mobilize to search for them adds an element of adventure and excitement. Overall, Moonrise Kingdom seems like a captivating and"
60,tt2096673,156,"['7', '6', '8', '5', '9', '8', '7', '9', '6', '7', '3', '10', '6', '4', '2', '9', '10', '7', '5', '10', '6', '3']","['tt2452042', 'tt2235542', 'tt1430607', 'tt2112281', 'tt5184298', 'tt1302011', 'tt2865120', 'tt3411444', 'tt3231054', 'tt3874544', 'tt4009460', 'tt1865505', 'tt1216475', 'tt4877122', 'tt4592572', 'tt1429433', 'tt2096673', 'tt1402488', 'tt3416828', 'tt0970179', 'tt2100546', 'tt1935929']",422," I choose this movie because it has a rating of 10, which indicates that it is highly recommended. Additionally, the plot of ""Inside Out"" is intriguing as it explores the emotions and struggles of a young girl named Riley. The movie delves into the complexities of growing up and navigating through different emotions. As someone who appreciates animated films with meaningful storytelling, ""Inside Out"" seems like a captivating and thought-prov"
61,tt1999192,513,"['7', '6', '8', '9', '7', '9', '8', '6', '9', '7', '9', '8']","['tt1223236', 'tt1559038', 'tt3626804', 'tt1417592', 'tt5342766', 'tt1091863', 'tt2125666', 'tt1999192', 'tt2014338', 'tt1714917', 'tt4229236', 'tt5359048']",515," I choose this movie because I enjoy watching comedy specials, and Kevin Hart is known for his hilarious performances. Additionally, the fact that it is set in his hometown of Philly adds a personal touch to the show. I believe it will provide a great opportunity to relax, laugh, and enjoy a lighthearted experience."
62,tt1446714,92,"['7', '3', '6', '9', '5', '8', '4', '10', '8', '2', '1', '7', '6']","['tt1620680', 'tt4831420', 'tt3480796', 'tt3896198', 'tt1397514', 'tt2231461', 'tt1815862', 'tt1446714', 'tt3778644', 'tt4464394', 'tt3899796', 'tt3327624', 'tt1267299']",391, I choose Prometheus because I am intrigued by the concept of exploring the existence of superior extraterrestrial species and uncovering the mysteries of human existence. The plot seems captivating and I am interested in the scientific expedition and the potential revelations it may bring.
63,tt1201607,228,"['8', '7', '9', '6', '8', '9', '7', '8', '9', '7', '6', '8', '7', '9', '7', '8']","['tt1815862', 'tt1429433', 'tt1201607', 'tt5607028', 'tt2017561', 'tt1840309', 'tt0401729', 'tt1302011', 'tt2065968', 'tt3922818', 'tt2404233', 'tt1509767', 'tt1698647', 'tt1192628', 'tt5480340', 'tt1355638']",587," I choose this movie because I have consistently enjoyed the Harry Potter series and have given high ratings to the previous movies. The final installment promises an epic conclusion to the story, with intense battles and the resolution of the conflict between Harry and Voldemort. I am excited to see how the characters' journeys unfold and witness the culmination of the magical world that has been built throughout the series."
64,tt2576852,454,"['7', '6', '8', '9', '5', '4', '7', '8', '3', '9', '6', '8', '5']","['tt1623288', 'tt1430626', 'tt2380307', 'tt3521164', 'tt1691917', 'tt2865120', 'tt2576852', 'tt1690953', 'tt4877122', 'tt1430607', 'tt2293640', 'tt2452042', 'tt3416828']",104," I choose this movie because it has a rating of 7, which is higher than the other options. Additionally, I am intrigued by the plot, which involves a princess found in a bamboo and her journey to find memorable marriage gifts. The story seems unique and I am interested in learning more about the character development and the cultural aspects of the film."
65,tt1446714,6,"['8', '7', '6', '5', '4', '9', '10', '7', '9', '8', '6']","['tt3896198', 'tt2660888', 'tt3778644', 'tt1620680', 'tt3480796', 'tt2231461', 'tt1825683', 'tt1446714', 'tt1631867', 'tt3498820', 'tt5544384']",183, I choose this movie because I am intrigued by the concept of exploring the existence of superior extraterrestrial species and the mysteries surrounding human existence.
66,tt2404425,278,"['2', '1', '4', '3', '4', '5', '5', '4']","['tt2962876', 'tt1349482', 'tt4073952', 'tt1978532', 'tt2429074', 'tt1837709', 'tt2404425', 'tt1677561']",599," I choose this movie because it tells a powerful and important story about seeking justice and reclaiming what was wrongfully taken. The plot revolves around the protagonist's journey to regain a painting stolen by the Nazis during World War II, not only for personal reasons but also to bring some measure of justice for the atrocities committed. This theme resonates with me and aligns with my preference for movies that explore significant historical events and the pursuit of justice"
67,tt1192628,469,"['6', '7', '5', '8', '9']","['tt1623288', 'tt1430607', 'tt1430626', 'tt1302011', 'tt1192628']",376," I choose Rango because I have enjoyed movies with animated animal characters in the past, such as Kung Fu Panda 2. The plot of Rango, with its western town setting and the protagonist taking on the role of a hero and sheriff, seems intriguing and different from the other movies I have rated. Additionally, the idea of a chameleon protagonist and the quest for water in the town of Dirt adds an element of adventure and suspense"
68,tt2034031,276,"['8', '6', '7', '9', '5', '8', '7', '6', '7', '9']","['tt2091935', 'tt1714915', 'tt2756032', 'tt2209418', 'tt5368354', 'tt2034031', 'tt4513674', 'tt1937118', 'tt2870808', 'tt2073520']",479," I choose this movie because it explores the theme of feeling lost and uncertain in life, which resonates with my previous preferences. The plot of a woman in her late twenties navigating her career, relationships, and the pressure to have it all figured out appeals to me. Additionally, the idea of finding solace and a sense of belonging in unexpected places, such as living with a teenager and her single father,"
69,tt1478964,321,"['2', '3', '6', '8', '7', '9', '5', '1', '4', '3', '9']","['tt1935929', 'tt2546038', 'tt1397514', 'tt2883512', 'tt3553442', 'tt1588173', 'tt1666801', 'tt4009460', 'tt1798603', 'tt2828996', 'tt1478964']",99," The concept of a group of inner-city kids defending their neighborhood against alien creatures is intriguing and promises to be action-packed. I am also drawn to the idea of an unlikely alliance forming between the young woman and the gang, which adds an interesting dynamic to the story. Overall, ""Attack the Block"" seems like"
70,tt0816442,425,"['8', '6', '7', '9', '8', '7', '9']","['tt1216491', 'tt2034031', 'tt1742044', 'tt2404425', 'tt0816442', 'tt3553442', 'tt1855199']",399," I choose this movie because it tells a compelling story set during World War II and explores themes of resilience, love, and the power of literature. The plot revolves around a young girl's journey of self-discovery through her love for books and her experiences during the war. Given my previous preferences for movies with historical and emotional depth, ""The Book Thief"" aligns well with my interests."
71,tt1355638,183,"['6', '3', '7', '8', '5', '9', '4', '9', '7', '6']","['tt1698647', 'tt2404233', 'tt3922818', 'tt2017561', 'tt5480340', 'tt1355638', 'tt3416828', 'tt2065968', 'tt1840309', 'tt3480796']",461," I choose this movie because it offers a unique and intriguing storyline set in Algiers during the 1920s. The combination of adventure, cultural exploration, and the presence of a talking cat adds an element of whimsy that appeals to my preferences. Additionally, the inclusion of diverse characters and their quest to find a hidden tribe and mythical city in Africa promises an exciting and thought-provoking journey."
72,tt3270538,493,"['6', '7', '8', '9', '5', '7', '8', '9', '6', '8', '7', '9', '8', '9', '7', '8', '9', '8', '9', '10', '7']","['tt4393514', 'tt2304915', 'tt3327994', 'tt5342766', 'tt1999192', 'tt1417592', 'tt1942884', 'tt6769208', 'tt1605782', 'tt1714917', 'tt1223236', 'tt4229236', 'tt2014338', 'tt5804038', 'tt2125666', 'tt2008513', 'tt1091863', 'tt3626804', 'tt2246565', 'tt3270538', 'tt1559038']",240," As someone who is concerned about social and economic inequality, this documentary offers valuable insights and analysis from Noam Chomsky, a renowned intellectual and activist. It delves into the policies and forces that have contributed to the unprecedented inequality we see today, and serves as"
73,tt0816692,477,"['6', '4', '8', '7', '9', '10', '5', '9', '3', '2', '10', '8', '7', '9', '6', '7', '8', '9']","['tt2172934', 'tt2493486', 'tt4324274', 'tt2548208', 'tt1234721', 'tt0816692', 'tt2962876', 'tt0114709', 'tt4299972', 'tt1349482', 'tt2278388', 'tt1631867', 'tt1837709', 'tt1677561', 'tt2429074', 'tt1978532', 'tt4073952', 'tt2404425']",527," I choose this movie because it received a rating of 10, which is the highest rating I gave among the options. Additionally, I am intrigued by the plot of Earth's future being plagued by disasters and the concept of interstellar travel to ensure mankind's survival. The idea of exploring new frontiers and the unknown in order to find a suitable planet for human life is captivating to me."
74,tt1855199,201,"['6', '4', '3', '8', '9', '7', '5', '2', '10', '9', '7']","['tt2167202', 'tt1829012', 'tt4651410', 'tt2379713', 'tt2347134', 'tt2808986', 'tt2140423', 'tt2735292', 'tt1855199', 'tt1345836', 'tt2295196']",312," I choose this movie because it has received a rating of 10, which indicates that it has been highly praised. Additionally, the plot description of two street cops facing danger and trying to navigate complex situations in South Central Los Angeles intrigues me. I am interested in the portrayal of their partnership and the challenges they face, as well as the exploration of themes such as loyalty, justice, and personal sacrifices."
75,tt5607028,100,"['8', '4', '6', '9', '7', '5', '6', '3', '2', '1']","['tt1192628', 'tt0401729', 'tt1397514', 'tt5607028', 'tt3922818', 'tt1815862', 'tt3416828', 'tt2404233', 'tt2381991', 'tt2379386']",451," I choose this movie because I am intrigued by the concept of alchemy and the story of the Elric brothers. The idea of sacrificing limbs and searching for the philosopher's stone to restore their bodies is fascinating to me. Additionally, the exploration of the consequences of their actions and the quest for redemption adds depth to the plot."
76,tt0816692,33,"['8', '3', '6', '9', '7', '5', '4', '7', '8', '9', '6', '2', '9', '6', '10', '8', '7', '8']","['tt0114709', 'tt0089538', 'tt2548208', 'tt1631867', 'tt2278388', 'tt1234721', 'tt1978532', 'tt2493486', 'tt2172934', 'tt1837709', 'tt2962876', 'tt1349482', 'tt2404425', 'tt2429074', 'tt0816692', 'tt1677561', 'tt4299972', 'tt4324274']",546," The plot about humanity's struggle for survival and the exploration of new worlds through interstellar travel is intriguing. The movie combines stunning visuals, compelling storytelling, and powerful performances to create an immersive and emotional experience. Additionally, the themes of love, sacrifice, and the exploration of the unknown make it a compelling choice for anyone interested in space exploration and the human condition."
77,tt0816692,299,"['6', '7', '4', '3', '2', '8', '5', '9', '7', '10', '4', '6', '8', '7', '9', '5', '3', '10']","['tt2548208', 'tt2278388', 'tt4299972', 'tt1978532', 'tt1349482', 'tt2404425', 'tt2962876', 'tt1677561', 'tt2493486', 'tt0114709', 'tt1837709', 'tt2429074', 'tt1234721', 'tt2172934', 'tt4324274', 'tt4073952', 'tt0089538', 'tt0816692']",344," The concept of interstellar travel and the exploration of new worlds fascinate me, and the movie promises to take me on an epic journey through space and time. Additionally, the film's exploration of themes such as love, sacrifice, and the fragility of our planet adds depth to the story and makes it even more intriguing"
78,tt2883512,93,"['5', '2', '4', '1', '3', '4', '2', '3', '5', '3', '5', '2', '4', '2']","['tt2828996', 'tt1935929', 'tt1588173', 'tt4009460', 'tt1397514', 'tt2546038', 'tt4126340', 'tt1243974', 'tt1430607', 'tt1650043', 'tt2883512', 'tt1798603', 'tt1666801', 'tt4877122']",394," I choose this movie because it has a high rating of 5 and the plot seems interesting. The story of a chef rediscovering his passion for cooking and finding a deeper connection with his family resonates with me. Additionally, the idea of embarking on a journey across America with a food truck sounds exciting and adventurous."
79,tt2379713,116,"['6', '5', '8', '7', '9', '8', '4', '10', '9', '10']","['tt2735292', 'tt1937133', 'tt3402236', 'tt2295196', 'tt1770734', 'tt1855199', 'tt2808986', 'tt2379713', 'tt3262342', 'tt1345836']",574," I choose this movie because it received a rating of 10, which is the highest rating I have given so far. Additionally, I am a fan of the James Bond franchise and enjoy action-packed spy movies. The plot description of Spectre intrigues me with its cryptic messages, rogue missions, and the uncovering of a sinister organization. I am also interested in the connection between James Bond and the enemy he seeks. Overall, Spect"
80,tt5362988,423,"['6', '7', '5', '4', '3', '8', '9', '10', '2', '9', '5']","['tt3062096', 'tt1600196', 'tt4471456', 'tt2450186', 'tt1865393', 'tt2025690', 'tt5362988', 'tt4547056', 'tt3973198', 'tt4912910', 'tt2059171']",525," I choose this movie because it has a high rating of 9, indicating that it is likely to be a well-made and enjoyable film. Additionally, the plot description of a murder mystery set in a harsh and unforgiving environment intrigues me. I am interested in seeing how the characters navigate the challenges they face and how justice is pursued in such a unique setting."
81,tt0816692,350,"['6', '7', '8', '5', '4', '9', '10', '10', '9', '7', '10', '6', '8', '9', '7']","['tt1978532', 'tt2493486', 'tt1837709', 'tt2429074', 'tt1349482', 'tt4299972', 'tt2404425', 'tt0114709', 'tt1677561', 'tt2548208', 'tt0816692', 'tt1234721', 'tt4073952', 'tt2962876', 'tt2172934']",168," I choose this movie because it received a rating of 10, which indicates that it is highly recommended. Additionally, I am intrigued by the plot of Earth's future being riddled by disasters and the concept of interstellar travel to ensure mankind's survival. The idea of exploring new planets and the unknown fascinates me, making ""Interstellar"" the movie I want to watch."
82,tt3262342,451,"['7', '6', '8', '9', '8', '5', '7', '9', '10', '9']","['tt5555502', 'tt2053425', 'tt2042568', 'tt1091191', 'tt2347134', 'tt3210686', 'tt5129510', 'tt1430607', 'tt3262342', 'tt4193394']",486," Additionally, the plot of the movie intrigues me as it explores the life and mysterious death of artist Vincent van Gogh through a unique animation style. I am particularly interested in learning more about the people who were close to van Gogh and how they influenced his art."
83,tt1631867,316,"['3', '2', '4', '3', '5']","['tt0089538', 'tt1349482', 'tt4299972', 'tt1978532', 'tt1631867']",443," I choose this movie because it combines elements of science fiction, action, and time travel. Based on my previous preferences for movies like ""The Curious Case of Benjamin Button"" and ""The Lord of the Rings: The Fellowship of the Ring"", I enjoy movies that have unique and captivating storylines. ""Edge of Tomorrow"" offers a thrilling and innovative concept with its time loop narrative, and the idea of a character improving their"
84,tt0816692,438,"['8', '3', '7', '9', '6', '2', '5', '7', '4', '3', '10', '8', '9', '9', '6', '7', '8', '9']","['tt2278388', 'tt1837709', 'tt2962876', 'tt0114709', 'tt1978532', 'tt0089538', 'tt2429074', 'tt1234721', 'tt2548208', 'tt1349482', 'tt0816692', 'tt2404425', 'tt4299972', 'tt1631867', 'tt4073952', 'tt2172934', 'tt2493486', 'tt1677561']",557," I choose this movie because it has a rating of 10, which indicates that it is highly regarded. Additionally, the plot of the movie about interstellar travel and the search for a new habitable planet intrigues me. I am interested in the exploration of space and the concept of humanity's survival in a changing world."
85,tt2267968,143,"['8', '7', '6', '4', '9', '2', '7', '5', '3', '8', '9', '10', '6']","['tt2802144', 'tt5607028', 'tt2347134', 'tt1397514', 'tt1428538', 'tt4464394', 'tt3247714', 'tt1496025', 'tt2381991', 'tt2267968', 'tt1232829', 'tt4116284', 'tt1815862']",605," I choose this movie because I have enjoyed the previous installments of the Kung Fu Panda series and I appreciate the humor, animation, and action-packed sequences in these films. Additionally, the plot of ""Kung Fu Panda 3"" seems intriguing as Po must train a village of pandas to become skilled warriors, which I find entertaining and engaging."
86,tt2404425,374,"['8', '6', '7', '4', '9', '5', '7', '6', '3', '8', '9']","['tt0816692', 'tt2962876', 'tt1677561', 'tt4073952', 'tt1837709', 'tt1978532', 'tt2493486', 'tt2429074', 'tt1349482', 'tt1234721', 'tt2404425']",245," I choose this movie because I am interested in historical dramas and stories of justice. The plot of ""Woman in Gold"" about Maria Altmann's quest to reclaim a painting stolen by the Nazis during World War II resonates with me. It combines elements of history, art, and personal struggle, which I find compelling. Additionally, the high rating of 9 indicates that it is well-received by others, further p"
87,tt0816692,305,"['8', '6', '7', '9', '4', '8', '5', '7', '9', '10', '6', '8', '10']","['tt4299972', 'tt2429074', 'tt4073952', 'tt1677561', 'tt1349482', 'tt1234721', 'tt1978532', 'tt2493486', 'tt2404425', 'tt0114709', 'tt1837709', 'tt2962876', 'tt0816692']",219," Additionally, the concept of interstellar travel and the exploration of new worlds for the survival of humanity is intriguing to me. The movie promises a captivating and thought-provoking storyline, which makes me eager to watch it."
88,tt1441395,190,"['7', '6', '8', '9', '10', '7', '6', '8', '9', '6']","['tt3099498', 'tt3201722', 'tt1714915', 'tt3705412', 'tt1441395', 'tt4094724', 'tt3732950', 'tt2140423', 'tt1596365', 'tt4464394']",429," Additionally, the plot description intrigues me with its exploration of an alien entity discovering itself as human. I am drawn to the concept of the protagonist's transformation and the potential for tragic and terrifying consequences."
89,tt1714917,507,"['7', '4', '6', '8', '9', '8', '7', '9', '8', '6']","['tt1417592', 'tt4393514', 'tt2125666', 'tt3270538', 'tt5342766', 'tt4229236', 'tt3626804', 'tt1714917', 'tt2304915', 'tt1605782']",253,""" As a fan of punk music, I am particularly interested in learning more about the legendary punk band The Stooges and their impact on the music industry. ""Gimme Danger"" offers an in-depth look at their story, which I find"
90,tt1714915,188,"['2', '3', '4', '5', '4', '3']","['tt3201722', 'tt1441395', 'tt3067274', 'tt1714915', 'tt3705412', 'tt3487994']",201," I choose this movie because I have previously rated it with a 5, indicating that I really enjoyed it. The plot description of two lovers who have endured centuries together and now face the challenges of the modern world intrigues me. I am interested in exploring the themes of love, resilience, and the struggle to survive in a changing world. Additionally, the setting of Detroit and Tangiers adds a unique and atmospheric backdrop to the story"
91,tt2828996,8,"['5', '2', '3', '4', '1', '3', '4', '5', '4', '3', '1']","['tt4831420', 'tt2274570', 'tt4796122', 'tt4464394', 'tt2828996', 'tt2140423', 'tt4126568', 'tt4348012', 'tt1727776', 'tt3732950', 'tt3899796']",467," It is the movie with the lowest rating among the options provided, and I prefer to watch movies with higher ratings."
92,tt0816692,432,"['7', '8', '6', '9', '5', '7', '8', '10', '10\n\nReason for selection: I would select ""Interstellar"" as the movie I want to watch because it combines my love for science fiction and exploration. The concept of interstellar travel and the possibility of finding a habitable planet fascinates me. Additionally, the movie has received high ratings and positive reviews for its stunning visuals and thought-provoking storyline. I am excited to embark on this epic journey and be captivated by the wonders of space and the human spirit.', '9\n\nReason for selection: I would select ""The Grand Budapest Hotel"" as the movie I want to watch because it offers a unique blend of comedy, mystery, and adventure. The film is known for its visually stunning cinematography and quirky storytelling style. The stellar performances from the cast, especially Ralph Fiennes, add depth and charm to the characters. The plot, centered around a theft and the pursuit of a family fortune, promises an intriguing and entertaining narrative. Overall, ""The Grand Budapest Hotel', '10', '4', '8', '7\n\nReason for selection: I would select ""Last Knights"" as the movie I want to watch because I enjoy stories of honor, loyalty, and revenge. The plot of a fallen warrior seeking justice against a corrupt ruler intrigues me, and I am drawn to the themes of honor and loyalty portrayed in the film. Additionally, I appreciate sword-clashing adventures and the action that comes with it. Overall, ""Last Knights"" seems like an engaging and exciting movie that aligns with my preferences.', '3', '9\n\nReason for selection: I would select ""The Road Within"" as the movie I want to watch because it explores the journey of three individuals dealing with different mental health challenges, namely Tourette Syndrome, anorexia, and OCD. The plot seems to offer a unique and heartfelt perspective on these conditions, highlighting the struggles and growth of the characters. The idea of a road trip and the emotional significance of delivering the ashes of Vincent\'s mother to the ocean adds depth to the story. Overall,', '9', '8']","['tt1349482', 'tt2404425', 'tt2172934', 'tt2548208', 'tt2429074', 'tt1978532', 'tt1234721', 'tt1631867', 'tt0816692', 'tt2278388', 'tt0114709', 'tt1837709', 'tt4073952', 'tt2493486', 'tt0089538', 'tt2962876', 'tt1677561', 'tt4299972']",246," The reason for this selection is that I am drawn to the combination of science fiction and exploration themes in the film. Additionally, ""Interstellar"" has received a rating of 10, indicating that it is highly regarded by others. The concept of interstellar travel and the possibility of finding a habitable planet fascinates me, and I am excited to be captivated by"
93,tt1234721,70,"['2', '3', '2', '4', '3']","['tt0089538', 'tt1349482', 'tt1978532', 'tt1234721', 'tt2429074']",289," I choose this movie because it combines elements of action, science fiction, and crime, which are genres that I enjoy. Additionally, the plot of a man becoming a part-man, part-robot police officer and seeking justice intrigues me."
94,tt1430607,358,"['8', '4', '9', '7', '6', '5', '2', '8', '9', '6', '7', '10', '3', '9', '7', '4', '8', '9']","['tt2546038', 'tt4877122', 'tt2883512', 'tt2065968', 'tt1666801', 'tt1397514', 'tt4009460', 'tt1462769', 'tt2756032', 'tt5368354', 'tt1924273', 'tt1588173', 'tt1935929', 'tt1430607', 'tt1650043', 'tt4126340', 'tt3553442', 'tt1478964']",542," Additionally, the plot of the movie, which reveals the behind-the-scenes operations of Santa's delivery system and focuses on a heartwarming family story, seems intriguing and enjoyable."
95,tt0816692,384,"['8', '3', '2', '7', '6', '4', '9', '10', '8', '5', '6', '9', '7']","['tt2278388', 'tt1349482', 'tt0089538', 'tt2172934', 'tt4299972', 'tt1978532', 'tt0816692', 'tt1631867', 'tt1677561', 'tt1234721', 'tt1837709', 'tt0114709', 'tt2429074']",6," I choose this movie because it received a rating of 9, which is the highest rating among all the movies I have viewed. Additionally, I am intrigued by the plot of humanity's struggle for survival and the exploration of interstellar travel. The concept of a newly discovered wormhole and the possibility of finding a new planet to sustain human life is fascinating to me. I am also drawn to the idea of the protagonist"
96,tt1462769,140,"['7', '6', '8', '5', '9', '2', '4', '10', '9', '8', '1', '10', '7', '6', '3', '7', '4']","['tt5368354', 'tt2756032', 'tt1924273', 'tt1650043', 'tt2883512', 'tt1935929', 'tt1397514', 'tt1462769', 'tt1478964', 'tt1430607', 'tt4009460', 'tt1588173', 'tt3553442', 'tt2546038', 'tt4877122', 'tt1666801', 'tt2828996']",249," This movie received a rating of 10, indicating that it was highly enjoyable for the user. The plot of the movie, which revolves around a couple who unexpectedly find a boy with leaves growing from his ankles, seems to have captured the user's interest and left a positive impression. Therefore, the user would choose to watch ""The Odd Life of Timothy Green"" because of"
97,tt1417592,513,"['7', '6', '8', '9', '7', '9', '8', '6', '7', '8', '9', '7']","['tt1223236', 'tt1559038', 'tt3626804', 'tt1417592', 'tt5342766', 'tt1091863', 'tt2125666', 'tt1999192', 'tt2014338', 'tt1714917', 'tt4229236', 'tt5359048']",461," The documentary offers a unique insight into their 20-year career, and I am excited to see the highlights and hear from special guests."
98,tt1192628,132,"['8', '7', '6', '5', '4', '3', '9', '7', '8', '6', '5']","['tt5607028', 'tt1509767', 'tt2379386', 'tt1397514', 'tt2381991', 'tt2404233', 'tt1192628', 'tt0401729', 'tt3922818', 'tt1355638', 'tt1815862']",301," I choose this movie because it has the highest rating among the movies I have viewed so far. Additionally, I appreciate animated films and the plot of Rango, with its comedic and adventurous elements, seems appealing to me."
99,tt1462769,309,"['6', '8', '7', '9', '7', '5', '9', '4', '8', '9', '10', '9', '7']","['tt2065968', 'tt2883512', 'tt1924273', 'tt4651520', 'tt3553442', 'tt1650043', 'tt2756032', 'tt5368354', 'tt1666801', 'tt1462769', 'tt1588173', 'tt1478964', 'tt2546038']",217," Additionally, the plot of the movie intrigues me as it explores the journey of a couple who unexpectedly become parents and learn valuable lessons about love and family. The concept of a child with leaves growing from his ankles adds an element of fantasy and wonder to the story. Overall, I believe """
100,tt2756032,356,"['6', '7', '8', '9', '7', '9', '8', '7', '9', '5', '8', '9']","['tt1462769', 'tt1924273', 'tt1650043', 'tt1588173', 'tt4651520', 'tt2756032', 'tt2065968', 'tt3553442', 'tt2883512', 'tt5368354', 'tt1666801', 'tt1478964']",475," I choose this movie because it received a high rating of 9, which indicates that it is highly enjoyable and well-received by others. Additionally, the plot description intrigues me with its promise of a troubled couple and bizarre circumstances, suggesting a unique and captivating storyline. I am curious to see how the characters navigate their situation and how the story unfolds."
101,tt2404425,434,"['7', '6', '4', '5', '8', '9', '3', '9']","['tt4073952', 'tt2962876', 'tt1978532', 'tt2429074', 'tt1837709', 'tt2404425', 'tt1349482', 'tt1677561']",559," I choose this movie because it has a compelling plot that revolves around seeking justice for the atrocities committed during World War II. The story of Maria Altmann's quest to reclaim her aunt's stolen painting from the Nazis resonates with me and I appreciate the historical significance of the film. Additionally, the high rating I gave it indicates that it is a well-made and engaging movie."
102,tt1839492,523,"['7', '6', '8', '9', '7', '4', '8', '5', '6', '9']","['tt2576852', 'tt3564794', 'tt2061702', 'tt2338151', 'tt1462769', 'tt2404233', 'tt1935859', 'tt2379386', 'tt2381991', 'tt1839492']",12," As someone who enjoys creative storytelling and unique concepts, this movie appeals to my interests. Additionally, the idea of being able to shape and control a relationship through writing is intriguing and I would like to see how the story unfolds."
103,tt5368354,233,"['6', '7', '5', '8', '4', '9', '9', '7', '8', '6']","['tt2065968', 'tt2883512', 'tt1924273', 'tt2756032', 'tt5368354', 'tt1666801', 'tt1478964', 'tt1462769', 'tt3553442', 'tt1715873']",440," I choose this movie because I am in the mood for a light-hearted romantic comedy. The plot seems interesting, with a widowed mother hiring a handsome nanny who brings a more laid-back vibe to the family. I am curious to see how their relationship develops and if it brings some positive changes to their lives."
104,tt0816692,94,"['8', '7', '6', '7', '5', '6', '4', '9', '6', '10', '3', '2', '8', '3', '10', '7', '5']","['tt2278388', 'tt2404425', 'tt1677561', 'tt2493486', 'tt4324274', 'tt1234721', 'tt1978532', 'tt2962876', 'tt2548208', 'tt0816692', 'tt4073952', 'tt1349482', 'tt1837709', 'tt0089538', 'tt0114709', 'tt2172934', 'tt2429074']",513," I choose this movie because I am intrigued by the concept of interstellar travel and the exploration of new worlds. The plot of Earth's future being ravaged by disasters and the need for humanity to find a new habitable planet is captivating. Additionally, the film has received a high rating, indicating that it is well-regarded by others."
105,tt1430607,412,"['1', '3', '2', '4', '3', '2', '1', '5', '2', '4']","['tt4877122', 'tt1798603', 'tt4126340', 'tt2546038', 'tt1243974', 'tt2828996', 'tt4009460', 'tt1430607', 'tt1935929', 'tt1397514']",203," Additionally, the plot description of the movie intrigues me as it offers a unique and imaginative take on the question of how Santa delivers presents in one night. The idea of a dysfunctional family and an unlikely hero also adds an interesting dynamic to the story. Overall, I am excited to watch ""Arthur Christmas"" because of its high rating and its promising and captivating plot."
106,tt1596365,189,"['1', '3', '2', '2', '4', '4', '3', '5', '3', '2', '2', '5']","['tt3099498', 'tt2274570', 'tt3732950', 'tt4796122', 'tt0905372', 'tt4348012', 'tt4126568', 'tt1441395', 'tt4094724', 'tt3899796', 'tt2828996', 'tt1596365']",560," Additionally, I am intrigued by the plot involving a haunted house and a vengeful ghost seeking revenge. The combination of mystery, horror, and the supernatural elements make it an appealing choice for me."
107,tt2883512,137,"['4', '3', '2', '1', '5', '4', '3', '1', '4', '1', '2', '5', '3', '4', '5', '4']","['tt1650043', 'tt1478964', 'tt1666801', 'tt2828996', 'tt2546038', 'tt2065968', 'tt1924273', 'tt4009460', 'tt3553442', 'tt1935929', 'tt4877122', 'tt1430607', 'tt1397514', 'tt2756032', 'tt2883512', 'tt1588173']",508," Additionally, the plot of ""Chef"" appeals to me as it revolves around a chef rediscovering his passion for cooking and finding a deeper connection with his family. This theme of self-discovery and personal growth resonates with me, making ""Chef"" the movie I am most interested in watching."
108,tt2883512,142,"['1', '2', '4', '3', '2', '5', '7', '6', '3', '8', '2', '9', '1', '7', '5', '6', '10', '8', '7']","['tt4126340', 'tt1798603', 'tt1666801', 'tt1397514', 'tt5368354', 'tt1588173', 'tt1430607', 'tt1924273', 'tt2828996', 'tt1478964', 'tt1935929', 'tt1462769', 'tt4009460', 'tt4877122', 'tt2546038', 'tt3553442', 'tt2883512', 'tt1243974', 'tt1650043']",164," Additionally, the plot of ""Chef"" resonates with me as it tells a story of rediscovering passion and finding fulfillment in pursuing one's own dreams. The journey of the main character, Carl Casper, as he embarks on a road trip with his food truck to reconnect with his love for cooking is inspiring and heartwarming. The movie also explores"
109,tt1825683,18,"['6', '2', '7', '4', '9', '3', '5', '1', '8', '10', '9']","['tt5487524', 'tt3899796', 'tt1397514', 'tt1815862', 'tt3498820', 'tt1267299', 'tt4464394', 'tt4831420', 'tt3480796', 'tt1825683', 'tt3922818']",175," I rate it 10. I choose this movie because it has a compelling plot, strong characters, and positive reviews. Additionally, I am interested in the superhero genre and the cultural significance of ""Black Panther"" as a groundbreaking film in terms of representation and diversity."
110,tt3732950,2,"['2', '3', '4', '2', '3', '4', '2', '3', '2', '3', '2']","['tt4831420', 'tt4348012', 'tt2274570', 'tt4464394', 'tt3732950', 'tt1727776', 'tt3899796', 'tt4126568', 'tt4796122', 'tt2140423', 'tt2828996']",406," 

I choose this movie because the plot seems intriguing and unique. The idea of a group of friends getting into trouble and facing the consequences of their actions piques my interest. Additionally, the psychological aspect of the film, exploring how stress and self-preservation can affect individuals, adds another layer to the story. Overall, ""Body"" seems like a movie that will keep me engaged and entertained."
111,tt3521164,392,"['8', '7', '6', '9', '5', '4', '8', '10', '3', '6']","['tt2380307', 'tt1623288', 'tt1690953', 'tt3262342', 'tt5184298', 'tt5480340', 'tt2065968', 'tt3521164', 'tt1402488', 'tt1691917']",419," I am drawn to the movie because of its captivating story based on Polynesian mythology, the beautiful animation, and the empowering message it conveys. Additionally, the music in ""Moana"" is exceptional, with catchy songs that add to the overall enjoyment of the film. I am particularly excited to watch ""Moana"" because it promises to take me on"
112,tt1631867,315,"['7', '8', '9', '6', '8', '9', '10', '5', '7', '9', '8', '9']","['tt1698647', 'tt3778644', 'tt1825683', 'tt2231461', 'tt1298554', 'tt4547056', 'tt3896198', 'tt2808986', 'tt4788944', 'tt1631867', 'tt2660888', 'tt1446714']",48," I choose this movie because I enjoy science fiction and action films, and the concept of a time loop and the protagonist gaining skills with each repetition is intriguing to me. Additionally, the presence of Tom Cruise and Emily Blunt in the lead roles adds to my interest in watching this movie."
113,tt1441395,179,"['6', '3', '8', '2', '7', '5', '9', '1', '4', '7', '8', '6', '3', '2', '4', '9', '7', '8']","['tt2581244', 'tt3487994', 'tt0816711', 'tt3099498', 'tt1714915', 'tt2345759', 'tt0905372', 'tt3201722', 'tt4796122', 'tt3705412', 'tt1596365', 'tt1727776', 'tt3067274', 'tt3899796', 'tt4464394', 'tt1441395', 'tt2140423', 'tt4094724']",186," I choose this movie because it has a rating of 9, which is the highest rating among the movies I have viewed. Additionally, the plot of the movie intrigues me as it explores the concept of an alien entity discovering its own humanity. I am curious to see how the story unfolds and how the protagonist's journey of self-discovery leads to tragic and terrifying consequences."
114,tt1748122,314,"['6', '4', '7', '8', '6', '9', '9', '7', '2', '5', '8']","['tt2073520', 'tt1067774', 'tt1710417', 'tt2053425', 'tt2870808', 'tt1748122', 'tt2209418', 'tt1473832', 'tt4465564', 'tt1540128', 'tt1441952']",8," 

I choose this movie because it has a rating of 9, which is one of the highest ratings I have given so far. Additionally, the plot of ""Moonrise Kingdom"" intrigues me. It is set in the 1960s on an island off the coast of New England and follows the story of two young individuals who fall in love and decide to run away together. The idea of various factions of the"
115,tt2267968,252,"['7', '6', '8', '4', '3', '9', '5', '10', '9', '6', '8', '10', '7', '5']","['tt1232829', 'tt1428538', 'tt1496025', 'tt2381991', 'tt4464394', 'tt2027128', 'tt2808986', 'tt2267968', 'tt2802144', 'tt1937133', 'tt5607028', 'tt4116284', 'tt0825283', 'tt2458106']",391," I choose this movie because it has the highest rating among the movies I have viewed so far, with a rating of 10. I enjoy animated films, and the Kung Fu Panda series has always been entertaining with its humor, action, and heartwarming storytelling. Additionally, the plot of ""Kung Fu Panda 3"" seems intriguing as Po learns to train a village of pandas and faces"
116,tt2802144,468,"['6', '4', '8', '3', '9', '2', '7', '9', '8', '7']","['tt1815862', 'tt1496025', 'tt2347134', 'tt2379386', 'tt2802144', 'tt4464394', 'tt1428538', 'tt4116284', 'tt2267968', 'tt1232829']",563," I choose this movie because it received a high rating of 9, indicating that it is highly enjoyable and well-received by viewers. Additionally, the plot description suggests an intriguing storyline involving secret organizations, action, and suspense. As someone who enjoys thrilling and action-packed films, ""Kingsman: The Secret Service"" seems like an excellent choice for an entertaining movie night."
117,tt1430607,247,"['8', '4', '7', '6', '2', '9', '10', '3', '5', '7', '8', '9', '8', '10\n\nReason: I would like to watch ""Arthur Christmas"" because it offers a fresh and imaginative take on the traditional Santa Claus story. The movie not only explores the magic of Christmas but also delves into the dynamics of a dysfunctional family, adding depth to the storyline. The combination of humor, heartwarming moments, and the mission that Arthur embarks on makes it an intriguing and entertaining choice.', '9\n\nReason: I would like to watch ""Chef"" because it offers a captivating story about rediscovering one\'s passion and finding fulfillment in life. The movie explores the themes of family, creativity, and the pursuit of happiness. The journey that Carl takes, both physically and emotionally, as he rebuilds his career and strengthens his relationship with his son, is inspiring and heartwarming. Additionally, the depiction of food and the culinary world adds an extra layer of enjoyment to the film. Overall,', '7']","['tt1588173', 'tt1397514', 'tt2546038', 'tt5368354', 'tt2828996', 'tt1478964', 'tt2065968', 'tt4877122', 'tt1650043', 'tt1462769', 'tt1924273', 'tt3553442', 'tt2756032', 'tt1430607', 'tt2883512', 'tt1666801']",54," I find the concept of exploring the behind-the-scenes operations of Santa Claus and the dynamics of a dysfunctional family during the Christmas season intriguing. The combination of humor, heartwarming moments, and the mission that Arthur embarks on makes it an appealing choice for me."
118,tt1430607,20,"['2', '4', '3', '1', '5', '3', '2', '1', '4', '5']","['tt4877122', 'tt1478964', 'tt3553442', 'tt4009460', 'tt2546038', 'tt1715873', 'tt1935929', 'tt2828996', 'tt1397514', 'tt1430607']",281," I choose this movie because it has a rating of 5, which is the highest rating among the movies I have viewed. Additionally, the plot of ""Arthur Christmas"" intrigues me as it offers a unique and imaginative take on the question of how Santa delivers presents in one night. The idea of a high-tech operation hidden beneath the North Pole and a story about a dysfunctional family with an unlikely hero resonates with me."
119,tt2756032,61,"['7', '6', '8', '9', '7', '3', '9', '10', '5', '8', '2', '1', '6', '9', '7', '4']","['tt1430607', 'tt1666801', 'tt1397514', 'tt1588173', 'tt3553442', 'tt1935929', 'tt2756032', 'tt2883512', 'tt2546038', 'tt2065968', 'tt4877122', 'tt4009460', 'tt1650043', 'tt1478964', 'tt1924273', 'tt2828996']",265," I choose this movie because it has a rating of 9, which indicates that it is highly regarded. Additionally, the plot description intrigues me as it mentions a troubled couple and bizarre circumstances, suggesting a unique and thought-provoking story. I am drawn to movies that offer something different and challenge conventional storytelling, and ""The One I Love"" seems to fit that criteria."
120,tt3521164,440,"['6', '4', '8', '3', '7', '5', '9', '9', '7', '8', '4', '10']","['tt1690953', 'tt5480340', 'tt3262342', 'tt1402488', 'tt1623288', 'tt1691917', 'tt1430626', 'tt2065968', 'tt5184298', 'tt2452042', 'tt0472181', 'tt3521164']",132," I choose it because I enjoy animated films and the plot of Moana's journey across the Pacific to save her island and restore balance resonates with me. Additionally, the movie is based on Polynesian mythology, which adds an interesting cultural aspect to the story."
121,tt1397514,385,"['6', '3', '7', '8', '9', '4', '2', '10', '1', '3', '9', '5', '2', '10', '7', '9', '4', '6', '8', '7']","['tt1478964', 'tt2546038', 'tt1666801', 'tt1650043', 'tt2065968', 'tt3553442', 'tt4009460', 'tt1430607', 'tt4877122', 'tt1935929', 'tt1397514', 'tt5368354', 'tt4126340', 'tt2883512', 'tt1243974', 'tt1588173', 'tt2828996', 'tt1798603', 'tt1462769', 'tt1924273']",459," I choose this movie because I enjoyed the adventure and excitement of the first movie, ""Journey to the Center of the Earth,"" and I am curious to see how the story continues in this sequel. Additionally, the plot of discovering a mysterious island and solving the mistakes made by the legendary Vernian Alexander sounds intriguing."
122,tt0816692,431,"['6', '3', '8', '2', '9', '7', '9', '5', '4', '3', '10', '8', '7', '10', '6', '9', '7', '6']","['tt1234721', 'tt2429074', 'tt0816692', 'tt0089538', 'tt1677561', 'tt2172934', 'tt1631867', 'tt2493486', 'tt1837709', 'tt1349482', 'tt2278388', 'tt2404425', 'tt4299972', 'tt0114709', 'tt4073952', 'tt2962876', 'tt2548208', 'tt1978532']",146," I would choose this movie because it received a high rating of 8 from me and I am intrigued by the plot involving interstellar travel and the exploration of new planets. Additionally, the concept of a time loop and the increasing skill of the protagonist in each battle adds an interesting element to the story. Overall, ""Interstellar"" seems like a captivating and thought-provoking movie that I would enjoy watching."
123,tt2883512,258,"['7', '6', '8', '9', '5', '8', '9', '7', '3', '6', '4']","['tt1666801', 'tt1715873', 'tt4651520', 'tt2883512', 'tt1397514', 'tt1588173', 'tt1478964', 'tt3553442', 'tt4877122', 'tt1650043', 'tt2828996']",480," I choose this movie because it received a high rating of 9 from me and it aligns with my previous preferences. I enjoyed movies that involve personal growth, rediscovering passions, and the importance of family connections. The plot of ""Chef"" resonates with me as it tells the story of a renowned chef who, after a career setback, embarks on a journey to rediscover his love for cooking and strengthen his bond with"
124,tt1345836,201,"['7', '4', '6', '9', '8', '5', '7', '3', '9', '10', '6']","['tt2167202', 'tt1829012', 'tt4651410', 'tt2379713', 'tt2347134', 'tt2808986', 'tt2140423', 'tt2735292', 'tt1855199', 'tt1345836', 'tt2295196']",264," I choose this movie because it has received a rating of 10, which is the highest rating among the movies I have viewed so far. Additionally, I am a fan of superhero movies and the previous movies in the Batman trilogy were also highly acclaimed. The plot of ""The Dark Knight Rises"" intrigues me as it involves Batman coming out of retirement to save Gotham City from the villain Bane. The movie"
125,tt1588173,86,"['2', '1', '8', '9', '7', '3', '10', '6', '4', '5']","['tt1935929', 'tt4009460', 'tt1588173', 'tt1478964', 'tt3553442', 'tt2828996', 'tt1430607', 'tt2546038', 'tt4877122', 'tt1397514']",370," I choose this movie because it has a unique and intriguing plot about a zombie named R who falls in love with a human named Julie. The idea of a zombie regaining his humanity and forming a connection with a human is fascinating to me. Additionally, the movie explores themes of acceptance, empathy, and the power of love. I am interested to see how the relationship between R and Julie develops and how they navigate the challenges they"
126,tt2347134,471,"['7', '4', '6', '8', '9', '7', '10', '9', '8', '6', '10', '9', '5', '7', '8', '9', '9', '10']","['tt2094064', 'tt3210686', 'tt5129510', 'tt3832914', 'tt2042568', 'tt2756032', 'tt1430607', 'tt4193394', 'tt2025690', 'tt3231054', 'tt3262342', 'tt2347134', 'tt2528814', 'tt2140423', 'tt1462769', 'tt5555502', 'tt1091191', 'tt2053425']",372," I choose this movie because it combines my love for art and intriguing storytelling. The unique animation style, where each frame is painted in the style of Vincent van Gogh, captivates me. Additionally, the plot revolves around the mystery surrounding van Gogh's life and death, which adds an element of intrigue. I am excited to delve into the world of van Gogh and experience the visually stunning journey that ""L"
127,tt2278388,202,"['8', '5', '7', '9', '6', '4', '10', '8', '7', '6', '3', '9', '2', '8', '10', '9', '7', '6']","['tt4073952', 'tt1837709', 'tt1677561', 'tt2962876', 'tt2429074', 'tt4299972', 'tt0114709', 'tt2404425', 'tt4324274', 'tt2172934', 'tt1349482', 'tt2493486', 'tt0089538', 'tt1234721', 'tt2278388', 'tt0816692', 'tt2548208', 'tt1978532']",78," I choose this movie because it has a rating of 10, which indicates that it is highly regarded. Additionally, I am drawn to the plot, which involves the adventures of a legendary concierge and a loyal lobby boy in a famous European hotel. The story promises a mix of humor, mystery, and a backdrop of a changing continent. Overall, it seems like an intriguing and entertaining choice."
128,tt1620680,271,"['7', '6', '8', '9', '4', '5', '7', '6', '9', '10', '3', '8']","['tt1825683', 'tt3778644', 'tt1298554', 'tt4547056', 'tt1620680', 'tt1698647', 'tt3498820', 'tt4788944', 'tt5544384', 'tt1631867', 'tt2808986', 'tt3896198']",177," I choose this movie because I have previously enjoyed movies with elements of fantasy and adventure, such as ""Guardians of the Galaxy Vol. 2"" and ""Edge of Tomorrow."" ""A Wrinkle in Time"" offers a unique and imaginative storyline, involving time travel and the exploration of different dimensions. It also has a strong cast and visually stunning visuals. Overall, I am intrigued by the concept and believe it will provide an"
129,tt1192628,221,"['6', '4', '8', '5', '7', '9', '7', '3', '8', '6', '9', '5', '7']","['tt5480340', 'tt2017561', 'tt5607028', 'tt1815862', 'tt1192628', 'tt0401729', 'tt3922818', 'tt2404233', 'tt1840309', 'tt1355638', 'tt1509767', 'tt1698647', 'tt1397514']",394," Additionally, I am intrigued by the plot of a Civil War veteran being transported to Mars and getting involved in a conflict on the planet. The concept of exploring a new world and witnessing the unrest there appeals to me, making ""John Carter"" the movie I want to watch."
130,tt0970179,497,"['7', '3', '9', '8', '6', '10', '7', '9', '10', '5']","['tt2094064', 'tt0479997', 'tt2042568', 'tt2025690', 'tt2140423', 'tt1091191', 'tt5555502', 'tt1430607', 'tt0970179', 'tt5129510']",128," Additionally, the plot description of the movie intrigues me, as it involves a young orphan boy, mysteries, and connections to his past. I am interested in the adventure and discovery aspect of the story, as well as the historical setting of 1930s Paris. Overall, ""Hugo"" seems like a captivating and"
131,tt2267968,483,"['7', '6', '8', '5', '9', '4', '10', '9', '7', '10']","['tt1496025', 'tt4116284', 'tt1232829', 'tt1397514', 'tt1428538', 'tt2381991', 'tt5607028', 'tt2267968', 'tt2347134', 'tt2802144']",518," I choose this movie because I have previously rated it with a high score of 9. I enjoyed the previous installments of the Kung Fu Panda franchise, and this movie promises to continue the entertaining and humorous adventures of Po and his fellow pandas. Additionally, the plot of Po training a village of pandas to become skilled in kung fu sounds exciting and full of potential for both action and heartwarming"
132,tt1935859,369,"['6', '7', '5', '8', '9', '7', '8', '6', '4', '7', '9']","['tt1839492', 'tt1865505', 'tt1462769', 'tt0770828', 'tt2338151', 'tt0800369', 'tt2061702', 'tt2027128', 'tt2735292', 'tt1496025', 'tt1935859']",476," I choose this movie because it combines elements of mystery, fantasy, and adventure, which are genres that I enjoy. The plot of the movie, with its different worlds, special powers, and powerful enemies, intrigues me. Additionally, the idea of a protagonist discovering their own unique ability and using it to save others resonates with me. Overall, I believe this movie will provide an engaging and"
133,tt1837709,326,"['5', '7', '8', '6', '9', '7', '6', '8', '9', '7']","['tt2379386', 'tt3731562', 'tt0770828', 'tt1839492', 'tt1462769', 'tt3564794', 'tt1496025', 'tt1837709', 'tt2061702', 'tt0829150']",566," I choose this movie because it has a unique and intriguing plot set in New York City. The combination of arctic winds, dark nights, and white lights creates a captivating atmosphere. The love story between Peter, an Irish burglar, and Beverly, a young girl who is dying, adds an emotional depth to the film. Additionally, the concept of an extraordinary hive of imagination and the idea that nothing can check its vitality piques my"
134,tt4229236,504,"['6', '4', '7', '8', '9', '10', '7', '8', '9', '8', '7', '9', '8', '6', '8', '7', '9', '8', '7', '9', '10']","['tt2304915', 'tt1417592', 'tt5359048', 'tt5804038', 'tt3626804', 'tt3270538', 'tt2246565', 'tt5342766', 'tt2014338', 'tt1942884', 'tt1972663', 'tt1091863', 'tt3327994', 'tt1605782', 'tt1714917', 'tt4393514', 'tt6769208', 'tt1559038', 'tt1999192', 'tt1223236', 'tt4229236']",594," As a fan of Nirvana, I am eager to learn more about his journey from his early days in Aberdeen to his rise to fame with Nirvana, as well as the challenges and struggles he faced along the way. The documentary being authorized adds credibility to the storytelling,"
135,tt1441395,21,"['6', '3', '7', '4', '8', '2', '5', '9', '8', '7']","['tt1596365', 'tt2828996', 'tt2581244', 'tt2140423', 'tt3067274', 'tt3899796', 'tt4796122', 'tt1441395', 'tt0905372', 'tt4094724']",94," I choose this movie because it has a unique and intriguing plot, exploring the concept of an alien entity discovering its own humanity. The idea of an alien seducing and consuming human prey adds an element of mystery and suspense. Additionally, the consequences of the alien's self-discovery promise to be both tragic and terrifying, making it a compelling choice for a thought-provoking viewing experience."
136,tt2404425,434,"['6', '4', '7', '8', '9', '10', '5', '9']","['tt4073952', 'tt2962876', 'tt1978532', 'tt2429074', 'tt1837709', 'tt2404425', 'tt1349482', 'tt1677561']",177," I choose this movie because it has a compelling and emotional plot centered around seeking justice for the art thefts committed by the Nazis during World War II. The story resonates with me as it explores themes of resilience, determination, and the pursuit of what is right. Additionally, the involvement of Dame Helen Mirren in the film adds to its appeal and credibility."
137,tt2267968,483,"['7', '6', '8', '5', '9', '4', '10', '9', '7', '8']","['tt1496025', 'tt4116284', 'tt1232829', 'tt1397514', 'tt1428538', 'tt2381991', 'tt5607028', 'tt2267968', 'tt2347134', 'tt2802144']",524," I choose this movie because I have enjoyed the previous installments of the Kung Fu Panda series and have rated them highly. The combination of humor, heartwarming moments, and stunning animation in the previous movies has made me a fan of the franchise. Additionally, the plot of ""Kung Fu Panda 3"" seems intriguing, with Po having to train a village of pandas to fight against a powerful"
138,tt0816692,306,"['8', '7', '9', '6', '7', '9', '6', '8', '9', '10', '9\n\nReason: I would like to watch ""Edge of Tomorrow"" because it offers a unique and thrilling concept of a time loop in a war against aliens. The idea of reliving the same battle repeatedly and learning from each experience sounds intriguing and keeps me engaged. Additionally, the dynamic between the main characters, Major William Cage and Special Forces warrior Rita Vrataski, adds depth to the story. I am excited to see how they develop their skills and strategize to defeat the enemy.', '5', '4', '10\n\nReason: I would like to watch ""Interstellar"" because it offers a captivating and thought-provoking storyline about the future of humanity and the exploration of space. The concept of interstellar travel and the discovery of a wormhole opens up possibilities for new worlds and the potential for human survival. The film is known for its stunning visuals and immersive storytelling, which adds to the overall experience. I am excited to delve into the themes of time, space, and the human spirit that ""Inter', '7', '8', '9', '8']","['tt2429074', 'tt1978532', 'tt2278388', 'tt2962876', 'tt1837709', 'tt2404425', 'tt1234721', 'tt2172934', 'tt1677561', 'tt0114709', 'tt1631867', 'tt1349482', 'tt0089538', 'tt0816692', 'tt4073952', 'tt2548208', 'tt2493486', 'tt4299972']",253," It received a rating of 10, which indicates a high level of interest and enjoyment. Additionally, the plot of ""Interstellar"" is intriguing, exploring themes of space exploration, humanity's survival, and the unknown. The captivating storyline, stunning visuals, and thought-provoking concepts make it an appealing choice."
139,tt2576852,214,"['8', '6', '7', '9', '8', '3', '10', '9', '10', '4', '9']","['tt2380307', 'tt2293640', 'tt3416828', 'tt2452042', 'tt1302011', 'tt4877122', 'tt2576852', 'tt1430607', 'tt3521164', 'tt1615918', 'tt1623288']",34," I rate it 10. The reason I choose this movie is because I enjoy films that have a unique and captivating storyline. ""The Tale of The Princess Kaguya"" offers a beautiful and enchanting tale based on Japanese folklore. It explores themes of love, identity, and the pursuit of happiness. The hand-drawn animation style adds to the charm and authenticity of the film. Overall, I"
140,tt1978532,113,"['4', '3', '2', '1', '3']","['tt0089538', 'tt1234721', 'tt1978532', 'tt1349482', 'tt2429074']",209, I select this movie because it seems to have an interesting concept of friends trying to find a wife for their socially inappropriate friend. The plot suggests that there will be comedic situations and I am in the mood for a light-hearted comedy.
141,tt1825683,5,"['6', '2', '7', '3', '8', '9', '4', '5', '9', '6', '10', '8', '10']","['tt1267299', 'tt4831420', 'tt1397514', 'tt3899796', 'tt5487524', 'tt3498820', 'tt1815862', 'tt4464394', 'tt1446714', 'tt3480796', 'tt1825683', 'tt3922818', 'tt3896198']",297," I choose this movie because it has received a rating of 10, which indicates that it is highly recommended. Additionally, the plot description of ""Black Panther"" intrigues me, as it combines elements of action, adventure, and political intrigue set in the technologically advanced nation of Wakanda. The film also explores themes of identity, leadership, and the responsibility of power. Overall, ""Black Panther"" seems like a captivating"
142,tt2429074,72,"['6', '7', '4', '5', '8']","['tt1978532', 'tt1234721', 'tt0089538', 'tt1349482', 'tt2429074']",577,"B.F."". I choose this movie because it explores themes of identity, acceptance, and friendship. It tackles the topic of being true to oneself and the challenges that come with it, which I find relatable and important. Additionally, the plot seems interesting and entertaining, making it a movie I would be excited to watch."
143,tt1596365,170,"['7', '6', '8', '5', '4', '9', '3', '7', '2', '1', '6']","['tt1441395', 'tt0905372', 'tt1714915', 'tt3067274', 'tt3487994', 'tt1596365', 'tt4796122', 'tt3705412', 'tt3099498', 'tt3201722', 'tt4094724']",185," I choose this movie because it received a high rating of 9 from me, indicating that I found it to be a compelling and thrilling film. I am particularly drawn to horror movies with a supernatural element, and the plot of ""The Woman in Black"" intrigues me with its haunted house and vengeful ghost. Additionally, the setting of the remote village and the mystery surrounding the ghost's motivations add to the suspense"
144,tt4229236,495,"['9', '7', '8', '6', '9', '8', '7', '9', '10', '9', '7', '8', '7', '9', '8', '9', '8', '8', '9', '10', '9']","['tt5804038', 'tt1714917', 'tt1091863', 'tt1999192', 'tt3327994', 'tt2246565', 'tt1605782', 'tt2014338', 'tt3270538', 'tt4393514', 'tt2125666', 'tt2008513', 'tt1417592', 'tt6769208', 'tt5342766', 'tt1223236', 'tt1942884', 'tt3626804', 'tt2304915', 'tt4229236', 'tt1559038']",213," I choose this movie because I am a fan of Kurt Cobain and Nirvana, and I am interested in learning more about his life and the impact he had on the music industry. The documentary is authorized, which means it provides an authentic and insightful look into Cobain's journey, from his early days in Aberdeen to his rise to fame and eventual downfall. I am intrigued to see rare footage"
145,tt1446714,300,"['8', '6', '4', '9', '7', '3', '7']","['tt2231461', 'tt1298554', 'tt1698647', 'tt4547056', 'tt1446714', 'tt2808986', 'tt4788944']",69, The high rating of 7 indicates that I find this movie to be interesting and engaging.
146,tt2962876,154,"['6', '3', '7', '8', '9', '4', '8', '6', '7', '9', '10', '5', '8', '9']","['tt1349482', 'tt1837709', 'tt4324274', 'tt2404425', 'tt2493486', 'tt0089538', 'tt2548208', 'tt4073952', 'tt1978532', 'tt1234721', 'tt1677561', 'tt2429074', 'tt2172934', 'tt2962876']",531," I choose this movie because it tackles important and sensitive topics such as Tourette Syndrome, anorexia, and OCD, which are often misunderstood and stigmatized in society. The plot seems to revolve around personal growth, self-discovery, and overcoming challenges, which I find intriguing. Additionally, the idea of a road trip and the journey of delivering the ashes of Vincent's mother to the ocean adds an emotional and symbolic"
147,tt0816692,245,"['4', '3', '2', '3', '4', '5', '4', '5', '4', '3', '5']","['tt4073952', 'tt2404425', 'tt2429074', 'tt1349482', 'tt1978532', 'tt0816692', 'tt2493486', 'tt2962876', 'tt1837709', 'tt1234721', 'tt1677561']",266," I choose this movie because it received the highest rating of 5, indicating that it was highly enjoyed by the user. Additionally, the user has previously rated movies that involve adventure, struggles, and unique storylines. ""Interstellar"" fits into these preferences as it is a science fiction film that explores the concept of interstellar travel and the survival of humanity. The user may be intrigued by the idea of exploring new worlds and"
148,tt1837709,403,"['6', '7', '5', '8', '9', '7', '4', '9', '6', '8']","['tt2404425', 'tt1677561', 'tt1978532', 'tt2429074', 'tt1234721', 'tt2493486', 'tt1349482', 'tt1837709', 'tt4073952', 'tt2962876']",602," I choose this movie because it has a high rating of 9, indicating that it is likely to be a well-made and enjoyable film. Additionally, the plot description of a love story set in a magical and imaginative version of New York City intrigues me. I am drawn to stories that explore themes of love, fate, and the power of the imagination, and ""Winter's Tale"" seems to encompass all of these"
149,tt1748122,314,"['6', '7', '8', '9', '7', '10', '9', '6', '3', '5', '8']","['tt2073520', 'tt1067774', 'tt1710417', 'tt2053425', 'tt2870808', 'tt1748122', 'tt2209418', 'tt1473832', 'tt4465564', 'tt1540128', 'tt1441952']",430, I would choose this movie because it has the highest rating among the movies I have viewed so far and it also aligns with my preference for unique and unconventional stories. The plot of two young individuals falling in love and running away together on an island off the coast of New England in the 1960s sounds intriguing and the idea of various factions of the town mobilizing to search for them adds an element of adventure
150,tt1430607,9,"['1', '1', '3', '2', '1', '4', '5', '5', '3', '4']","['tt4877122', 'tt4009460', 'tt1715873', 'tt1935929', 'tt2828996', 'tt1397514', 'tt2546038', 'tt1478964', 'tt3553442', 'tt1430607']",272,
151,tt1441395,104,"['1', '2', '3', '4', '1', '3', '2', '1', '2', '4', '3', '5', '4', '1', '2', '3']","['tt3099498', 'tt4126568', 'tt1596365', 'tt1714915', 'tt3899796', 'tt3067274', 'tt3732950', 'tt4796122', 'tt4464394', 'tt2140423', 'tt4094724', 'tt1441395', 'tt0905372', 'tt3201722', 'tt2828996', 'tt3705412']",62," This movie received a rating of 5, which is the highest among the options. Additionally, the plot of ""Under the Skin"" seems intriguing and unique, revolving around an alien entity discovering its own humanity. I am interested in exploring the complex themes and consequences depicted in this film."
152,tt1478964,9,"['1', '1', '3', '2', '2', '4', '4', '5', '3', '4']","['tt4877122', 'tt4009460', 'tt1715873', 'tt1935929', 'tt2828996', 'tt1397514', 'tt2546038', 'tt1478964', 'tt3553442', 'tt1430607']",528," I choose this movie because it has the highest rating among the ones I have viewed, and the plot seems interesting and unique. The idea of a group of inner city kids forming an alliance to defend their turf against alien creatures sounds thrilling and action-packed."
153,tt0970179,497,"['7', '4', '8', '6', '2', '9', '7', '10', '10', '5']","['tt2094064', 'tt0479997', 'tt2042568', 'tt2025690', 'tt2140423', 'tt1091191', 'tt5555502', 'tt1430607', 'tt0970179', 'tt5129510']",302," I choose this movie because it has a rating of 10 and it tells a captivating story about a young orphan boy's journey to unlock the secrets of an automaton left by his father. The film is set in 1930s Paris and combines elements of adventure, mystery, and heartwarming connections. I am intrigued by the historical setting and the promise of uncovering hidden memories and a deeper understanding of the characters'"
154,tt0816692,438,"['8', '6', '7', '5', '4', '2', '3', '9', '6', '3', '10', '9', '8', '9', '7', '6', '8', '9']","['tt2278388', 'tt1837709', 'tt2962876', 'tt0114709', 'tt1978532', 'tt0089538', 'tt2429074', 'tt1234721', 'tt2548208', 'tt1349482', 'tt0816692', 'tt2404425', 'tt4299972', 'tt1631867', 'tt4073952', 'tt2172934', 'tt2493486', 'tt1677561']",151," I choose this movie because it received a rating of 10, which indicates that it was highly enjoyed by the user. Additionally, ""Interstellar"" is a science fiction film that explores the concept of interstellar travel and the survival of humanity. The plot is intriguing and the film has received critical acclaim for its visuals and storytelling. Therefore, it seems like a compelling and engaging movie to watch."
155,tt1596365,11,"['2', '4', '3', '5', '1', '4', '5', '5', '4', '2', '3', '4', '3', '3', '2', '3']","['tt3099498', 'tt3705412', 'tt2828996', 'tt1596365', 'tt3201722', 'tt2140423', 'tt0905372', 'tt1714915', 'tt1441395', 'tt4796122', 'tt4126568', 'tt3067274', 'tt4094724', 'tt3732950', 'tt3899796', 'tt4464394']",412," I choose this movie because it has a rating of 5, which indicates that it is highly rated. Additionally, I am intrigued by the plot involving a haunted house and a vengeful ghost seeking revenge. The setting and the mystery surrounding the woman in black add to the appeal of the movie."
156,tt5607028,102,"['7', '4', '6', '8', '9', '7', '5', '8', '6', '9', '3']","['tt0401729', 'tt2379386', 'tt1397514', 'tt2381991', 'tt3922818', 'tt1192628', 'tt1815862', 'tt1509767', 'tt3416828', 'tt5607028', 'tt2404233']",556," I choose this movie because I am a fan of the original anime series and manga. The story of the Elric brothers and their journey to find the philosopher's stone is captivating and filled with action, mystery, and deep philosophical themes. I am excited to see how this live-action adaptation brings the world of alchemy to life and explores the complex relationships between the characters."
157,tt1631867,329,"['8', '3', '9', '7', '10', '4', '6', '2', '9']","['tt2278388', 'tt2429074', 'tt0114709', 'tt1234721', 'tt1631867', 'tt1349482', 'tt1978532', 'tt0089538', 'tt4299972']",326," I choose this movie because it has a rating of 10, which indicates that it is highly regarded. Additionally, the plot of the movie intrigues me as it combines elements of science fiction, action, and time travel. The idea of a character reliving the same battle repeatedly and becoming more skilled each time is fascinating. I am drawn to the concept of the protagonist's journey of growth and the intense action sequences."
158,tt2883512,220,"['7', '2', '3', '6', '8', '4', '9', '5', '7', '1', '10', '9', '6', '2']","['tt1478964', 'tt4877122', 'tt2828996', 'tt1666801', 'tt4651520', 'tt1715873', 'tt1588173', 'tt3553442', 'tt1397514', 'tt1935929', 'tt2883512', 'tt1430607', 'tt1650043', 'tt4009460']",408," I choose this movie because it received a rating of 10, which indicates that it was highly enjoyable and well-received. Additionally, the plot of the film, which follows a renowned chef's journey to rediscover his passion for cooking and his connection with his family, sounds engaging and heartwarming. As someone who appreciates stories about personal growth and the pursuit of one's passion, ""Chef"" seems like a perfect"
159,tt2042568,242,"['2', '3', '4', '5', '4', '3', '2', '3', '2', '1', '5', '2', '4', '1', '5']","['tt3210686', 'tt5555502', 'tt2347134', 'tt2025690', 'tt1430607', 'tt2053425', 'tt3231054', 'tt2756032', 'tt3832914', 'tt2140423', 'tt2094064', 'tt5129510', 'tt1091191', 'tt2528814', 'tt2042568']",583," I choose this movie because it has received a high rating of 5 from me, indicating that I really enjoyed it. I appreciate the setting of the Greenwich Village folk scene in 1961 and the portrayal of the struggles and obstacles faced by the main character as he tries to make it as a musician. The film's exploration of the human condition and the pursuit of artistic dreams resonated with me, making"
160,tt2381991,187,"['9', '7', '4', '8', '6', '5', '7', '8', '3', '6']","['tt4116284', 'tt4853102', 'tt2379386', 'tt1428538', 'tt2027128', 'tt2458106', 'tt1397514', 'tt3247714', 'tt4651410', 'tt2381991']",278," I choose this movie because I enjoy fantasy films with elements of magic and adventure. The plot of a powerful sorceress seeking revenge and the presence of fantastical elements such as ice powers intrigue me. Additionally, the inclusion of strong female characters like Queen Ravenna and Freya adds to my interest in the film."
161,tt0970179,156,"['7', '6', '8', '5', '9', '8', '7', '9', '6', '7', '3', '9', '6', '4', '5', '7', '10', '6', '5', '9', '7', '4']","['tt2452042', 'tt2235542', 'tt1430607', 'tt2112281', 'tt5184298', 'tt1302011', 'tt2865120', 'tt3411444', 'tt3231054', 'tt3874544', 'tt4009460', 'tt1865505', 'tt1216475', 'tt4877122', 'tt4592572', 'tt1429433', 'tt2096673', 'tt1402488', 'tt3416828', 'tt0970179', 'tt2100546', 'tt1935929']",94," I rated it 9, which indicates that I highly enjoyed the movie. The reason I would choose to watch ""Hugo"" is because it has a captivating and unique storyline set in 1930s Paris. The film combines elements of mystery, adventure, and a touch of magic. Additionally, it explores themes of family, friendship, and the power of imagination. The visually stunning cinemat"
162,tt1588173,365,"['6', '7', '4', '5', '8', '7', '3', '9', '10\n\nI would like to watch ""Warm Bodies"" because it offers a unique twist on the zombie genre. The idea of a zombie regaining his humanity and forming a warm relationship with a human is intriguing. It presents the possibility of hope and redemption in a post-apocalyptic world. I\'m excited to see how the characters navigate the challenges they face and work towards a better world.', '9\n\nI would like to watch ""Attack the Block"" because it offers a fresh and unique take on the alien invasion genre. The idea of a group of inner-city kids defending their neighborhood against savage alien creatures sounds thrilling and action-packed. I\'m curious to see how the unlikely alliance between the young woman and the gang of kids develops and how they strategize to protect their turf. It seems like a fast-paced and exciting film that will keep me on the edge of my seat.']","['tt3553442', 'tt2065968', 'tt1715873', 'tt1650043', 'tt1430607', 'tt1924273', 'tt5368354', 'tt2546038', 'tt1588173', 'tt1478964']",486," I choose this movie because it received a rating of 10, indicating that it is highly recommended. Additionally, the unique twist on the zombie genre, where a zombie regains his humanity and forms a warm relationship with a human, is intriguing and offers a fresh perspective. The idea of hope and redemption in a post-apocalyptic world is appealing, and I am excited to see how the characters navigate the challenges they face."
163,tt2278388,338,"['4', '3', '2', '5', '4', '3', '4', '5', '4', '3', '5', '3', '4', '2', '5', '4', '3', '5']","['tt2429074', 'tt1978532', 'tt1349482', 'tt0816692', 'tt1631867', 'tt2548208', 'tt2172934', 'tt0114709', 'tt1677561', 'tt1234721', 'tt2404425', 'tt4324274', 'tt2962876', 'tt0089538', 'tt1837709', 'tt4299972', 'tt2493486', 'tt2278388']",120," I choose this movie because it has received a high rating from me and it offers a unique and visually stunning storytelling experience. The plot is intriguing, filled with adventure, humor, and a touch of mystery. Additionally, the stellar performances by the cast, particularly Ralph Fiennes as M. Gustave, make it a captivating watch. Overall, ""The Grand Budapest Hotel"" promises to be an entertaining and memorable film."
164,tt1430607,87,"['8', '3', '7', '9', '6', '5', '4', '7', '10', '8', '2']","['tt1588173', 'tt1935929', 'tt2546038', 'tt2883512', 'tt1478964', 'tt1666801', 'tt4877122', 'tt1397514', 'tt1430607', 'tt3553442', 'tt2828996']",228," I choose this movie because it has a rating of 10, which indicates that it is highly regarded. Additionally, the plot description of the movie intrigues me as it offers a unique and imaginative take on the question of how Santa delivers presents. I am also drawn to the idea of a story centered around family and the unlikely hero, Arthur. Overall, the combination of the high rating and the interesting premise makes me want to"
165,tt1216491,225,"['8', '6', '7', '9', '8', '9', '7', '8', '9']","['tt2390361', 'tt3327624', 'tt1978532', 'tt2231253', 'tt2404425', 'tt1216491', 'tt3553442', 'tt1742044', 'tt1855199']",1, I choose this movie because I am intrigued by true stories and investigative journalism. The plot of uncovering the CIA's involvement in drug trafficking and the consequences faced by the journalist for exposing the truth is captivating. I appreciate movies that shed light on important issues and challenge the status quo.
166,tt2304915,481,"['7', '6', '8', '9', '6', '8', '9', '7', '8', '7']","['tt1714917', 'tt3270538', 'tt1417592', 'tt2304915', 'tt1605782', 'tt3626804', 'tt1091863', 'tt1559038', 'tt1223236', 'tt2125666']",408," I choose this movie because it explores a compelling and thought-provoking story about a Palestinian man who becomes a spy for Israel. The plot seems intriguing and offers a unique perspective on the Israeli-Palestinian conflict. Additionally, the high rating I gave it indicates that it aligns with my previous preferences for movies that delve into complex and thought-provoking subjects."
167,tt1234721,266,"['8', '6', '7', '9', '10', '8', '7', '6', '5']","['tt2429074', 'tt1837709', 'tt4073952', 'tt1234721', 'tt1677561', 'tt2404425', 'tt2962876', 'tt1978532', 'tt1349482']",136," I choose this movie because it received a high rating of 9, indicating that it is likely to be a well-made and enjoyable film. Additionally, I am intrigued by the plot description, which involves a blend of action, science fiction, and ethical dilemmas surrounding the use of advanced technology in law enforcement."
168,tt1441395,21,"['8', '4', '6', '7', '9', '3', '5', '10', '8', '6']","['tt1596365', 'tt2828996', 'tt2581244', 'tt2140423', 'tt3067274', 'tt3899796', 'tt4796122', 'tt1441395', 'tt0905372', 'tt4094724']",332," I choose this movie because it has received a rating of 10, which indicates that it is highly regarded. Additionally, the plot description intrigues me with its exploration of identity and the consequences of self-discovery. I am curious to see how the alien entity's journey unfolds and how it affects both the protagonist and the human prey."
169,tt2404425,425,"['7', '6', '8', '9', '7', '8', '9']","['tt1216491', 'tt2034031', 'tt1742044', 'tt2404425', 'tt0816442', 'tt3553442', 'tt1855199']",198," I rate it 9 out of 10. The reason I choose this movie is because I am interested in historical dramas and stories that shed light on the injustices of the past. ""Woman in Gold"" tells the compelling true story of Maria Altmann's quest to reclaim a painting stolen by the Nazis during World War II. It explores themes of justice, resilience, and the lasting impact of historical events."
170,tt2017561,319,"['7', '6', '8', '9', '5', '7', '4', '9', '6', '8']","['tt1840309', 'tt3480796', 'tt2065968', 'tt2017561', 'tt3416828', 'tt1355638', 'tt2404233', 'tt3922818', 'tt5480340', 'tt1698647']",61," I choose this movie because it combines elements of adventure, fantasy, and mythology, which are genres that I enjoy. Additionally, the plot of a Buddhist hero on a quest to meet the legendary Monkey King sounds intriguing and promises an exciting and unique storyline."
171,tt1886493,57,"['7', '6', '4', '5', '8', '3', '9', '2', '6', '7']","['tt4126568', 'tt5254868', 'tt2134170', 'tt1886493', 'tt2025690', 'tt3732950', 'tt1829012', 'tt3181822', 'tt3480796', 'tt3247714']",110,"44"". I choose this movie because I find the plot intriguing with its elements of crime and deception. The story of two lifelong criminals navigating the underground world of Los Angeles in search of wealth, love, and redemption sounds like a thrilling and suspenseful watch."
172,tt4126568,2,"['5', '3', '7', '4', '2', '6', '3', '4', '5', '8', '7']","['tt4831420', 'tt4796122', 'tt1727776', 'tt3899796', 'tt2140423', 'tt3732950', 'tt2828996', 'tt2274570', 'tt4464394', 'tt4348012', 'tt4126568']",598," I choose this movie because I enjoy intense and suspenseful thrillers, and the plot of being stranded in open water with man-eating sharks sounds thrilling and suspenseful. I'm intrigued by the concept of the characters trying to survive and capture their ordeal on camera."
173,tt1397514,311,"['6', '3', '7', '8', '2', '9', '10', '5', '4', '7', '9', '6', '10', '3', '8', '7', '4', '9', '8']","['tt4651520', 'tt4877122', 'tt1924273', 'tt1478964', 'tt4009460', 'tt1462769', 'tt1588173', 'tt1397514', 'tt5368354', 'tt1715873', 'tt2883512', 'tt2546038', 'tt1430607', 'tt1935929', 'tt3553442', 'tt1650043', 'tt2828996', 'tt1666801', 'tt2756032']",560," I choose this movie because I enjoy adventure and fantasy films, and the plot of a family embarking on a journey to a mysterious island sounds intriguing. Additionally, the presence of Dwayne ""The Rock"" Johnson adds to the appeal as I appreciate his performances in action-packed movies."
174,tt1441395,21,"['7', '4', '8', '2', '6', '3', '5', '1', '9', '10']","['tt4094724', 'tt3067274', 'tt1596365', 'tt2828996', 'tt2581244', 'tt2140423', 'tt4796122', 'tt3899796', 'tt0905372', 'tt1441395']",56, The idea of an alien entity discovering itself as human and the exploration of identity and consequences sound fascinating.
175,tt2404425,461,"['7', '6', '8', '9', '5']","['tt1677561', 'tt4073952', 'tt2404425', 'tt2962876', 'tt1978532']",207," I choose this movie because I am interested in historical dramas and stories that shed light on the injustices of the past. The plot of ""Woman in Gold"" resonates with me as it explores the journey of Maria Altmann in seeking justice for the art stolen by the Nazis during World War II. Additionally, the presence of Dame Helen Mirren in the lead role adds to my excitement as she is a talented"
176,tt1650062,149,"['6', '7', '8', '9', '10', '4', '5', '7', '8', '6']","['tt3973198', 'tt0993842', 'tt5173032', 'tt1599348', 'tt1650062', 'tt1658837', 'tt1712170', 'tt2044801', 'tt1974419', 'tt1600195']",275," Additionally, the plot of ""Super 8"" about a group of friends witnessing a catastrophic train crash and uncovering mysterious events in their town intrigues me. The combination of suspense, mystery, and nostalgic 1970s setting makes it an appealing choice for me to watch."
177,tt0816692,522,"['7', '6', '8', '9', '9', '7', '10', '8', '10', '6', '7', '8', '9', '7', '5', '10', '9', '7']","['tt1837709', 'tt2548208', 'tt1234721', 'tt2493486', 'tt2404425', 'tt2962876', 'tt2278388', 'tt1677561', 'tt0816692', 'tt1978532', 'tt2429074', 'tt4324274', 'tt4299972', 'tt4073952', 'tt1349482', 'tt1631867', 'tt0114709', 'tt2172934']",86," I choose this movie because it received a rating of 10, which is the highest rating among the movies I have viewed. Additionally, I am intrigued by the plot that involves Earth's future, interstellar travel, and the search for a new habitable planet. The concept of exploring the unknown and the potential for humanity's survival in the face of adversity is captivating to me."
178,tt0816692,541,"['6', '7', '4', '8', '9']","['tt1631867', 'tt2278388', 'tt4299972', 'tt0114709', 'tt0816692']",196," I choose this movie because it combines my love for science fiction and exploration with its compelling story and stunning visuals. The concept of interstellar travel and the exploration of new worlds fascinates me, and the potential for humanity's survival adds an extra layer of urgency to the plot. Additionally, the high rating I gave it indicates that it aligns well with my previous preferences and is likely to be an enjoyable and engaging film."
179,tt0970179,133,"['2', '4', '3', '5', '4', '2', '5', 'I rate ""Hugo"" a 5.', '1', '3', '4', '5', '4', '5', '4']","['tt3210686', 'tt1091191', 'tt2528814', 'tt1430607', 'tt2025690', 'tt5129510', 'tt2042568', 'tt0970179', 'tt2140423', 'tt3231054', 'tt5555502', 'tt2053425', 'tt2756032', 'tt2347134', 'tt2094064']",501," I choose this movie because it received a rating of 5, which is the highest rating I gave among the options. Additionally, ""Hugo"" offers a captivating story about a young boy's journey in 1930s Paris, filled with adventure, mystery, and heartwarming moments. The film explores themes of family, friendship, and the power of imagination. The combination of its visually stunning cinematography, compelling"
180,tt2883512,261,"['7', '6', '3', '8', '9', '7', '4', '6', '2', '9', '10\n\nReason for selection: I would like to watch ""Chef"" because it tells a heartwarming story about a chef who rediscovers his passion for cooking and finds a deeper connection with his family. The plot seems engaging and the theme of pursuing one\'s dreams and finding happiness resonates with me. Additionally, the positive reviews and high rating suggest that it is a well-made film with great performances. Overall, I believe ""Chef"" would be an enjoyable and inspiring movie to watch.', '5']","['tt1462769', 'tt1430607', 'tt2828996', 'tt1666801', 'tt1588173', 'tt1924273', 'tt4877122', 'tt1397514', 'tt4009460', 'tt2065968', 'tt2883512', 'tt4126340']",162," I choose this movie because it tells a heartwarming story about a chef rediscovering his passion for cooking and finding a deeper connection with his family. The plot seems engaging and the theme of pursuing one's dreams and finding happiness resonates with me. Additionally, the positive reviews and high rating suggest that it is a well-made film with great performances. Overall, I believe ""Chef"" would be an enjoyable and inspiring movie to"
181,tt2042568,244,"['6', '7', '8', '4', '9', '5', '9', '7', '6', '8', '9', '8']","['tt3210686', 'tt3231054', 'tt2347134', 'tt2528814', 'tt1430607', 'tt5368354', 'tt1462769', 'tt2756032', 'tt0479997', 'tt2025690', 'tt2042568', 'tt5555502']",100," I choose this movie because I have consistently rated movies with a musical or artistic theme higher than others. ""Inside Llewyn Davis"" follows the journey of a young folk singer in the vibrant Greenwich Village folk scene of the 1960s. As someone who appreciates music and the struggles of artists, this movie resonates with me. The plot description also mentions the protagonist facing obstacles of his own making"
182,tt1430607,366,"['6', '7', '5', '2', '8', '9', '4', '10', '3', '7', '8', '5', '3', '9', '6', '4', '8']","['tt1397514', 'tt2756032', 'tt1462769', 'tt4009460', 'tt1478964', 'tt1588173', 'tt1924273', 'tt2883512', 'tt4877122', 'tt1650043', 'tt3553442', 'tt5368354', 'tt2828996', 'tt1430607', 'tt2546038', 'tt1935929', 'tt1666801']",141," Additionally, the plot of the movie is intriguing as it offers a unique and imaginative explanation for how Santa delivers presents on Christmas Eve. The focus on family dynamics and the character of Arthur as the unlikely hero also adds depth to the story. Overall, ""Arthur Christmas"" seems like an enjoyable and heartwarming movie to watch."
183,tt3896198,430,"['7', '6', '5', '8', '4', '9', '7', '9', '2', '6', '3', '5', '7', '9', '8', '10', '9\n\nReason: I would choose to watch ""Solo: A Star Wars Story"" because I am a fan of the Star Wars franchise and I enjoy the adventure and excitement that comes with it. Additionally, I am intrigued by the idea of exploring the backstory of one of the most iconic characters in the series, Han Solo. I am excited to see how the film delves into his early adventures, introduces new characters like Chewbacca and Lando Calrissian, and showcases the criminal underworld', '8\n\nReason: I would choose to watch ""Sword Art Online the Movie: Ordinal Scale"" because I am a fan of the Sword Art Online series and I am interested in seeing how the story continues in this movie. The concept of a new augmented reality game, ""Ordinal Scale,"" sounds intriguing and I am curious to see how the characters navigate the challenges and dangers within the game. Additionally, I enjoy the action and adventure elements of the Sword Art Online franchise, and I am excited to', '7\n\nReason: I would choose to watch ""A Wrinkle in Time"" because I enjoy fantasy and adventure movies. The idea of traveling across the universe and encountering magical beings appeals to me. Additionally, the concept of a young girl embarking on a journey to rescue her father from a powerful evil adds an emotional element to the story. I am curious to see how the characters navigate through different dimensions and overcome challenges to save her father.', '8']","['tt1446714', 'tt3480796', 'tt1397514', 'tt2660888', 'tt1815862', 'tt1825683', 'tt4547056', 'tt1631867', 'tt3899796', 'tt1698647', 'tt2808986', 'tt4464394', 'tt4788944', 'tt3896198', 'tt2231461', 'tt3498820', 'tt3778644', 'tt5544384', 'tt1620680', 'tt1298554']",397," 2"" with the imdbID tt3896198. 

Reason: I would choose this movie because I am a fan of the Marvel Cinematic Universe and the first Guardians of the Galaxy movie. I enjoyed the humor, action, and unique characters in the first film, and I am excited to see how the story continues in the sequel. Additionally, the reviews and ratings for ""Guardians of the Galaxy Vol. 2"" have been"
184,tt1478964,357,"['7', '6', '8', '5', '4', '9', '7', '6', '10', '8']","['tt1666801', 'tt2883512', 'tt2065968', 'tt1715873', 'tt5368354', 'tt3553442', 'tt2756032', 'tt1924273', 'tt1478964', 'tt1462769']",44," I choose this movie because I enjoy action-packed films with a unique twist. The concept of a group of inner-city kids teaming up to defend their neighborhood against savage alien creatures sounds thrilling and entertaining. Additionally, the setting of a South London apartment complex adds an interesting dynamic to the story. Overall, ""Attack the Block"" seems like a fun and exciting movie that I would enjoy watching."
185,tt1829012,110,"['7', '6', '8', '5', '3', '9', '7', '8', '9', '6']","['tt2044801', 'tt5173032', 'tt1741273', 'tt1712170', 'tt3181822', 'tt1829012', 'tt1658837', 'tt2048770', 'tt1837709', 'tt1957938']",283," I rated it with a 9, indicating that I found it highly enjoyable. The reason I choose this movie is because I am intrigued by the plot revolving around the rivalry between the manipulative boss and her talented protégée, which escalates to public humiliation and even murder. I am interested in psychological thrillers and the idea of power dynamics and manipulation. Therefore, ""Passion"""
186,tt3899796,2,"['4', '3', '2', '1', '3', '5', '4', '3', '2', '3', '2']","['tt4831420', 'tt4348012', 'tt2274570', 'tt4464394', 'tt3732950', 'tt1727776', 'tt3899796', 'tt4126568', 'tt4796122', 'tt2140423', 'tt2828996']",605, I choose this movie because I enjoy the absurdity and over-the-top nature of the Sharknado franchise. The combination of sharks falling from the sky and the ridiculous plotlines make it a fun and entertaining watch.
187,tt4547056,83,"['6', '8', '4', '7', '2', '5', '9', '7', '8', '6', '3', '9', '8', '9', '7']","['tt1620680', 'tt3896198', 'tt3480796', 'tt1397514', 'tt3899796', 'tt4464394', 'tt1446714', 'tt2231461', 'tt3778644', 'tt4788944', 'tt1815862', 'tt3922818', 'tt1298554', 'tt4547056', 'tt1698647']",220," I choose this movie because it presents a unique and intriguing concept of a dystopian world plagued by a fungal disease. The plot revolves around a group of hybrid children who possess both human emotions and a craving for human flesh. The story explores themes of survival, identity, and the blurred lines between humanity and monstrosity. The combination of a compelling narrative, strong performances, and thought-provoking themes makes"
188,tt1618442,103,"['7', '6', '8', '5', '6', '9', '7', '8', '9', '7', '4']","['tt2347134', 'tt2267968', 'tt1428538', 'tt1397514', 'tt0803096', 'tt1618442', 'tt3247714', 'tt1496025', 'tt5607028', 'tt1232829', 'tt4464394']",383," I choose this movie because it received the highest rating among the movies I viewed, with a rating of 9. Additionally, I am intrigued by the supernatural theme and the concept of a lone witch hunter battling against powerful witches. The plot description suggests an epic battle and the potential for a thrilling and action-packed story."
189,tt4191054,10,"['6', '4', '5', '7', '8', '3', '9']","['tt1615918', 'tt0401729', 'tt1600195', 'tt1667353', 'tt1710396', 'tt3899796', 'tt4191054']",204," I choose this movie because it has a high rating of 9, indicating that it is likely to be enjoyable. Additionally, the plot description of a madcap fairy tale musical inspired by ""A Midsummer Night's Dream"" sounds intriguing and unique."
190,tt2014338,496,"['5', '4', '3', '4', '5', '4', '3', '5', '4', '5']","['tt2125666', 'tt1999192', 'tt4229236', 'tt5342766', 'tt1091863', 'tt1942884', 'tt2246565', 'tt2014338', 'tt2008513', 'tt3626804']",500," I choose this movie because I am interested in the history and process of film creation. I have previously rated documentaries and movies that explore different aspects of filmmaking, and this documentary seems to provide valuable insights into the evolution of both digital and photochemical film. I am curious to learn about the experiences and perspectives of directors, cinematographers, colorists, scientists, engineers, and artists in working with both film formats."
191,tt2267968,180,"['8', '3', '7', '6', '9', '8', '10', '5', '9', '7', '4', '9']","['tt1397514', 'tt1815862', 'tt2347134', 'tt2381991', 'tt3247714', 'tt1232829', 'tt2267968', 'tt1496025', 'tt4116284', 'tt1428538', 'tt4464394', 'tt5607028']",15," I choose this movie because I have consistently enjoyed the previous movies in the Kung Fu Panda series. The combination of humor, heartwarming moments, and exciting martial arts action always captivates me. Additionally, the idea of Po learning to train a village full of pandas sounds like a fun and entertaining storyline. I am excited to see how Po's journey continues and how he embraces his role as the"
192,tt2172934,134,"['8', '4', '6', '7', '5', '7', '9']","['tt1234721', 'tt0089538', 'tt1978532', 'tt1837709', 'tt1349482', 'tt2429074', 'tt2172934']",421," I choose this movie because it combines elements of action, suspense, and personal relationships. As someone who enjoys thrilling movies, the plot of a spy trying to balance his final mission with reconnecting with his family intrigues me. Additionally, the theme of sacrifice and the protagonist's desire to build a closer relationship with his wife and daughter resonates with me. Overall, ""3 Days to Kill"" seems like a"
193,tt3231054,273,"['8', '7', '5', '6', '4', '9', '10', '3', '2', '7']","['tt2094064', 'tt4193394', 'tt5368354', 'tt3231054', 'tt2140423', 'tt2756032', 'tt2347134', 'tt0479997', 'tt3832914', 'tt1243974']",113," I choose this movie because I am intrigued by the concept of exploring the story of the Resurrection from the perspective of a non-believer. The plot seems to offer a unique and thought-provoking perspective on a well-known biblical event. Additionally, the historical setting and the mystery surrounding the events make it an intriguing choice for me."
194,tt1596365,210,"['5', '2', '3', '1', '4', '5', '3', '4', '4', '4', '5']","['tt0816711', 'tt2581244', 'tt2274570', 'tt3099498', 'tt2140423', 'tt1441395', 'tt4094724', 'tt1727776', 'tt0905372', 'tt4348012', 'tt1596365']",506," I choose this movie because I enjoy suspenseful and atmospheric horror films. The plot description of a haunted house and vengeful ghost intrigued me, and I am drawn to movies that explore themes of grief and supernatural entities. The setting and premise of the film promise an eerie and chilling experience, which aligns with my preferences for this genre."
195,tt6769208,516,"['7', '6', '8', '9', '5', '7', '8', '6', '9', '8', '7']","['tt2304915', 'tt1091863', 'tt1605782', 'tt3270538', 'tt1972663', 'tt1714917', 'tt3327994', 'tt1417592', 'tt6769208', 'tt2125666', 'tt4393514']",241," I choose this movie because I have a strong interest in nature and the environment. The documentary explores the impact of human activities on the world's oceans, which is a topic that I find important and relevant. Additionally, the revolutionary segments and stunning visuals showcased in the film make it an intriguing and captivating watch."
196,tt2347134,421,"['8', '7', '6', '4', '3', '5', '9', '10', '6', '7', '8']","['tt2267968', 'tt2802144', 'tt4116284', 'tt2458106', 'tt2808986', 'tt1397514', 'tt1232829', 'tt2347134', 'tt1496025', 'tt2027128', 'tt1428538']",351," I choose this movie because it has a rating of 10, which is the highest among the movies I have rated so far. Additionally, the plot of ""Unforgiven"" intrigues me as it offers a unique reinterpretation of a classic Western film in a Japanese period setting. The combination of an acclaimed filmmaker and a talented cast, including Ken Watanabe, adds to my interest in watching this movie."
197,tt0816692,477,"['8', '6', '7', '9', '5', '10', '8', '9', '7', '4', '10', '9', '6', '8', '7', '6', '8', '9']","['tt2172934', 'tt2493486', 'tt4324274', 'tt2548208', 'tt1234721', 'tt0816692', 'tt2962876', 'tt0114709', 'tt4299972', 'tt1349482', 'tt2278388', 'tt1631867', 'tt1837709', 'tt1677561', 'tt2429074', 'tt1978532', 'tt4073952', 'tt2404425']",108," I choose this movie because I have consistently rated movies with a sci-fi or futuristic theme higher, and ""Interstellar"" has received a perfect rating of 10 from me. Additionally, the plot of exploring space and searching for a new habitable planet intrigues me, and I am drawn to the idea of humanity's survival being at stake. The movie promises a thrilling and thought-provoking experience, making it my top"
198,tt4853102,4,"['1', '2', '1', '1', '4', '3', '2', '5', '3', '2']","['tt4009460', 'tt1600195', 'tt3899796', 'tt2828996', 'tt2548208', 'tt4126568', 'tt1615918', 'tt4853102', 'tt0401729', 'tt0472181']",20," I choose this movie because it has received a rating of 5, which is the highest rating among the movies that I have viewed. Additionally, I am a fan of Batman and I am intrigued by the plot description, which involves Batman hunting down the Joker and the Joker attacking the Gordon family. I am interested to see how the story unfolds and how Batman deals with the challenges presented by the Joker."
199,tt2180411,290,"['8', '6', '7', '5', '3', '9', '4', '7', '8', '10', '9']","['tt2474024', 'tt4324274', 'tt2134170', 'tt2679042', 'tt4592572', 'tt1216475', 'tt1691917', 'tt3210686', 'tt1473832', 'tt1690953', 'tt2180411']",344," The combination of a captivating story, memorable characters, and enchanting musical numbers makes it a compelling choice for me."
200,tt6769208,516,"['7', '6', '8', '9', '5', '8', '7', '8', '9', '7', '9']","['tt2304915', 'tt1091863', 'tt1605782', 'tt3270538', 'tt1972663', 'tt1714917', 'tt3327994', 'tt1417592', 'tt6769208', 'tt2125666', 'tt4393514']",86," I choose this movie because I have always been fascinated by the wonders of the ocean and the diverse marine life it holds. The documentary promises to provide a groundbreaking and immersive experience, exploring the impact of human activities on the world's oceans. As someone who values environmental awareness and conservation, I am eager to learn more about the challenges our oceans face and the efforts being made to protect them. Additionally, the unique and captivating segments"
201,tt3521164,440,"['6', '4', '8', '5', '7', '5', '9', '8', '7', '9', '6', '10']","['tt1690953', 'tt5480340', 'tt3262342', 'tt1402488', 'tt1623288', 'tt1691917', 'tt1430626', 'tt2065968', 'tt5184298', 'tt2452042', 'tt0472181', 'tt3521164']",309," I choose this movie because it has the highest rating among the movies I have viewed, and it aligns with my preference for animated films. Additionally, the plot of ""Moana"" is intriguing and offers a unique blend of adventure, mythology, and cultural representation. The story of a young girl embarking on a journey to save her island and discover her own identity resonates with me, and I am excited to watch this"
202,tt2278388,437,"['8', '6', '7', '5', '9', '8', '10', '6', '9', '7', '8', '4', '9', '7', '9', '5', '9', '10']","['tt4073952', 'tt1631867', 'tt2962876', 'tt2548208', 'tt4299972', 'tt2493486', 'tt2278388', 'tt1978532', 'tt0816692', 'tt2429074', 'tt1234721', 'tt0089538', 'tt1837709', 'tt2172934', 'tt1677561', 'tt1349482', 'tt2404425', 'tt0114709']",489," I choose this movie because it received the highest rating of 10, indicating that it is highly regarded. Additionally, the plot description of the adventures of M. Gustave and Zero Moustafa in a famous European hotel during a changing continent intrigues me. I am drawn to the combination of comedy, mystery, and unique storytelling that this film promises."
203,tt3521164,440,"['7', '6', '8', '5', '9', '4', '7', '9', '6', '8', '5', '10']","['tt1690953', 'tt5480340', 'tt3262342', 'tt1402488', 'tt1623288', 'tt1691917', 'tt1430626', 'tt2065968', 'tt5184298', 'tt2452042', 'tt0472181', 'tt3521164']",335," Additionally, the plot of ""Moana"" is intriguing, with elements of adventure, mythology, and a strong female protagonist. The movie explores themes of bravery, self-discovery, and the importance of preserving one's culture and environment. As someone who enjoys animated films and stories that celebrate different cultures, """
204,tt1600195,1,"['1', '2', '3', '4', '5', '6']","['tt4009460', 'tt2528814', 'tt3832914', 'tt1600195', 'tt5254868', 'tt2345759']",271," I choose this movie because it has received a rating of 4, which is the highest rating among the movies I have viewed so far."
205,tt2042568,259,"['7', '3', '6', '8', '9', '7', '10', '8', '9', '4']","['tt2025690', 'tt3210686', 'tt2140423', 'tt1430607', 'tt1091191', 'tt2094064', 'tt2053425', 'tt5555502', 'tt2042568', 'tt5129510']",457," I choose this movie because I have enjoyed watching movies with music themes in the past, such as ""Braveheart"" and ""Back to the Future."" The plot of ""Inside Llewyn Davis"" about a folk singer navigating the Greenwich Village folk scene of 1961 intrigues me. Additionally, the high rating I gave to this movie suggests that it is well-made and engaging."
206,tt3521164,392,"['8', '6', '7', '9', '5', '4', '8', '10', '3', '5']","['tt2380307', 'tt1623288', 'tt1690953', 'tt3262342', 'tt5184298', 'tt5480340', 'tt2065968', 'tt3521164', 'tt1402488', 'tt1691917']",434," I choose this movie because it received the highest rating of 10, indicating that I enjoyed it the most out of all the movies I viewed. Additionally, ""Moana"" has an intriguing plot based on Polynesian mythology, which appeals to my interest in different cultures and mythologies. The story of a young girl embarking on an epic journey across the Pacific to save her island resonated with me, and I am"
207,tt2802144,383,"['7', '3', '8', '9', '6', '4', '7', '9', '5', '6', '2', '4', '7', '9']","['tt4853102', 'tt1815862', 'tt1232829', 'tt2347134', 'tt2267968', 'tt4651410', 'tt1618442', 'tt2802144', 'tt1428538', 'tt2381991', 'tt2379386', 'tt4464394', 'tt1496025', 'tt4116284']",155," I choose this movie because it has a high rating and it combines action, humor, and a unique take on the spy genre. I enjoyed the previous movies I rated highly, such as ""Fight Club"" and ""Office Space,"" and ""Kingsman: The Secret Service"" seems to offer a similar level of entertainment and excitement. Additionally, the plot of a young man being recruited into a secret organization"
208,tt4348012,58,"['1', '2', '3', '4', '6', '5', '1', '8', '2', '7', '9']","['tt2828996', 'tt4464394', 'tt3732950', 'tt4094724', 'tt0816711', 'tt2140423', 'tt3899796', 'tt1727776', 'tt4796122', 'tt4126568', 'tt4348012']",344, I choose this movie because I enjoy intense and thrilling stories that keep me on the edge of my seat. The concept of a virus causing people to act out their wildest impulses in a corporate setting sounds intriguing and I am curious to see how the main character fights for his job and survival.
209,tt1345836,296,"['6', '4', '8', '7', '9', '10', '8', '6', '9', '7']","['tt2808986', 'tt2735292', 'tt1855199', 'tt4226388', 'tt2379713', 'tt1345836', 'tt3402236', 'tt1937133', 'tt3262342', 'tt2295196']",305," I choose this movie because I have always been a fan of the Batman franchise and the previous movies in the series have all been highly rated by me. Additionally, ""The Dark Knight Rises"" has a compelling plot and is known for its intense action sequences and gripping storytelling. I am excited to see how the story unfolds and how Batman overcomes the challenges presented by the villain B"
210,tt0816692,305,"['8', '6', '7', '9', '5', '8', '7', '9', '9', '10', '6', '8', '10']","['tt4299972', 'tt2429074', 'tt4073952', 'tt1677561', 'tt1349482', 'tt1234721', 'tt1978532', 'tt2493486', 'tt2404425', 'tt0114709', 'tt1837709', 'tt2962876', 'tt0816692']",578," I would choose this movie because it combines elements of science fiction, adventure, and exploration, which align with my previous ratings and preferences. The concept of interstellar travel and the exploration of new worlds is intriguing to me, and the potential for mankind's survival adds an extra layer of urgency and excitement. Additionally, the stellar cast and the visually stunning cinematography make it a highly appealing choice for me."
211,tt1349482,68,"['2', '3', '4', '4.5', '2.5']","['tt0089538', 'tt2429074', 'tt1349482', 'tt1234721', 'tt1978532']",129," I choose this movie because I enjoy watching movies that involve sports and competition. The plot of a talented cheerleader facing off against a snobbish rival and working hard to qualify for her new school's cheerleading team intrigues me. Additionally, the theme of overcoming challenges and finding one's place in a new environment is something that I can relate to."
212,tt0816692,299,"['6', '7', '8', '4', '3', '9', '7', '8', '5', '10', '6', '7', '8', '7', '9', '8', '4', '10']","['tt2548208', 'tt2278388', 'tt4299972', 'tt1978532', 'tt1349482', 'tt2404425', 'tt2962876', 'tt1677561', 'tt2493486', 'tt0114709', 'tt1837709', 'tt2429074', 'tt1234721', 'tt2172934', 'tt4324274', 'tt4073952', 'tt0089538', 'tt0816692']",551," I have previously rated it with a 10, indicating my high level of interest and enjoyment. The concept of interstellar travel and the exploration of new planets for human survival is intriguing to me. Additionally, the film has received critical acclaim for its visuals, storytelling, and emotional depth. Overall, ""Interstellar"" offers a captivating and"
213,tt1855199,85,"['7', '8', '6', '7', '9', '6', '9', '5', '4', '5', '7']","['tt2172934', 'tt2347134', 'tt1829012', 'tt4442130', 'tt2167202', 'tt2134170', 'tt1855199', 'tt2679042', 'tt4651410', 'tt1308729', 'tt2140423']",275," I choose this movie because it has a high rating of 9 and the plot seems intriguing. The story follows two dedicated police officers who find themselves facing dangerous situations in the crime-ridden streets of South Central Los Angeles. The movie promises intense action, emotional depth, and a gripping storyline."
214,tt2883512,258,"['6', '5', '7', '9', '4', '8', '8', '7', '2', '6', '3']","['tt1666801', 'tt1715873', 'tt4651520', 'tt2883512', 'tt1397514', 'tt1588173', 'tt1478964', 'tt3553442', 'tt4877122', 'tt1650043', 'tt2828996']",446," I choose this movie because it received a high rating of 9 from me and it aligns with my previous preferences. I enjoyed movies that involve personal growth, rediscovering passion, and creating meaningful connections. ""Chef"" tells the story of a renowned chef who, after facing setbacks in his career, embarks on a journey to rediscover his love for cooking and find a deeper connection with his family. This theme resonates with me"
215,tt1397514,86,"['7', '3', '8', '9', '6', '2', '10', '5', '4', '7']","['tt1935929', 'tt4009460', 'tt1588173', 'tt1478964', 'tt3553442', 'tt2828996', 'tt1430607', 'tt2546038', 'tt4877122', 'tt1397514']",349," I choose this movie because I enjoy adventure films and the plot of finding a mysterious island based on the writings of Jules Verne sounds intriguing. Additionally, the presence of Dwayne ""The Rock"" Johnson adds to the excitement and entertainment value of the movie."
216,tt1430607,20,"['1', '3', '2', '1', '4', '3', '1', '2', '4', '5']","['tt4877122', 'tt1478964', 'tt3553442', 'tt4009460', 'tt2546038', 'tt1715873', 'tt1935929', 'tt2828996', 'tt1397514', 'tt1430607']",247,
217,tt2802144,337,"['6', '7', '8', '5', '4', '6', '7', '9', '8', '9']","['tt0803096', 'tt1232829', 'tt4116284', 'tt1428538', 'tt1502404', 'tt1496025', 'tt1618442', 'tt4853102', 'tt2267968', 'tt2802144']",189," I choose this movie because it combines action, humor, and a unique storyline. The film has received high ratings and positive reviews, which align with my preferences for entertaining and well-crafted movies. Additionally, the presence of talented actors like Colin Firth and Taron Egerton adds to the appeal of the film."
218,tt1677561,459,"['6', '3', '4', '8', '7', '9', '5', '2', '6', '9', '7']","['tt2493486', 'tt1349482', 'tt2429074', 'tt0816692', 'tt2962876', 'tt1677561', 'tt1234721', 'tt4073952', 'tt1978532', 'tt2404425', 'tt1837709']",281," I would choose this movie because it has the highest rating among the movies I have viewed, and it has a unique and intriguing plot about a soul getting a second chance in the body of a teenager. The concept of exploring the mysteries of life and the shades of grey in the world appeals to me, and I am curious to see how the story unfolds."
219,tt5555502,456,"['7', '8', '6', '9', '8', '7', '5', '8', '9', '6']","['tt5368354', 'tt1091191', 'tt2042568', 'tt4193394', 'tt3262342', 'tt5555502', 'tt1462769', 'tt2756032', 'tt0970179', 'tt5129510']",172," I choose this movie because I am interested in stories that explore cultural diversity and the challenges that come with it. The plot of a young doctor being the first black doctor in a rural village in France intrigues me, as it delves into themes of acceptance, trust-building, and overcoming obstacles. Additionally, the idea of a protagonist trying to make a positive impact in a new environment resonates with me."
220,tt2061702,486,"['7', '8', '6', '9', '7']","['tt1809398', 'tt3896198', 'tt3411444', 'tt2061702', 'tt1473832']",302," I choose this movie because it received a high rating of 9 from me and it seems to have an intriguing and unique plot. The idea of a friendship between a human and a spirit, with the condition that the spirit will disappear if touched by a human, piques my interest. I'm curious to see how the story unfolds and how the characters navigate their relationship while facing this challenge."
221,tt2246565,496,"['6', '7', '8', '9', '8', '7', '9', '8', '7', '9']","['tt2125666', 'tt1999192', 'tt4229236', 'tt5342766', 'tt1091863', 'tt1942884', 'tt2246565', 'tt2014338', 'tt2008513', 'tt3626804']",470," I rate it 9. 

I choose this movie because I am intrigued by the story of James 'The Amazing' Randi, the world-famous magician and escape artist. The documentary explores his investigations into psychics, faith healers, and con-artists, and I am fascinated by the way he publicly exposed their deception. Additionally, the revelation in Randi's personal life adds an unexpected twist to the narrative, making"
222,tt3896198,430,"['8', '4', '6', '9', '5', '10', '7', '9', '3', '8', '2', '4', '7', '10', '6', '9', '8', '7', '6', '9']","['tt1446714', 'tt3480796', 'tt1397514', 'tt2660888', 'tt1815862', 'tt1825683', 'tt4547056', 'tt1631867', 'tt3899796', 'tt1698647', 'tt2808986', 'tt4464394', 'tt4788944', 'tt3896198', 'tt2231461', 'tt3498820', 'tt3778644', 'tt5544384', 'tt1620680', 'tt1298554']",230," 2"" with the imdbID tt3896198. I choose this movie because it has a rating of 10, which indicates that it is highly regarded. Additionally, I am a fan of the Marvel Cinematic Universe and enjoyed the first ""Guardians of the Galaxy"" movie. The sequel promises to continue the entertaining and action-packed adventures of the misfit group of heroes."
223,tt1825683,198,"['7', '6', '8', '9', '4', '7', '9', '10', '2']","['tt3922818', 'tt1397514', 'tt1192628', 'tt1840309', 'tt1815862', 'tt1355638', 'tt5607028', 'tt1825683', 'tt2404233']",58," I choose this movie because it has a rating of 10, which indicates that it is highly regarded. Additionally, I am interested in the plot that involves the technologically advanced African nation of Wakanda and the challenges faced by T'Challa as he becomes the king and defends his country. The combination of action, adventure, and cultural elements makes ""Black Panther"" an intriguing choice for me."
224,tt1201607,253,"['6', '7', '8', '9', '7', '5', '9', '8', '7', '6', '4', '8', '10']","['tt1397514', 'tt2065968', 'tt3922818', 'tt1355638', 'tt1302011', 'tt1815862', 'tt5607028', 'tt1840309', 'tt1192628', 'tt0401729', 'tt2404233', 'tt1509767', 'tt1201607']",540," Additionally, I have enjoyed the previous movies in the series and I am excited to see the epic conclusion to the story. The movie promises intense action, emotional moments, and a satisfying resolution to the overarching plot of defeating Voldemort."
225,tt1935859,369,"['8', '7', '6', '9', '10', '7', '8', '9', '4', '6', '9']","['tt1839492', 'tt1865505', 'tt1462769', 'tt0770828', 'tt2338151', 'tt0800369', 'tt2061702', 'tt2027128', 'tt2735292', 'tt1496025', 'tt1935859']",25," I choose this movie because it combines mystery, fantasy, and adventure, which are all genres that I enjoy. The plot about discovering a magical place and the unique abilities of the characters intrigue me. Additionally, the idea of a young protagonist finding their own special power and using it to save their friends resonates with me. Overall, ""Miss Peregrine's Home for Peculiar"
226,tt2246565,498,"['6', '4', '7', '8', '9', '8', '9', '7', '9', '6']","['tt1942884', 'tt3626804', 'tt2014338', 'tt1223236', 'tt5342766', 'tt4229236', 'tt2246565', 'tt1605782', 'tt1091863', 'tt1999192']",547," I choose this movie because I have always been fascinated by magic and deception. ""An Honest Liar"" is a documentary about James 'The Amazing' Randi, a renowned magician and escape artist who dedicated his life to exposing frauds and deceivers. The film delves into Randi's investigations and exposes various psychics, faith healers, and con-artists. As someone who appreciates the art of illusion and"
227,tt1855199,85,"['7', '8', '6', '7', '6', '7', '9', '5', '6', '5', '8']","['tt2172934', 'tt2347134', 'tt1829012', 'tt4442130', 'tt2167202', 'tt2134170', 'tt1855199', 'tt2679042', 'tt4651410', 'tt1308729', 'tt2140423']",498," I choose this movie because it has the highest rating among the movies I have viewed, receiving a rating of 9. Additionally, the plot description of ""End of Watch"" intrigues me as it explores the complex dynamics of police work and personal relationships in a dangerous environment. I am drawn to stories that delve into the human experience and challenge the characters both professionally and personally."
228,tt2278388,320,"['8', '5', '6', '7', '9', '4', '3', '10', '7']","['tt1631867', 'tt4299972', 'tt1978532', 'tt1234721', 'tt0114709', 'tt0089538', 'tt1349482', 'tt2278388', 'tt2429074']",254," I select this movie because it has received a rating of 10, which indicates that it is highly regarded. Additionally, the plot description about the adventures of M. Gustave and Zero Moustafa at a famous European hotel during a changing continent sounds intriguing and unique. The combination of a legendary concierge, a priceless painting theft, and a battle for a family fortune promises an exciting and captivating story."
229,tt0816692,245,"['7', '6', '4', '3', '8', '9', '7', '5', '6', '7', '9']","['tt4073952', 'tt2404425', 'tt2429074', 'tt1349482', 'tt1978532', 'tt0816692', 'tt2493486', 'tt2962876', 'tt1837709', 'tt1234721', 'tt1677561']",263," I choose this movie because it received a high rating of 9 from me and it aligns with my previous preferences. I enjoy movies that involve science fiction, exploration, and the concept of space travel. The plot of ""Interstellar"" about humanity's struggle for survival and the exploration of new worlds intrigues me. Additionally, the positive reviews and critical acclaim for the movie further"
230,tt0816692,433,"['6', '2', '8', '7', '10', '4', '9', '5', '7', '9', '8', '6', '3', '9', '10', '7', '10']","['tt2962876', 'tt1349482', 'tt1234721', 'tt2493486', 'tt0114709', 'tt4299972', 'tt2278388', 'tt1978532', 'tt2429074', 'tt1677561', 'tt2404425', 'tt2172934', 'tt4073952', 'tt1837709', 'tt0816692', 'tt2548208', 'tt1631867']",456," Additionally, I am intrigued by the plot of humanity's struggle for survival and the exploration of interstellar travel. The concept of venturing into unknown territories and the potential for discovering a new habitable planet is captivating. The combination of science fiction and human drama in ""Interstellar"" makes it a compelling choice for me."
231,tt0803096,103,"['8', '7', '6', '5', '7', '9', '8', '6', '9', '7', '4']","['tt2347134', 'tt2267968', 'tt1428538', 'tt1397514', 'tt0803096', 'tt1618442', 'tt3247714', 'tt1496025', 'tt5607028', 'tt1232829', 'tt4464394']",556," I have enjoyed watching movies with epic battles, magical creatures, and immersive worlds in the past, such as ""The Lord of the Rings"" series. Given that ""Warcraft"" is set in a fantastical world with orcs, magic, and a battle between good and evil, it aligns with my preferences and seems like an exciting and visually stunning film to watch."
232,tt2278388,320,"['7', '6', '5', '8', '9', '2', '4', '10', '7']","['tt1631867', 'tt4299972', 'tt1978532', 'tt1234721', 'tt0114709', 'tt0089538', 'tt1349482', 'tt2278388', 'tt2429074']",240," I choose this movie because it has received a rating of 10, which indicates that it is highly regarded. Additionally, the plot description of the adventures of M. Gustave and Zero Moustafa at a famous European hotel during a changing continent sounds intriguing and unique. I am drawn to the combination of a legendary concierge, a theft and recovery of a priceless painting, and the backdrop of a transforming Europe. Overall"
233,tt1446714,6,"['8', '7', '6', '4', '3', '5', '9', '8', '9', '7', '6']","['tt3896198', 'tt2660888', 'tt3778644', 'tt1620680', 'tt3480796', 'tt2231461', 'tt1825683', 'tt1446714', 'tt1631867', 'tt3498820', 'tt5544384']",351, I choose this movie because I am intrigued by the concept of exploring the existence of superior extraterrestrial species and the mysteries surrounding human existence.
234,tt0970179,537,"['8', '7', '9', '6', '7', '8', '9', '5']","['tt1192628', 'tt6769208', 'tt0970179', 'tt2338151', 'tt1430626', 'tt1499658', 'tt1623288', 'tt1710417']",415," Additionally, I am intrigued by the plot of a young orphan boy living in the walls of a train station in 1930s Paris and his quest to unlock the secret of an automaton. The story seems to have a mix of adventure, mystery, and emotional depth, which I find appealing."
235,tt3181822,136,"['6', '3', '7', '8', '4', '9', '7', '5', '6', '9']","['tt1837709', 'tt2382009', 'tt1957938', 'tt2076220', 'tt3181822', 'tt1650062', 'tt1401152', 'tt1712170', 'tt2044801', 'tt1216491']",483," Despite its lower rating, I am intrigued by the suspenseful plot and the psychological aspect of the story. The idea of a seemingly harmless flirtation turning into a dangerous obsession adds an element of tension and unpredictability. I am curious to see how the characters navigate the escalating situation and how the story unfolds."
236,tt2347134,3,"['4', '2', '5', '3', '2', '3', '4', '3', '2', '3']","['tt2172934', 'tt2679042', 'tt2347134', 'tt1829012', 'tt4651410', 'tt4442130', 'tt1499658', 'tt2167202', 'tt2140423', 'tt2134170']",572," I choose this movie because it has a rating of 5, which is the highest rating I have given so far. Additionally, the plot description of a Japanese reinterpretation of a Western film set in the late 1800s intrigues me. I am interested in seeing how the story unfolds and how the characters navigate the challenges they face."
237,tt1620680,289,"['8', '4', '9', '7', '6', '5', '3', '9', '8', '10', '2', '9']","['tt3896198', 'tt1397514', 'tt1631867', 'tt2660888', 'tt1620680', 'tt2231461', 'tt4464394', 'tt1446714', 'tt3498820', 'tt1825683', 'tt1815862', 'tt3778644']",380," I choose this movie because I enjoy science fiction and adventure films, and the plot of ""A Wrinkle in Time"" intrigues me with its exploration of space travel and the quest to rescue a loved one. Additionally, the inclusion of magical beings adds an element of fantasy that I find appealing."
238,tt2883512,372,"['7', '6', '8', '9', '10', '5', '7', '4', '9', '3']","['tt1478964', 'tt1430607', 'tt1666801', 'tt3553442', 'tt1588173', 'tt2546038', 'tt1650043', 'tt4877122', 'tt2883512', 'tt1935929']",429," I choose this movie because it has a high rating of 9, indicating that it is highly regarded by viewers. Additionally, the plot of the movie about a chef rediscovering his passion for cooking and finding a deeper connection with his family resonates with me. The idea of embarking on a journey and pursuing one's passion is inspiring and I am interested in seeing how the story unfolds."
239,tt6769208,535,"['5', '6', '3', '7', '8', '9', '8', '10', '7', '9', '8']","['tt5804038', 'tt3626804', 'tt1972663', 'tt2014338', 'tt4393514', 'tt1942884', 'tt2246565', 'tt6769208', 'tt5342766', 'tt2008513', 'tt3327994']",538," I choose this movie because it combines my interest in nature and environmental issues with stunning visuals and groundbreaking storytelling. As someone who appreciates documentaries that shed light on mankind's impact on the planet, ""Blue Planet II"" offers a unique perspective on the state of our oceans and the urgent need for conservation. The series promises to be both educational and visually captivating, making it the perfect choice for me to watch and learn more about the"
240,tt3262342,389,"['5', '4', '3', '2', '1', '4', '2', '3', '5', '3', '1', '2', '5', '4', '5']","['tt3521164', 'tt2065968', 'tt2452042', 'tt1430626', 'tt5480340', 'tt1623288', 'tt1402488', 'tt5184298', 'tt1690953', 'tt1691917', 'tt4877122', 'tt1615918', 'tt3262342', 'tt2576852', 'tt1430607']",240," I rated it with a 5, which is the highest rating among the movies mentioned. I am particularly intrigued by the unique concept of the film, as it is the world's first fully painted feature film. The story revolves around the life and mysterious death of Vincent van Gogh, and I am interested in exploring the psyche and fate of this renowned artist. The artistic"
241,tt2962876,375,"['8', '6', '3', '7', '9', '5', '8', '4', '7', '9', '2']","['tt0816692', 'tt2493486', 'tt2429074', 'tt4073952', 'tt2962876', 'tt1234721', 'tt1677561', 'tt1978532', 'tt1837709', 'tt2404425', 'tt1349482']",327," Additionally, the plot of the movie, which revolves around a young man with Tourette Syndrome going on a life-changing road trip, seems intriguing and unique. I am interested in exploring the journey of the characters and how they overcome their individual challenges."
242,tt0970179,156,"['7', '6', '8', '5', '9', '8', '7', '9', '6', '7', '4', '9', '6', '5', '3', '8', '10', '7', '6', '9', '7', '4']","['tt2452042', 'tt2235542', 'tt1430607', 'tt2112281', 'tt5184298', 'tt1302011', 'tt2865120', 'tt3411444', 'tt3231054', 'tt3874544', 'tt4009460', 'tt1865505', 'tt1216475', 'tt4877122', 'tt4592572', 'tt1429433', 'tt2096673', 'tt1402488', 'tt3416828', 'tt0970179', 'tt2100546', 'tt1935929']",425," I choose this movie because it has a rating of 9, which is the highest among the movies I have rated so far. Additionally, the plot of ""Hugo"" intrigues me as it combines elements of mystery, adventure, and history. The story of a young orphan boy unraveling the secrets of an automaton and discovering his connection to a shopkeeper and his past sounds captivating and emotionally engaging. I am drawn to"
243,tt3498820,448,"['8', '7', '5', '4', '9', '6', '7', '10', '5', '9', '8']","['tt3922818', 'tt1631867', 'tt1815862', 'tt2808986', 'tt1446714', 'tt3896198', 'tt1698647', 'tt1825683', 'tt4788944', 'tt3778644', 'tt3498820']",455," Additionally, I am intrigued by the plot that revolves around the division within The Avengers and the conflict between Iron Man and Captain America. The idea of heroes taking different sides and engaging in an all-out war is both exciting and thought-provoking. I am also interested in seeing the introduction of"
244,tt0114709,270,"['7', '8', '4', '9', '6', '8']","['tt1349482', 'tt1631867', 'tt0089538', 'tt0114709', 'tt1978532', 'tt4299972']",605," I choose this movie because it received a high rating of 9, indicating that it is likely to be a highly enjoyable and entertaining film. Additionally, ""Toy Story"" has a nostalgic appeal as it is a beloved animated classic that has captured the hearts of audiences of all ages. The plot of toys coming to life when humans are not around is intriguing and offers a unique perspective. The combination of humor, adventure, and heartfelt storytelling"
245,tt1837709,76,"['8', '4', '7', '6', '9', '8', '7', '5', '9', '8']","['tt0089538', 'tt1349482', 'tt2429074', 'tt4073952', 'tt1837709', 'tt2493486', 'tt2548208', 'tt1978532', 'tt2172934', 'tt1234721']",5," I choose this movie because it has received a rating of 9, which is the highest rating among the movies I have viewed. Additionally, the plot description of ""Winter's Tale"" intrigues me with its blend of romance and fantasy elements. The story of a love that transcends time and the challenges faced by the characters captivate my interest. Therefore, I am excited to watch ""Winter's Tale"""
246,tt1631867,329,"['7', '4', '8', '6', '9', '3', '5', '2', '9']","['tt2278388', 'tt2429074', 'tt0114709', 'tt1234721', 'tt1631867', 'tt1349482', 'tt1978532', 'tt0089538', 'tt4299972']",445," Additionally, the plot of the movie intrigues me as it combines elements of science fiction, action, and time loops. The idea of a character reliving the same battle repeatedly and gaining skills with each encounter sounds thrilling. I am excited to watch ""Edge of Tomorrow"" and see how the protagonist, Major William Cage"
247,tt1631867,155,"['9', '1', '7', '8', '10', '6', '8', '7', '5', '9', '3', '10']","['tt3778644', 'tt4831420', 'tt4788944', 'tt5487524', 'tt1631867', 'tt2231461', 'tt3327624', 'tt1620680', 'tt3480796', 'tt3498820', 'tt1267299', 'tt3896198']",257," I choose this movie because it combines elements of science fiction, action, and time travel, which are genres that I enjoy. The plot of a soldier reliving the same battle repeatedly and gaining skills with each iteration is intriguing and keeps the story engaging. Additionally, the presence of talented actors like Tom Cruise and Emily Blunt adds to the appeal of the movie."
248,tt1631867,542,"['9', '7', '8', '8.5', '9.5']","['tt0816692', 'tt4299972', 'tt0114709', 'tt2278388', 'tt1631867']",253," I choose this movie because I am intrigued by the concept of a time loop and the protagonist's journey of learning from each battle to become more skilled. The idea of living the same day repeatedly, fighting and dying, sounds intense and thrilling. Additionally, the collaboration between Major William Cage and Special Forces warrior Rita Vrataski adds an extra layer of excitement to the story. I am excited to watch ""Edge of Tomorrow"""
249,tt1978532,284,"['7', '6', '4', '8', '3', '5', '9', '10', '7']","['tt4073952', 'tt1234721', 'tt1837709', 'tt1677561', 'tt1349482', 'tt1978532', 'tt2962876', 'tt2404425', 'tt2429074']",189," I choose this movie because it has a high rating of 9, indicating that it is likely to be a well-made and enjoyable film. Additionally, the plot description of a young man with Tourette Syndrome going on a road trip with an anorexic woman and an OCD roommate sounds unique and intriguing. I am interested in seeing how these characters navigate their challenges and develop relationships throughout their journey."
250,tt1837709,127,"['6', '4', '7', '3', '5', '8', '9', '10']","['tt1234721', 'tt2548208', 'tt2172934', 'tt0089538', 'tt1349482', 'tt1978532', 'tt2429074', 'tt1837709']",492," I choose this movie because it has the highest rating of 10 and the plot description intrigues me. The combination of a love story, mystery, and the element of the supernatural makes it an appealing choice. Additionally, the unique setting of New York City adds to the allure of the film."
251,tt1631867,24,"['9', '4', '8', '3', '6']","['tt4299972', 'tt1349482', 'tt1631867', 'tt0089538', 'tt1978532']",273," I choose this movie because I enjoy science fiction and action films, and the plot of a time loop and a battle against aliens sounds intriguing. The concept of the protagonist gaining skills with each repeated encounter adds an interesting twist to the story. Additionally, the presence of Tom Cruise and Emily Blunt as the lead actors adds to my interest in watching this film."
252,tt1631867,24,"['3', '2', '4', '1', '3']","['tt4299972', 'tt1349482', 'tt1631867', 'tt0089538', 'tt1978532']",267," 

I choose this movie because it has a unique and intriguing plot. The idea of a time loop and the protagonist's ability to improve his skills with each repetition is captivating. Additionally, the concept of humanity fighting against an unbeatable alien race adds an element of suspense and excitement. Overall, I am interested in watching ""Edge of Tomorrow"" because it promises a thrilling and action-packed experience."
253,tt3262342,387,"['8', '4', '6', '7', '9', '5', '8', '9', '7', '8', '6', '9', '10', '3', '7', '2', '6', '10']","['tt2380307', 'tt3416828', 'tt2865120', 'tt2452042', 'tt2293640', 'tt1402488', 'tt2576852', 'tt1690953', 'tt2065968', 'tt1430607', 'tt1430626', 'tt1623288', 'tt3521164', 'tt5480340', 'tt5184298', 'tt4877122', 'tt1691917', 'tt3262342']",362," This movie stands out with a rating of 10, indicating that the user highly appreciates it. ""Loving Vincent"" is a unique film that explores the life and art of Vincent van Gogh through a visually stunning animation style. The user's previous ratings suggest a strong interest in artistic and visually captivating movies, and ""Loving Vincent"" aligns well with these"
254,tt2452042,387,"['7', '4', '6', '8', '5', '6', '9', '7', '8', '9', '7', '9', '10', '5', '6', '3', '6', '9']","['tt2380307', 'tt3416828', 'tt2865120', 'tt2452042', 'tt2293640', 'tt1402488', 'tt2576852', 'tt1690953', 'tt2065968', 'tt1430607', 'tt1430626', 'tt1623288', 'tt3521164', 'tt5480340', 'tt5184298', 'tt4877122', 'tt1691917', 'tt3262342']",376," I choose this movie because it received a high rating of 9 from me, indicating that I found it to be a highly enjoyable and captivating film. The plot description of a princess found in a bamboo and the exploration of themes such as heroism, friendship, and self-discovery intrigue me. Additionally, the story is based on Japanese folklore, which adds an extra layer of cultural richness to the film"
255,tt2278388,395,"['6', '3', '2', '8', '4', '7', '9', '5', '7', '9', '10\n\nI would like to watch ""The Grand Budapest Hotel"" with a rating of 10. The reason I selected this movie is because it offers a unique and captivating story set in a visually stunning and whimsical world. The film boasts an exceptional cast, led by Ralph Fiennes, who delivers a brilliant performance as the charismatic and eccentric M. Gustave. The combination of humor, adventure, and mystery in ""The Grand Budapest Hotel"" promises an entertaining and immersive cinematic experience that I am eager', '6\n\nI have selected ""Last Knights"" with a rating of 6. While it may not be the highest-rated movie I have viewed, I am intrigued by the premise of a fallen warrior seeking vengeance against a corrupt ruler. The themes of loyalty, honor, and justice resonate with me, and I am interested in seeing how the story unfolds and how the protagonist overcomes the challenges in his path.', '3\n\nI have given ""Bring It On: Fight to the Finish"" a rating of 3. While I appreciate the themes of determination and teamwork in the plot, I personally do not find cheerleading movies to be my preferred genre. However, this rating is subjective and may differ for others who enjoy cheerleading or high school-themed movies.', '9\n\nI have given ""Woman in Gold"" a rating of 9. The plot of the movie, based on a true story, explores the themes of justice and the recovery of stolen art. The historical context and the pursuit of reclaiming a painting plundered by the Nazis during World War II make for a compelling and emotionally charged narrative. Additionally, the presence of Dame Helen Mirren in the lead role adds depth and authenticity to the story. I am particularly interested in watching this film to learn', '7\n\nI have given ""G.B.F."" a rating of 7. The plot of the movie revolves around high school cliques and the social dynamics that come with them. While I may not personally relate to the specific themes of popularity and fashion, I am intrigued by the exploration of identity and the challenges faced by the main character, Tanner, after being outed as gay. The movie seems to touch upon important topics such as friendship, acceptance, and staying true to oneself. I am curious', '8\n\nI have given ""Winter\'s Tale"" a rating of 8. The plot of the movie combines elements of fantasy, romance, and tragedy, which intrigues me. The setting of New York City, portrayed as an extraordinary hive of imagination, adds a unique and captivating atmosphere to the story. The love story between Peter and Beverly, despite the challenges they face, seems to be a central theme that explores the power of love and the human spirit. I am interested in watching this film to', '9\n\nI have given ""The Road Within"" a rating of 9. The plot of the movie explores the lives of individuals dealing with various mental health conditions, such as Tourette Syndrome, anorexia, and OCD. This unique perspective and focus on mental health issues intrigues me. The road trip aspect of the story, with Vincent, Marie, and Alex embarking on a journey to deliver Vincent\'s mother\'s ashes, promises a transformative and emotional experience. I am interested in watching this', '10\n\nI have given ""Interstellar"" a rating of 10. The plot of the movie, centered around interstellar travel and the exploration of new planets, is incredibly captivating. The concept of humanity\'s survival being dependent on finding a new habitable world adds a sense of urgency and importance to the story. Additionally, the film is directed by Christopher Nolan, known for his visually stunning and thought-provoking movies. The combination of science fiction, drama, and exploration in ""Interstellar""']","['tt2172934', 'tt0089538', 'tt4073952', 'tt1631867', 'tt1978532', 'tt2548208', 'tt0114709', 'tt1234721', 'tt4299972', 'tt1677561', 'tt2278388', 'tt2493486', 'tt1349482', 'tt2404425', 'tt2429074', 'tt1837709', 'tt2962876', 'tt0816692']",62," I choose this movie because it received the highest rating of 10 from me. Additionally, I am drawn to its unique and visually stunning world, the exceptional cast, and the promise of an entertaining and immersive cinematic experience. The combination of humor, adventure, and mystery in ""The Grand Budapest Hotel"" appeals to my preferences, making it my top choice."
256,tt3262342,168,"['8', '6', '7', '9', '3', '2', '9', '7', '5', '8']","['tt1855199', 'tt1937133', 'tt2379713', 'tt3262342', 'tt2808986', 'tt2735292', 'tt1345836', 'tt1770734', 'tt2295196', 'tt3402236']",554," ""Loving Vincent"" is a unique film that explores the life and art of Vincent van Gogh through a visually stunning animation style that replicates his iconic paintings. As a fan of van Gogh's work and intrigued by his mysterious life, I am drawn to this film for its"
257,tt3553442,61,"['6', '7', '9', '8', '7', '3', '9', '6', '4', '8', '5', '9', '7', '9', '2', '8']","['tt1397514', 'tt1666801', 'tt2065968', 'tt1430607', 'tt2756032', 'tt4009460', 'tt2883512', 'tt1650043', 'tt1935929', 'tt1478964', 'tt2828996', 'tt3553442', 'tt2546038', 'tt1588173', 'tt4877122', 'tt1924273']",103," I choose this movie because it has a high rating of 9, indicating that it is highly regarded by viewers. Additionally, the plot description of a news copywriter navigating the challenges of working as an on-camera reporter in war-torn Afghanistan intrigues me. I am interested in stories that explore personal growth, resilience, and the complexities of life in challenging environments."
258,tt1837709,279,"['6', '7', '8', '4', '6', '5', '9', '7']","['tt2962876', 'tt1677561', 'tt2404425', 'tt1837709', 'tt2429074', 'tt1349482', 'tt4073952', 'tt1978532']",35," I choose this movie because it has a unique and intriguing plot set in New York City during winter. The concept of love blossoming between an Irish burglar and a young girl who is dying adds an emotional depth to the story. I am interested in exploring the themes of love, fate, and the power of human connection portrayed in this film."
259,tt1924273,358,"['6', '4', '9', '7', '8', '5', '2', '9', '7', '6', '8', '10', '3', '9', '7', '4', '9', '8']","['tt2546038', 'tt4877122', 'tt2883512', 'tt2065968', 'tt1666801', 'tt1397514', 'tt4009460', 'tt1462769', 'tt2756032', 'tt5368354', 'tt1924273', 'tt1588173', 'tt1935929', 'tt1430607', 'tt1650043', 'tt4126340', 'tt3553442', 'tt1478964']",381," I would choose this movie because it has received a high rating of 9, indicating that it is likely to be a well-made and enjoyable film. Additionally, the plot description of a couple discovering a child with unique traits and learning important life lessons through parenthood sounds intriguing and heartwarming."
260,tt2380307,417,"['6', '7', '8', '9', '5', '10', '2', '8', '9', '4']","['tt1430626', 'tt1623288', 'tt3521164', 'tt1302011', 'tt1691917', 'tt2380307', 'tt4877122', 'tt2293640', 'tt1690953', 'tt0377981']",236," Additionally, the plot of ""Coco"" is intriguing as it revolves around music, family history, and the Land of the Dead. As someone who appreciates music and enjoys movies with emotional depth, ""Coco"" seems like a perfect choice."
261,tt0816692,94,"['8', '7', '9', '6', '7', '6', '5', '8', '7', '10', '6', '4', '9', '3', '10', '8', '7']","['tt2278388', 'tt2404425', 'tt1677561', 'tt2493486', 'tt4324274', 'tt1234721', 'tt1978532', 'tt2962876', 'tt2548208', 'tt0816692', 'tt4073952', 'tt1349482', 'tt1837709', 'tt0089538', 'tt0114709', 'tt2172934', 'tt2429074']",305," I choose this movie because it has a rating of 10, which indicates that it is highly acclaimed. Additionally, the plot of the movie, involving interstellar travel and the search for a new habitable planet, intrigues me and appeals to my interest in science fiction and exploration. The concept of humanity's survival and the unknown possibilities of the universe make ""Interstellar"" a captivating choice for me."
262,tt6769208,516,"['7', '6', '8', '9', '4', '7', '8', '6', '9', '7', '8']","['tt2304915', 'tt1091863', 'tt1605782', 'tt3270538', 'tt1972663', 'tt1714917', 'tt3327994', 'tt1417592', 'tt6769208', 'tt2125666', 'tt4393514']",324," I choose this movie because I have a strong interest in nature and the environment. The documentary series explores the beauty and fragility of our oceans, shedding light on the impact of human activities on marine life. The groundbreaking footage and captivating narratives make it a compelling and informative watch. I am particularly drawn to the segments showcasing the unique behaviors and interactions of marine creatures. Overall, ""Blue Planet II"" aligns with my previous"
263,tt0816692,379,"['8', '6', '9', '4', '7', '9', '10', '5', '6', '7', '8', '5', '6', '9', '7', '3', '8']","['tt0114709', 'tt2404425', 'tt2278388', 'tt1349482', 'tt1234721', 'tt1631867', 'tt0816692', 'tt4299972', 'tt2493486', 'tt2172934', 'tt1837709', 'tt2548208', 'tt1978532', 'tt1677561', 'tt4324274', 'tt0089538', 'tt2429074']",102," I choose this movie because it has the highest rating among the movies I have viewed, and it aligns with my preference for science fiction and thrilling plots. Additionally, the concept of interstellar travel and the exploration of new worlds intrigue me. I am excited to watch ""Interstellar"" because it promises to offer a captivating story, stunning visuals, and thought-provoking themes about humanity's future and the mysteries of the universe"
264,tt1462769,364,"['7', '2', '6', '8', '3', '4', '9', '10', '5', '2', '9', '1', '10', '7', '6', '8', '9', '10', '8']","['tt1430607', 'tt4877122', 'tt3553442', 'tt1588173', 'tt1935929', 'tt5368354', 'tt1243974', 'tt1462769', 'tt1798603', 'tt2828996', 'tt2546038', 'tt4009460', 'tt2065968', 'tt1397514', 'tt1666801', 'tt1924273', 'tt2756032', 'tt2883512', 'tt1478964']",58," I choose this movie because it received a rating of 10, which indicates that it was highly enjoyable and well-received. Additionally, the plot description of the movie intrigues me as it explores the concept of parenthood and the unexpected ways in which a child can change one's life. I am interested in seeing how the characters navigate the challenges and joys of raising Timothy and how they learn valuable lessons along"
265,tt1978532,23,"['3', '2', '4', '3', '5']","['tt1349482', 'tt0089538', 'tt1631867', 'tt1978532', 'tt4299972']",597,
266,tt1837709,285,"['7', '6', '8', '6', '5', '9', '7', '8', '6']","['tt1677561', 'tt1978532', 'tt1837709', 'tt2429074', 'tt1349482', 'tt2404425', 'tt1234721', 'tt2962876', 'tt4073952']",199," I choose this movie because it received a rating of 8, which is the highest among the movies I have rated so far. Additionally, the plot description of a love story set in a magical and imaginative version of New York City intrigues me. I am interested in exploring the themes of love, destiny, and the mysteries of life that the movie promises to explore."
267,tt1192628,132,"['7', '6', '4', '5', '8', '3', '9', '7', '8', '6', '5']","['tt5607028', 'tt1509767', 'tt2379386', 'tt1397514', 'tt2381991', 'tt2404233', 'tt1192628', 'tt0401729', 'tt3922818', 'tt1355638', 'tt1815862']",67," I choose this movie because it has the highest rating among the movies I have viewed, and it received a rating of 9. Additionally, ""Rango"" is an animated film that offers a unique and entertaining storyline about a chameleon who becomes a hero in a western town. I am intrigued by the concept and the positive reviews, which make me believe that it will be an enjoyable and engaging movie to watch."
268,tt2278388,234,"['7', '8', '9', '3', '10', '6', '5', '8', '7']","['tt2429074', 'tt1631867', 'tt2278388', 'tt0089538', 'tt0114709', 'tt1978532', 'tt1349482', 'tt4299972', 'tt1234721']",558," I would choose this movie because it has a high rating of 9, which indicates that it is highly regarded by viewers. Additionally, the plot description of the movie intrigues me as it promises adventure, humor, and a unique story set against the backdrop of a changing continent. The combination of a legendary concierge, a priceless painting, and a battle for a family fortune sounds like an engaging and entertaining watch."
269,tt5362988,478,"['6', '7', '4', '8', '3', '9', '7', '10', '5', '9', '2']","['tt3062096', 'tt4912910', 'tt3247714', 'tt1600196', 'tt1829012', 'tt5362988', 'tt2025690', 'tt2911666', 'tt2059171', 'tt0790724', 'tt5254868']",177," I would choose this movie because it received a high rating of 9 from me and it has a compelling plot that revolves around solving a murder mystery. The setting of the Wind River Indian Reservation adds an intriguing and unique element to the story. Additionally, the collaboration between the experienced tracker, Cory Lambert, and the inexperienced FBI agent, Jane Banner, promises an interesting dynamic and potential character development. Overall, ""Wind"
270,tt2267968,196,"['8', '6', '7', '4', '9', '3', '5', '6', '7', '9']","['tt0825283', 'tt2027128', 'tt1618442', 'tt0803096', 'tt1232829', 'tt2808986', 'tt1428538', 'tt2458106', 'tt1937133', 'tt2267968']",287," I choose this movie because it combines elements of action, comedy, and heartwarming storytelling. As a fan of animated movies and martial arts, the idea of Po training a village full of pandas to become skilled warriors is both entertaining and inspiring. Additionally, the presence of new panda characters adds a fresh and comedic dynamic to the story. Overall, ""Kung Fu Panda 3"" seems like a fun"
271,tt0816692,459,"['6', '4', '3', '8', '7', '9', '5', '2', '4', '9', '6']","['tt2493486', 'tt1349482', 'tt2429074', 'tt0816692', 'tt2962876', 'tt1677561', 'tt1234721', 'tt4073952', 'tt1978532', 'tt2404425', 'tt1837709']",445," Additionally, the plot of ""Interstellar"" intrigues me as it explores the concept of interstellar travel and the search for a new habitable planet. I am particularly interested in the idea of humanity's survival and the unknown possibilities that lie beyond our solar system."
272,tt1714915,186,"['7', '3', '6', '8', '9', '4', '10', '10\n\nI would like to watch ""Only Lovers Left Alive"" because it offers a unique and intriguing take on the vampire genre. The film explores themes of love, art, and the decay of society, which resonate with my own interests. Additionally, the setting of Detroit and Tangiers adds a distinct atmosphere to the story. I am drawn to the film\'s combination of romance, melancholy, and philosophical musings, making it a compelling choice for me.', '5', '7']","['tt0905372', 'tt3201722', 'tt3067274', 'tt0816711', 'tt3705412', 'tt4126568', 'tt1441395', 'tt1714915', 'tt3487994', 'tt4094724']",287," The film explores themes of love, art, and the decay of society, which resonate with my own interests. Additionally, the setting of Detroit and Tangiers adds a distinct atmosphere to the story. I am drawn to the film's combination of romance, melancholy, and philosophical musings, making it a compelling choice for me."
273,tt1441395,190,"['6', '3', '8', '7', '9', '5', '4', '6', '8', '2']","['tt3099498', 'tt3201722', 'tt1714915', 'tt3705412', 'tt1441395', 'tt4094724', 'tt3732950', 'tt2140423', 'tt1596365', 'tt4464394']",9," I choose this movie because it has the highest rating among the movies I have viewed so far. Additionally, the plot of an alien entity discovering itself as human intrigues me and promises a unique and thought-provoking experience."
274,tt1825683,198,"['8', '7', '9', '6', '5', '7', '8', '10', '4']","['tt3922818', 'tt1397514', 'tt1192628', 'tt1840309', 'tt1815862', 'tt1355638', 'tt5607028', 'tt1825683', 'tt2404233']",401," I choose this movie because it received a rating of 10, which is the highest rating among the movies I have viewed. Additionally, ""Black Panther"" offers a unique and captivating storyline set in the technologically advanced African nation of Wakanda. The film explores themes of identity, leadership, and the struggle for justice. The strong character development, stunning visuals, and powerful performances make it a must-watch."
275,tt3262342,451,"['8', '7', '6', '9', '8', '5', '4', '9', '10', '7']","['tt5555502', 'tt2053425', 'tt2042568', 'tt1091191', 'tt2347134', 'tt3210686', 'tt5129510', 'tt1430607', 'tt3262342', 'tt4193394']",480," I choose this movie because it has the highest rating among the movies I have viewed so far, with a rating of 10. Additionally, the plot of ""Loving Vincent"" intrigues me as it explores the life and art of Vincent van Gogh through a unique animation style. I am particularly interested in learning more about the mysterious circumstances surrounding van Gogh's life and the people who inspired his artwork."
276,tt2278388,202,"['6', '4', '7', '8', '5', '9', '10\n\nI would like to watch ""Toy Story"" because it is a classic animated film that I have heard great things about. It has received a perfect rating from me because of its heartwarming story, memorable characters, and groundbreaking animation. I am excited to see the adventures of Woody and Buzz as they navigate the challenges of being toys and try to find their way back to Andy.', '10\n\nI would like to watch ""Woman in Gold"" because I am interested in historical dramas and stories of justice. The plot of the film, centered around Maria Altmann\'s quest to reclaim a painting stolen by the Nazis, sounds captivating and thought-provoking. Additionally, the presence of Dame Helen Mirren in the lead role adds to my anticipation of watching this film.', '7', '6', '3', '8', '2', '9', '10\n\nI would like to watch ""The Grand Budapest Hotel"" because it is directed by Wes Anderson, known for his unique and visually stunning films. The plot, set in a famous European hotel between the wars, promises adventure, mystery, and a touch of humor. The stellar cast, including Ralph Fiennes and Tony Revolori, adds to my excitement for this film. I am particularly intrigued by the theft and recovery of a priceless painting and the battle for a family fortune, all set against', '10\n\nI would like to watch ""Interstellar"" because I am a fan of science fiction films and the concept of interstellar travel intrigues me. The plot, centered around Earth\'s future and the search for a new habitable planet, sounds captivating and thought-provoking. Additionally, the film is directed by Christopher Nolan, known for his visually stunning and mind-bending movies. I am excited to see the exploration of space and the potential challenges faced by the astronauts in their quest for humanity', '7', '6']","['tt4073952', 'tt1837709', 'tt1677561', 'tt2962876', 'tt2429074', 'tt4299972', 'tt0114709', 'tt2404425', 'tt4324274', 'tt2172934', 'tt1349482', 'tt2493486', 'tt0089538', 'tt1234721', 'tt2278388', 'tt0816692', 'tt2548208', 'tt1978532']",68," I choose this movie because it has a rating of 10, indicating that it is highly regarded. Additionally, I am drawn to the unique visual style and storytelling of Wes Anderson films. The plot, involving the theft of a priceless painting and the pursuit of a family fortune, sounds intriguing and promises adventure and humor. Overall, ""The Grand Budapest Hotel"" seems like a captivating and enjoyable film to watch."
277,tt0816692,522,"['8', '6', '7', '9', '8', '7', '10', '9', '10', '5', '7', '8', '9', '6', '4', '10', '9', '7']","['tt1837709', 'tt2548208', 'tt1234721', 'tt2493486', 'tt2404425', 'tt2962876', 'tt2278388', 'tt1677561', 'tt0816692', 'tt1978532', 'tt2429074', 'tt4324274', 'tt4299972', 'tt4073952', 'tt1349482', 'tt1631867', 'tt0114709', 'tt2172934']",419," Additionally, the plot of ""Interstellar"" intrigues me as it involves a captivating storyline about Earth's future, interstellar travel, and the search for a new habitable planet. The combination of science fiction, adventure, and the exploration of human survival makes it a compelling choice for me."
278,tt5804038,539,"['7', '6', '8', '5', '9', '7', '8', '9', '10', '9']","['tt1999192', 'tt4229236', 'tt3626804', 'tt1972663', 'tt3327994', 'tt4393514', 'tt5342766', 'tt1091863', 'tt5804038', 'tt6769208']",443," The reason I choose this movie is because it explores the lives and assassinations of three influential figures in the civil rights movement - Medgar Evers, Malcolm X, and Martin Luther King Jr. As someone who values documentaries that shed light on important historical events and individuals, this film resonates with me. It delves into the unfinished manuscript of James Baldwin and offers a unique perspective on the struggles and experiences"
279,tt1631867,23,"['6', '4', '8', '7', '9']","['tt1349482', 'tt0089538', 'tt1631867', 'tt1978532', 'tt4299972']",346, I choose this movie because I am intrigued by the concept of a time loop and the idea of the protagonist improving their skills with each repeated encounter. It sounds like an intense and thrilling sci-fi film that will keep me engaged from start to finish.
280,tt1935929,98,"['2', '4', '1', '3', '2', '5', '2', '4', '3', '1']","['tt1935929', 'tt1430607', 'tt4877122', 'tt1798603', 'tt2828996', 'tt2546038', 'tt4126340', 'tt1397514', 'tt1243974', 'tt4009460']",531, I choose this movie because it seems like a light-hearted comedy that could provide some entertainment and laughter.
281,tt1978532,115,"['7', '6', '8', '9', '5', '9', '6', '7', '9', '8', '4', '3', '7', '9']","['tt2404425', 'tt4324274', 'tt1234721', 'tt2172934', 'tt4073952', 'tt2962876', 'tt1978532', 'tt2429074', 'tt1677561', 'tt2493486', 'tt1349482', 'tt0089538', 'tt2548208', 'tt1837709']",300, I choose this movie because it offers a comedic and light-hearted storyline about three friends trying to find a wife for their socially inappropriate friend. The plot seems entertaining and the concept of the movie appeals to my preference for comedy.
282,tt2802144,256,"['7', '3', '6', '4', '5', '8', '9', '7', '8', '6', '9', '8', '7', '9', '8', '10', '9', '7', '8']","['tt1502404', 'tt2808986', 'tt0803096', 'tt4464394', 'tt1937133', 'tt5607028', 'tt1496025', 'tt2267968', 'tt3247714', 'tt1397514', 'tt4853102', 'tt2027128', 'tt0825283', 'tt2347134', 'tt4116284', 'tt2802144', 'tt1232829', 'tt1428538', 'tt1618442']",564," Additionally, I am drawn to this movie because of its intriguing plot, the presence of talented actors such as Colin Firth, and the unique blend of action and humor. The concept of a secret organization training individuals to become spies is always captivating, and the positive reviews and critical acclaim further solidify my"
283,tt1865505,475,"['4', '3', '2', '5', '4', '3', '3', '2', '5', '3']","['tt1302011', 'tt1430607', 'tt1620680', 'tt1865505', 'tt0970179', 'tt2112281', 'tt1216475', 'tt3874544', 'tt2096673', 'tt2100546']",78," I am particularly drawn to this movie because of its unique plot about selkies and the journey to free fairy creatures trapped in the modern world. The concept of mythical creatures and the theme of freedom resonate with me, and I am excited to watch this enchanting and magical film."
284,tt1677561,283,"['8', '6', '7', '9', '5', '8', '7', '9', '6', '9']","['tt2429074', 'tt2962876', 'tt2493486', 'tt1837709', 'tt1349482', 'tt4073952', 'tt1978532', 'tt1677561', 'tt1234721', 'tt2404425']",533," I choose this movie because it has a unique and intriguing plot that explores themes of redemption, self-discovery, and the complexities of life. The idea of a soul getting a second chance and having to uncover the mysteries of its past life and the reasons behind someone's suicide is captivating. Additionally, the concept of the real world being filled with shades of grey and vibrant colors adds an extra layer of depth to the story. Overall"
285,tt0905372,194,"['7', '3', '8', '6', '4', '5', '7', '2', '9', '6', '8', '1', '9', '5', '7', '9']","['tt1441395', 'tt2828996', 'tt1714915', 'tt2140423', 'tt4796122', 'tt4126568', 'tt3732950', 'tt3899796', 'tt4094724', 'tt3487994', 'tt1596365', 'tt3201722', 'tt3705412', 'tt4464394', 'tt3099498', 'tt0905372']",590," I choose this movie because I have a preference for sci-fi and horror films, and ""The Thing"" combines both genres. The plot of discovering an alien spacecraft and the suspense of the creature infecting the team members sounds intriguing and thrilling. Additionally, the idea of the creature being able to mimic and take the form of its victims adds an extra layer of suspense and mystery. Overall, ""The Thing"" seems like a"
286,tt0816711,58,"['1', '3', '4', '2', '5', '3', '1', '4', '2', '5', '4']","['tt2828996', 'tt4464394', 'tt3732950', 'tt4094724', 'tt0816711', 'tt2140423', 'tt3899796', 'tt1727776', 'tt4796122', 'tt4126568', 'tt4348012']",423," 

I choose World War Z because I enjoy movies that involve intense action and suspense. The plot of a worldwide zombie apocalypse and the protagonist's mission to find answers and save humanity intrigues me. Additionally, the high rating of 5 indicates that it is a well-received movie, which further piques my interest."
287,tt1430607,87,"['7', '2', '8', '9', '6', '5', '3', '4', '10', '8', '1']","['tt1588173', 'tt1935929', 'tt2546038', 'tt2883512', 'tt1478964', 'tt1666801', 'tt4877122', 'tt1397514', 'tt1430607', 'tt3553442', 'tt2828996']",359," I chose this movie because it has received a rating of 10, which indicates that it is highly regarded. Additionally, the plot of the movie, which revolves around the question of how Santa delivers presents in one night and follows the story of a dysfunctional family and an unlikely hero, sounds intriguing and heartwarming."
288,tt1677561,346,"['7', '6', '8', '9', '10']","['tt4073952', 'tt1978532', 'tt2962876', 'tt2404425', 'tt1677561']",301," Additionally, the plot description of the movie intrigues me as it explores themes of redemption, self-discovery, and the mysteries of life. I am drawn to the concept of a soul getting a second chance and the exploration of the complexities of human existence."
289,tt1840309,101,"['7', '6', '8', '4', '9', '5', '10', '9', '8', '7', '6', '7', '9', '3', '6']","['tt0401729', 'tt2017561', 'tt1397514', 'tt1815862', 'tt1355638', 'tt3416828', 'tt1509767', 'tt1840309', 'tt3922818', 'tt1192628', 'tt5480340', 'tt2381991', 'tt5607028', 'tt2379386', 'tt2404233']",268," I choose this movie because it has a unique and intriguing plot set in Algiers in the 1920s. The idea of a talking cat and the quest to find a hidden tribe and mythical city in Africa sounds fascinating. Additionally, the inclusion of diverse characters from different backgrounds adds to the appeal of the story."
290,tt2338151,500,"['7.0', '6.0', '8.0', '4.0', '9.0', '3.0', '7.0']","['tt1682180', 'tt1216491', 'tt2076220', 'tt3973198', 'tt2338151', 'tt2382009', 'tt3067274']",598," I choose this movie because it has received a high rating of 9.0 and the plot description intrigues me. The idea of a stranger asking innocent and thought-provoking questions that challenge people's beliefs and perspectives sounds fascinating. Additionally, the film promises to explore complex philosophies while also delivering a simple and humane tale of love and laughter. I am curious to see how PK's journey unfolds and how it impacts the lives of those around"
291,tt1978532,70,"['2', '1', '3', '4', '3']","['tt0089538', 'tt1349482', 'tt1978532', 'tt1234721', 'tt2429074']",258, I choose this movie because it seems to have an interesting plot about three friends trying to find a wife for their socially inappropriate friend. The idea of their problems doubling when he meets a woman just like him intrigues me and I am curious to see how the story unfolds.
292,tt2065968,200,"['6', '7', '6', '8', '4', '5', '9', '7', '8', '7', '6', '9']","['tt5480340', 'tt1840309', 'tt3416828', 'tt3922818', 'tt2404233', 'tt3480796', 'tt2065968', 'tt1429433', 'tt0401729', 'tt1355638', 'tt1698647', 'tt2017561']",265," I choose this movie because I have always been a fan of the How to Train Your Dragon franchise, and this film is a continuation of that series. I have enjoyed the previous movies and the characters, especially Toothless, the Night Fury dragon. The plot of this movie, with the dragons mysteriously disappearing and Hiccup's quest to bring them back, sounds intriguing and I am excited to see how it unfolds"
293,tt2209418,152,"['4', '3', '2', '3', '5', '2', '4', '1', '5', '4', '3']","['tt1473832', 'tt1067774', 'tt2870808', 'tt2073520', 'tt2053425', 'tt1540128', 'tt1748122', 'tt4465564', 'tt2209418', 'tt1441952', 'tt1710417']",9," I choose this movie because it is the highest rated among the ones I have viewed so far. Additionally, I am intrigued by the plot which explores the complexities of a long-term relationship and the challenges faced by the main characters. I am curious to see how their relationship has evolved over the years and how they navigate their current struggles."
294,tt4126568,2,"['4', '7', '6', '3', '5', '8', '2', '9', '5', '6', '3']","['tt4831420', 'tt4348012', 'tt2274570', 'tt4464394', 'tt3732950', 'tt1727776', 'tt3899796', 'tt4126568', 'tt4796122', 'tt2140423', 'tt2828996']",399," I choose this movie because I enjoy thrilling and suspenseful films, and the plot of being stranded in the open water with man-eating sharks sounds intense and captivating."
295,tt2404425,348,"['7', '6', '8', '5', '9', '4', '7', '6']","['tt1837709', 'tt1677561', 'tt2962876', 'tt2429074', 'tt2404425', 'tt1349482', 'tt4073952', 'tt1978532']",591," I choose this movie because it tells a compelling story about seeking justice and reclaiming what was rightfully stolen during a dark period in history. The plot of the movie resonates with me, as it sheds light on the atrocities committed by the Nazis during World War II and the determination of Maria Altmann to fight for justice. Additionally, the presence of Dame Helen Mirren in the lead role adds to the appeal"
296,tt3262342,165,"['6', '7', '4', '8', '5', '3', '9', '7', '10', '8']","['tt3402236', 'tt6768578', 'tt2295196', 'tt2053463', 'tt1937133', 'tt2735292', 'tt1499658', 'tt2808986', 'tt3262342', 'tt2379713']",367," I choose this movie because it received a rating of 10, which is the highest among the movies I have rated so far. Additionally, the plot of ""Loving Vincent"" intrigues me as it explores the life and psyche of Vincent van Gogh through a unique animation style. I am fascinated by art and the idea of delving into the mind of such a renowned artist is captivating to me. Therefore, I"
297,tt1430607,12,"['2', '1', '8', '6', '9', '7', '3', '5', '2', '4']","['tt4877122', 'tt4126340', 'tt2883512', 'tt2546038', 'tt1430607', 'tt1588173', 'tt4009460', 'tt1397514', 'tt2828996', 'tt1935929']",60, I choose this movie because it has a high rating of 9 and the plot seems interesting. The idea of exploring how Santa delivers presents and the story about a dysfunctional family and an unlikely hero appeals to me. I am also intrigued by the concept of a heartwarming and humorous Christmas movie.
298,tt2017561,216,"['6', '7', '8', '4', '9', '7', '5', '8', '6', '9', '7']","['tt1840309', 'tt1509767', 'tt2065968', 'tt1429433', 'tt1698647', 'tt5480340', 'tt1815862', 'tt1192628', 'tt0401729', 'tt2017561', 'tt1355638']",236," I choose this movie because I have previously enjoyed movies with elements of adventure and fantasy, such as ""Ice Age: The Great Egg-Scapade"" and ""Rango."" ""Journey to the West"" offers a unique blend of mythology, action, and a quest narrative, which aligns with my preferences. Additionally, the plot involving Tang Sanzang's journey to meet the legendary Monkey King intrig"
299,tt0970179,272,"['6', '7', '8', '2', '9', '5', '4', '9', '10', '3', '1', '9', '10', '6', '7', '8', '6', '7', '10', '4', '3']","['tt3874544', 'tt2452042', 'tt5184298', 'tt1935929', 'tt5480340', 'tt1216475', 'tt2112281', 'tt1302011', 'tt2096673', 'tt3231054', 'tt4877122', 'tt1430607', 'tt1865505', 'tt1402488', 'tt2865120', 'tt2100546', 'tt2235542', 'tt1429433', 'tt0970179', 'tt3416828', 'tt4592572']",449," I choose this movie because it has received a rating of 10, which indicates that it is highly regarded. Additionally, the plot description of ""Hugo"" intrigues me with its combination of mystery, adventure, and connections to the past. I am interested in exploring the story of Hugo and his quest to unlock the secrets of the automaton, as well as the connection to George Melies."
300,tt2920540,420,"['7', '6', '8', '9', '5', '7', '9', '8', '10', '5', '9', '7', '8']","['tt2294629', 'tt2474024', 'tt1336608', 'tt1204342', 'tt4191054', 'tt2076220', 'tt1981677', 'tt2245195', 'tt2920540', 'tt4191054', 'tt1981677', 'tt2294629', 'tt1742044']",186," I choose this movie because it explores the life of musician and cultural icon Nick Cave in a unique and intimate way. As someone who appreciates music and the creative process, I am intrigued by the film's portrayal of the artistic journey and the transformative power of the creative spirit. Additionally, the frank insights and the blend of drama and reality promise a thought-provoking and engaging experience."
301,tt1430607,247,"['8', '6', '7', '4', '2', '9', '10', '3', '7', '9', '8', '6', '9', '10', '10', '5']","['tt1588173', 'tt1397514', 'tt2546038', 'tt5368354', 'tt2828996', 'tt1478964', 'tt2065968', 'tt4877122', 'tt1650043', 'tt1462769', 'tt1924273', 'tt3553442', 'tt2756032', 'tt1430607', 'tt2883512', 'tt1666801']",46," I rate it 10. 

I choose this movie because it offers a unique and imaginative take on the question of how Santa delivers presents in one night. The storyline revolves around a dysfunctional family and an unexpected hero, Arthur, who embarks on an urgent mission to save Christmas. The movie combines heartwarming moments, humor, and a touch of adventure, making it an enjoyable watch for all ages. Additionally, the"
302,tt0816692,382,"['6', '4', '7', '9', '8', '3', '10', '7', '5', '9', '8', '8', '9', '10', '6', '4', '7', '10']","['tt2548208', 'tt4324274', 'tt2493486', 'tt0114709', 'tt2172934', 'tt0089538', 'tt2278388', 'tt1234721', 'tt1978532', 'tt1677561', 'tt2962876', 'tt4299972', 'tt2404425', 'tt0816692', 'tt1837709', 'tt1349482', 'tt2429074', 'tt1631867']",379," Additionally, the plot of the movie, involving interstellar travel, the survival of humanity, and the exploration of unknown worlds, appeals to my sense of adventure and fascination with space exploration. The combination of thrilling storytelling, captivating visuals, and thought-provoking themes makes ""Interstellar"" a movie that I am eager to watch and"
303,tt2209418,439,"['6', '7', '5', '8', '9', '7', '8', '10', '9', '8', '7', '9', '8', '4', '3']","['tt1540128', 'tt2756032', 'tt5368354', 'tt1243974', 'tt1067774', 'tt2870808', 'tt1714915', 'tt2053425', 'tt2034031', 'tt1710417', 'tt2073520', 'tt2209418', 'tt1937118', 'tt4465564', 'tt2322441']",99," Additionally, I am intrigued by the storyline that explores the complexities of a long-term relationship and the challenges faced by the couple. I am interested to see how Jesse and Celine navigate their relationship and address the doubts and uncertainties that arise."
304,tt1430607,137,"['6', '7', '5', '3', '8', '9', '7', '2', '8', '4', '3', '10', '6', '9', '10', '9']","['tt1650043', 'tt1478964', 'tt1666801', 'tt2828996', 'tt2546038', 'tt2065968', 'tt1924273', 'tt4009460', 'tt3553442', 'tt1935929', 'tt4877122', 'tt1430607', 'tt1397514', 'tt2756032', 'tt2883512', 'tt1588173']",297," I choose this movie because it has a rating of 10, which indicates that it is highly regarded. Additionally, the plot of the movie, which revolves around the concept of Santa's operation and a family's comic dysfunction, sounds intriguing and heartwarming. I am drawn to the idea of exploring the behind-the-scenes workings of Santa's delivery of presents and witnessing the journey of the unlikely hero, Arthur."
305,tt2347134,3,"['6', '3', '7', '4', '8', '5', '7', '6', '9', '2']","['tt2172934', 'tt1829012', 'tt4442130', 'tt4651410', 'tt2347134', 'tt2167202', 'tt2679042', 'tt2134170', 'tt1499658', 'tt2140423']",175, I choose this movie because I am intrigued by the concept of a Japanese reinterpretation of a classic Western film. The plot of a former assassin being forced to break his promise and take up the sword again in a period setting sounds captivating.
306,tt1588173,209,"['8', '6', '7', '9', '3', '8', '4', '5', '6', '7', '9', '8', '10', '10', '7']","['tt2756032', 'tt1650043', 'tt1666801', 'tt4651520', 'tt4877122', 'tt1462769', 'tt1935929', 'tt2828996', 'tt5368354', 'tt1397514', 'tt1478964', 'tt3553442', 'tt1588173', 'tt2883512', 'tt1924273']",304," I choose this movie because it has a unique and intriguing plot that combines romance and the supernatural. The idea of a zombie regaining his humanity and forming a warm relationship with a human is captivating. Additionally, the concept of bridging the gap between two opposing sides, the zombies and the humans, to fight for a better world adds depth to the story. Overall, the combination of romance, supernatural elements, and the message of"
307,tt1345836,201,"['9', '6', '4', '8', '7', '5', '7', '3', '9', '10', '8']","['tt2167202', 'tt1829012', 'tt4651410', 'tt2379713', 'tt2347134', 'tt2808986', 'tt2140423', 'tt2735292', 'tt1855199', 'tt1345836', 'tt2295196']",262," I choose this movie because it has received a rating of 10, which is the highest rating I have given so far. Additionally, I am a fan of superhero movies and the previous movies in the Batman trilogy. The plot of ""The Dark Knight Rises"" also intrigues me, as it involves Batman coming out of retirement to save Gotham City from the villainous plans of Bane. Overall, I am"
308,tt1631867,323,"['6', '4', '3', '5', '8']","['tt4299972', 'tt0089538', 'tt1978532', 'tt1349482', 'tt1631867']",237," I choose this movie because it has the highest rating among the ones I have viewed so far. Additionally, I am intrigued by the concept of a time loop and the idea of the main character improving their skills with each repetition. The action-packed plot and the involvement of a Special Forces warrior also add to my interest in watching this movie."
309,tt1496025,59,"['2', '3', '4', '2', '1', '3', '2', '3', '4', '5', '2']","['tt3247714', 'tt4116284', 'tt5607028', 'tt1815862', 'tt2379386', 'tt1397514', 'tt4464394', 'tt2381991', 'tt1496025', 'tt2347134', 'tt4651410']",49,
310,tt5804038,539,"['7', '6', '8', '9', '7', '8', '7', '9', '10', '9']","['tt1999192', 'tt4229236', 'tt3626804', 'tt1972663', 'tt3327994', 'tt4393514', 'tt5342766', 'tt1091863', 'tt5804038', 'tt6769208']",441," I choose this movie because it explores the life and perspectives of James Baldwin, a prominent figure in the civil rights movement. As someone who values documentaries that shed light on important historical events and individuals, this film resonates with me. I am particularly interested in gaining a deeper understanding of Baldwin's unfinished manuscript and how filmmaker Raoul Peck brings it to life."
311,tt3498820,232,"['6', '3', '4', '8', '7', '9', '5', '6', '2', '9', '8', '3', '7', '10', '9']","['tt3896198', 'tt1698647', 'tt1620680', 'tt1825683', 'tt3480796', 'tt1446714', 'tt3922818', 'tt2231461', 'tt3899796', 'tt4547056', 'tt1298554', 'tt2808986', 'tt4788944', 'tt3778644', 'tt3498820']",457," Additionally, I am a fan of the Marvel Cinematic Universe and enjoy the action-packed storyline and the conflicts between the characters. The plot of superheroes divided and facing off against each other is intriguing, and I am excited to see how the story unfolds."
312,tt2756032,61,"['4', '3', '2', '5', '4', '1', '5', '5', '3', '4', '2', '1', '3', '5', '4', '2']","['tt1430607', 'tt1666801', 'tt1397514', 'tt1588173', 'tt3553442', 'tt1935929', 'tt2756032', 'tt2883512', 'tt2546038', 'tt2065968', 'tt4877122', 'tt4009460', 'tt1650043', 'tt1478964', 'tt1924273', 'tt2828996']",263," I choose this movie because it has received a rating of 5 from me and it has an intriguing plot. The movie explores a troubled couple's journey as they encounter bizarre circumstances during their vacation. I am interested in watching this film because it promises to be a unique and thought-provoking experience, delving into themes of relationships and personal growth."
313,tt0905372,145,"['1', '2', '4', '3', '5', '3', '2', '4', '2', '3', '4']","['tt3201722', 'tt2581244', 'tt1596365', 'tt1727776', 'tt0905372', 'tt2345759', 'tt2140423', 'tt1441395', 'tt3099498', 'tt3067274', 'tt4348012']",122," The plot of ""The Thing"" involving an ancient alien creature and the suspenseful atmosphere created in an isolated Antarctic setting appeals to my preferences. Additionally, the high rating I gave to this movie indicates that it aligns well with my previous movie preferences."
314,tt1631867,155,"['7', '2', '6', '8', '9', '4', '7', '5', '6', '9', '3', '10']","['tt3778644', 'tt4831420', 'tt4788944', 'tt5487524', 'tt1631867', 'tt2231461', 'tt3327624', 'tt1620680', 'tt3480796', 'tt3498820', 'tt1267299', 'tt3896198']",136," I choose this movie because it received a high rating of 9, indicating that it is highly regarded by other viewers. Additionally, the plot of the movie, with its time loop concept and the protagonist's growth in skills and determination, seems intriguing and engaging. I am interested to see how the character's repeated battles and interactions with the aliens lead to their eventual defeat."
315,tt2042568,428,"['7', '6', '8', '9', '4', '5', '7', '8', '9', '10', '8']","['tt2053425', 'tt1430607', 'tt2042568', 'tt2094064', 'tt5129510', 'tt3832914', 'tt3231054', 'tt2025690', 'tt5555502', 'tt2347134', 'tt1091191']",590," I choose this movie because it received a high rating of 8 from me and it aligns with my previous preferences. I enjoy movies that delve into the struggles and challenges faced by individuals pursuing their passions, and ""Inside Llewyn Davis"" seems to capture that theme in the context of the Greenwich Village folk scene in the 1960s. I am intrigued by the character's journey and the obstacles he must"
316,tt1430607,366,"['6', '7', '8', '2', '9', '9', '7', '10', '3', '8', '9', '5', '4', '10', '6', '3', '9']","['tt1397514', 'tt2756032', 'tt1462769', 'tt4009460', 'tt1478964', 'tt1588173', 'tt1924273', 'tt2883512', 'tt4877122', 'tt1650043', 'tt3553442', 'tt5368354', 'tt2828996', 'tt1430607', 'tt2546038', 'tt1935929', 'tt1666801']",146," I choose this movie because it has a rating of 10, indicating that it is highly enjoyable. Additionally, the plot of the movie, which revolves around the secret operation of Santa Claus and a heartwarming family story, appeals to me. The idea of exploring the magic behind Santa's gift delivery and witnessing a family's journey to save Christmas sounds like a delightful and entertaining experience."
317,tt3498820,232,"['7', '4', '6', '8', '5', '9', '7', '6', '3', '9', '8', '2', '7', '9', '10\n\nReason for selection: I would like to watch ""Captain America: Civil War"" because it brings together a large ensemble of beloved Marvel characters and explores the complex dynamics between them. The conflict between Team Iron Man and Team Captain America adds an intriguing layer to the superhero genre, as it delves into the moral and ethical dilemmas faced by these iconic characters. Additionally, the introduction of new heroes and the emergence of a new villain promises an action-packed and thrilling experience.']","['tt3896198', 'tt1698647', 'tt1620680', 'tt1825683', 'tt3480796', 'tt1446714', 'tt3922818', 'tt2231461', 'tt3899796', 'tt4547056', 'tt1298554', 'tt2808986', 'tt4788944', 'tt3778644', 'tt3498820']",480, I choose this movie because of its high rating and the compelling storyline that explores the conflict between superheroes. The film offers a unique perspective on the superhero genre and promises an exciting and action-packed experience.
318,tt0816692,246,"['7', '6', '8', '4', '9', '7', '6', '10', '3', '9', '10', '5']","['tt4073952', 'tt2962876', 'tt1234721', 'tt2429074', 'tt2404425', 'tt1677561', 'tt2493486', 'tt0816692', 'tt1349482', 'tt1837709', 'tt0114709', 'tt1978532']",599," I choose this movie because it has the highest rating among all the movies I have viewed so far. Additionally, I am intrigued by the concept of interstellar travel and the exploration of a new planet that could potentially sustain human life. The plot seems captivating and I am interested to see how the story unfolds."
319,tt2883512,364,"['7', '2', '6', '8', '1', '4', '9', '10', '5', '3', '7', '2', '9', '6', '8', '7', '9', '10', '8']","['tt1430607', 'tt4877122', 'tt3553442', 'tt1588173', 'tt1935929', 'tt5368354', 'tt1243974', 'tt1462769', 'tt1798603', 'tt2828996', 'tt2546038', 'tt4009460', 'tt2065968', 'tt1397514', 'tt1666801', 'tt1924273', 'tt2756032', 'tt2883512', 'tt1478964']",335," I choose this movie because it received a high rating of 10, indicating that it is highly enjoyable and well-regarded. Additionally, the plot of the movie, which revolves around a chef rediscovering his passion for cooking and finding a deeper connection with his family, appeals to me. The idea of embarking on a journey, both physically and metaphorically, to pursue one's passion and strengthen family bonds resonates with my preferences"
320,tt4912910,330,"['7', '4', '6', '5', '8', '9', '7', '10', '8', '3', '6', '9']","['tt3973198', 'tt4547056', 'tt4471456', 'tt2450186', 'tt3062096', 'tt4912910', 'tt1600196', 'tt2911666', 'tt2231253', 'tt1865393', 'tt2059171', 'tt0790724']",280," Additionally, I have previously rated action movies highly, such as ""John Wick"" with a rating of 10. ""Mission: Impossible - Fallout"" is known for its intense action sequences, thrilling plot, and impressive stunts performed by Tom Cruise. As a fan of action movies, I am excited to watch this film and experience the adrenaline-pumping"
321,tt0816692,413,"['6', '7', '8', '5', '9', '4', '7', '8', '10', '9\n\nI would like to watch ""The Grand Budapest Hotel"" because it combines elements of adventure, mystery, and comedy. The plot seems intriguing, involving a theft, a battle for fortune, and a changing continent. Additionally, the dynamic between M. Gustave and Zero Moustafa as the legendary concierge and his loyal friend adds an interesting layer to the story. Overall, it promises to be an entertaining and captivating film.', 'I would rate ""Colorful"" a 9. The plot sounds intriguing and thought-provoking, exploring themes of life, death, redemption, and self-discovery. The concept of a soul being given a second chance in the body of a teenager to uncover the secrets of its previous life and the reasons behind Makoto\'s suicide is captivating. The exploration of the complexities of life and the various shades of grey and colors adds depth to the story. I am interested in watching this movie to unravel', '7', '8', '6', '7\n\nI would rate ""Last Knights"" a 7. The plot seems to revolve around themes of honor, loyalty, and seeking justice. The idea of a fallen warrior rising against a corrupt ruler to avenge his dishonored master is intriguing and promises an action-packed adventure. I am interested in watching this movie to see how the story unfolds and to witness the clashes of swords and the pursuit of justice.', '9\n\nI would rate ""The Road Within"" a 9. The plot explores important themes such as mental health, family dynamics, and self-discovery. The story of Vincent, a young man with Tourette Syndrome, navigating through life after the loss of his mother, sounds compelling and emotionally impactful. The addition of other characters with their own struggles, such as anorexia and OCD, adds depth to the narrative. The road trip aspect of the story promises adventure and growth for the characters as', '3', '5']","['tt1837709', 'tt2404425', 'tt1631867', 'tt4073952', 'tt0114709', 'tt2548208', 'tt2429074', 'tt2172934', 'tt0816692', 'tt2278388', 'tt1677561', 'tt1978532', 'tt4299972', 'tt1234721', 'tt2493486', 'tt2962876', 'tt0089538', 'tt1349482']",348," I rated it a 10, indicating that I highly enjoyed the movie. The plot of ""Interstellar"" is intriguing and captivating, involving interstellar travel, the survival of humanity, and the exploration of unknown worlds. The combination of science fiction, adventure, and emotional depth in the film appeals to me. Additionally, the stellar cast and the visually stunning cinematography further contribute to"
322,tt1631867,41,"['7', '6', '8', '3', '9']","['tt1349482', 'tt1978532', 'tt1631867', 'tt0089538', 'tt4299972']",387, I choose this movie because I am intrigued by the concept of a time loop and the idea of the protagonist becoming more skilled with each repeated encounter. The combination of action and sci-fi elements in the plot also appeals to me.
323,tt1631867,23,"['6', '4', '8', '7', '9']","['tt1349482', 'tt0089538', 'tt1631867', 'tt1978532', 'tt4299972']",224," The reason I choose this movie is because I am intrigued by the concept of a time loop and the protagonist's journey of becoming a skilled fighter. The plot seems exciting and action-packed, and I am curious to see how the character's repeated encounters with the aliens unfold."
324,tt1430607,15,"['6', '3', '8', '2', '4', '3', '9', '5', '7', '4']","['tt1397514', 'tt4126340', 'tt2546038', 'tt4009460', 'tt2828996', 'tt1935929', 'tt1430607', 'tt4877122', 'tt1243974', 'tt1798603']",568," I chose this movie because it has a high rating of 9, indicating that it is likely to be enjoyable and well-received. The plot of the movie, which explores the secret world of Santa's operation and follows the adventure of Arthur on a mission, sounds intriguing and heartwarming. Additionally, the concept of revealing how Santa delivers presents in one night adds an element of curiosity and excitement. Overall, ""Arthur Christmas"""
325,tt1441395,21,"['7', '2', '6', '8', '4', '3', '5', '9', '7', '6']","['tt1596365', 'tt2828996', 'tt2581244', 'tt2140423', 'tt3067274', 'tt3899796', 'tt4796122', 'tt1441395', 'tt0905372', 'tt4094724']",51, I rate it 9 out of 10. The reason I choose this movie is because of its unique and thought-provoking concept. The idea of an alien entity experiencing a transformation and discovering its own humanity is intriguing to me. I am interested in exploring the complexities of identity and the consequences that come with self-discovery.
326,tt3262342,442,"['7', '8', '6', '5', '4', '9', '7', '3', '8', '9', '10', '6']","['tt3521164', 'tt2380307', 'tt2065968', 'tt5184298', 'tt1402488', 'tt1623288', 'tt1430626', 'tt1691917', 'tt2293640', 'tt1690953', 'tt3262342', 'tt5480340']",409," Additionally, the plot of the movie seems intriguing as it explores the life and art of Vincent van Gogh through a unique animation style. I am interested in learning more about van Gogh's story and the interpretation of his paintings, making ""Loving Vincent"" a compelling choice for me."
327,tt0816692,229,"['6', '4', '7', '8', '9', '5', '10', '7', '8', '3', '9', '6', '9', '10', '7']","['tt2404425', 'tt1349482', 'tt1234721', 'tt2172934', 'tt2493486', 'tt4073952', 'tt1677561', 'tt4324274', 'tt2548208', 'tt0089538', 'tt2962876', 'tt2429074', 'tt1837709', 'tt0816692', 'tt1978532']",223," I choose this movie because it combines elements of science fiction, adventure, and exploration, which are genres that I enjoy. Additionally, the plot of humanity's struggle for survival and the exploration of new worlds piques my curiosity. The high rating I gave to Interstellar reflects my interest in the concept and the positive feedback it has received from others."
328,tt1714915,170,"['5', '4', '3', '2', '3', '4', '2', '5', '2', '1', '4']","['tt1441395', 'tt0905372', 'tt1714915', 'tt3067274', 'tt3487994', 'tt1596365', 'tt4796122', 'tt3705412', 'tt3099498', 'tt3201722', 'tt4094724']",183," I choose this movie because I have previously rated movies with supernatural elements and unconventional storylines higher. ""Only Lovers Left Alive"" explores the themes of love, longevity, and the struggle of outsiders in a changing world. The combination of a romantic and philosophical narrative, along with the unique setting of Detroit and Tangiers, intrigues me. I am drawn to the idea of immortality and the exploration"
329,tt2267968,231,"['6', '4', '8', '7', '9', '5', '10', '7', '6', '8', '9', '7', '9', '6', '10']","['tt4464394', 'tt1815862', 'tt2347134', 'tt2381991', 'tt5607028', 'tt1397514', 'tt2802144', 'tt3247714', 'tt1937133', 'tt2027128', 'tt4116284', 'tt1428538', 'tt1232829', 'tt1496025', 'tt2267968']",345," I choose this movie because I have enjoyed the previous installments of the Kung Fu Panda series, and I appreciate the humor and heartwarming storytelling in these films. Additionally, the idea of Po learning to train a village full of pandas sounds both entertaining and inspiring."
330,tt2911666,503,"['7', '6', '8', '9', '5', '4', '10', '3', '9', '8', '7', '6', '9']","['tt2025690', 'tt3247714', 'tt0790724', 'tt4912910', 'tt2059171', 'tt3732950', 'tt2911666', 'tt5254868', 'tt3062096', 'tt1600196', 'tt1829012', 'tt3480796', 'tt5362988']",67," Additionally, I am drawn to the intriguing plot of a former assassin seeking revenge and unleashing a maelstrom of destruction. The action-packed nature of the film and the reputation of the John Wick series make it an appealing choice for me."
331,tt2096673,171,"['6', '4', '7', '8', '5', '3', '9', '10', '2', '7', '6', '8', '9', '3', '5', '1', '7', '10']","['tt1402488', 'tt2235542', 'tt1429433', 'tt2452042', 'tt2112281', 'tt4877122', 'tt1430607', 'tt1865505', 'tt3416828', 'tt5480340', 'tt1216475', 'tt5184298', 'tt3231054', 'tt1935929', 'tt2100546', 'tt4009460', 'tt3874544', 'tt2096673']",384," I choose this movie because it has received a rating of 10, which indicates that it is highly regarded. Additionally, the plot of the movie, which explores the complexity of emotions and the challenges of growing up, appeals to me. I am interested in seeing how the film portrays the inner workings of the mind and how it tackles the themes of change and adaptation."
332,tt2883512,14,"['7', '3', '4', '2', '6', '3', '2', '5', '8', '7', '9']","['tt1430607', 'tt4009460', 'tt4126340', 'tt4877122', 'tt1243974', 'tt1935929', 'tt2828996', 'tt1798603', 'tt2883512', 'tt1397514', 'tt2546038']",237," I choose this movie because it has a high rating of 8 and the plot seems interesting. The story of a renowned chef rediscovering his passion for cooking while embarking on a road trip across America resonates with me. Additionally, the theme of family and connection adds depth to the story. Overall, ""Chef"" seems like a heartwarming and enjoyable movie to watch."
333,tt2278388,542,"['7', '5', '8', '9', '6']","['tt0816692', 'tt4299972', 'tt0114709', 'tt2278388', 'tt1631867']",293," Gustave and Zero Moustafa. The movie promises a combination of humor, suspense, and an interesting historical backdrop."
334,tt6769208,532,"['6', '5', '7', '8', '9', '7', '9', '8', '6', '9']","['tt5804038', 'tt1972663', 'tt4393514', 'tt2014338', 'tt3327994', 'tt3626804', 'tt2246565', 'tt1091863', 'tt1999192', 'tt6769208']",90," I choose this movie because I have a strong interest in nature and the environment. The documentary explores the impact of mankind on the world's oceans, which aligns with my concern for environmental issues. Additionally, the inclusion of revolutionary segments and stunning footage promises a captivating and educational viewing experience."
335,tt1677561,312,"['8', '6', '9', '7', '8', '5', '7', '6']","['tt2404425', 'tt1978532', 'tt1677561', 'tt2962876', 'tt1837709', 'tt1349482', 'tt4073952', 'tt2429074']",329," I choose this movie because it has the highest rating among the movies I have viewed so far, and the plot description intrigues me. The idea of a soul awakening in the body of a 14-year-old and unraveling mysteries sounds fascinating and thought-provoking. I am curious to see how the story unfolds and discover the secrets of the soul's previous life and the reasons behind Makoto's suicide."
336,tt2379713,116,"['7', '4', '8', '6', '7', '9', '5', '10', '9', '8']","['tt2735292', 'tt1937133', 'tt3402236', 'tt2295196', 'tt1770734', 'tt1855199', 'tt2808986', 'tt2379713', 'tt3262342', 'tt1345836']",174," I choose this movie because it received a rating of 10, which is the highest among the movies I have rated so far. Additionally, I am a fan of James Bond movies and enjoy the action and suspense they offer. The plot of Spectre seems intriguing, with James Bond going on a rogue mission to uncover the existence of a sinister organization. I am excited to see how the story unfolds and the connections that are revealed between Bond and"
337,tt2053425,122,"['6', '7', '8', '7', '9', '8', '9', '10', '7', '8', '9']","['tt2140423', 'tt3210686', 'tt2025690', 'tt5555502', 'tt2053425', 'tt2756032', 'tt2347134', 'tt1091191', 'tt3231054', 'tt4193394', 'tt1430607']",60," I choose this movie because it received a high rating of 9, indicating that it is highly regarded. Additionally, the plot description of a story about resilience and finding the courage to go on living resonates with me. I am intrigued by the characters' journey and their ability to find hope and love in challenging circumstances."
338,tt1865505,443,"['8', '6', '9', '2', '7', '4', '5', '9', '3', '4', '10']","['tt1302011', 'tt1216475', 'tt2096673', 'tt4009460', 'tt2100546', 'tt2112281', 'tt3874544', 'tt1430607', 'tt1935929', 'tt4877122', 'tt1865505']",424," I would choose this movie because it combines elements of Irish and Scottish legends with a modern-day setting, creating a unique and magical story. The concept of selkies and their transformation from seals to people is intriguing, and the idea of freeing trapped fairy creatures adds a sense of adventure. Additionally, the animation style of ""Song of the Sea"" is visually stunning and captivating. Overall, I believe this movie would provide"
339,tt0905372,21,"['7', '6', '8', '2', '9', '5', '3', '1', '10', '9']","['tt4094724', 'tt3067274', 'tt1596365', 'tt2828996', 'tt2581244', 'tt2140423', 'tt4796122', 'tt3899796', 'tt0905372', 'tt1441395']",335," I am a fan of science fiction and horror movies, and ""The Thing"" combines both genres effectively. The plot of the movie, involving an alien creature infecting and assimilating its victims, is intriguing and keeps me engaged. Additionally, the setting of the movie in the Antarctic adds to the sense of isolation and suspense. Overall, ""The Thing"" offers a thrilling"
340,tt3262342,442,"['8', '7', '6', '5', '7', '9', '8', '6', '7', '9', '10', '6']","['tt3521164', 'tt2380307', 'tt2065968', 'tt5184298', 'tt1402488', 'tt1623288', 'tt1430626', 'tt1691917', 'tt2293640', 'tt1690953', 'tt3262342', 'tt5480340']",145," I choose this movie because it has received a rating of 10, which is the highest among the movies I have viewed. Additionally, the plot of ""Loving Vincent"" intrigues me as it delves into the life and psyche of Vincent van Gogh through a unique and visually stunning animation style. I am particularly interested in exploring the interpretations and mysteries surrounding van Gogh's art and life."
341,tt3896198,124,"['1', '2', '3', '4', '5', '3', '4', '3', '2', '4', '5', '3', '5', '4', '3', '3', '4', '2']","['tt4464394', 'tt4831420', 'tt3778644', 'tt4547056', 'tt2231461', 'tt1267299', 'tt3498820', 'tt5487524', 'tt3899796', 'tt3327624', 'tt1631867', 'tt1698647', 'tt3896198', 'tt3480796', 'tt4788944', 'tt1815862', 'tt1620680', 'tt2808986']",235," 2"" with imdbID tt3896198. I choose this movie because it received a high rating of 5 from me and I have enjoyed the previous installment of the franchise. Additionally, I am a fan of superhero movies and the plot of this film, which involves the Guardians facing a new menace and uncovering the truth about Star Lord's heritage, sounds intriguing."
342,tt2025690,150,"['8', '6', '7', '5', '9', '4', '8']","['tt4547056', 'tt4471456', 'tt2450186', 'tt1865393', 'tt2059171', 'tt3973198', 'tt2025690']",338," I would select this movie because I enjoy thrilling and intense stories, and the plot of this movie, based on a true story, seems to have all the elements of suspense and bravery. Additionally, the high rating I gave to this movie indicates that I found it to be of high quality and engaging."
343,tt1462769,307,"['8', '6', '7', '4', '9', '5', '8', '7', '5', '9']","['tt2756032', 'tt3553442', 'tt2065968', 'tt4651520', 'tt1462769', 'tt1650043', 'tt1478964', 'tt1924273', 'tt5368354', 'tt1588173']",245," I would choose this movie because it has a high rating of 9, indicating that it is highly regarded by other viewers. Additionally, the plot of the movie seems intriguing and heartwarming, as it explores the journey of a couple who unexpectedly becomes parents and learns valuable lessons about love and family. This combination of a high rating and an appealing plot makes me want to watch ""The Odd Life of"
344,tt2278388,405,"['8', '3', '6', '9', '7', '5', '8', '10', '4', '2', '7', '9', '6', '8', '7', '6', '10', '9']","['tt4299972', 'tt1349482', 'tt1978532', 'tt1677561', 'tt2962876', 'tt1837709', 'tt2404425', 'tt1631867', 'tt1234721', 'tt0089538', 'tt2548208', 'tt0816692', 'tt2429074', 'tt2493486', 'tt4073952', 'tt2172934', 'tt2278388', 'tt0114709']",126," I choose this movie because it has a rating of 10, which indicates that it is highly regarded. Additionally, I am drawn to its intriguing plot involving a legendary concierge, theft, and a changing continent. The combination of its stellar rating and captivating storyline make it the movie I am most interested in watching."
345,tt1691917,417,"['7', '8', '9', '6', '5', '10', '3', '8', '9', '4']","['tt1430626', 'tt1623288', 'tt3521164', 'tt1302011', 'tt1691917', 'tt2380307', 'tt4877122', 'tt2293640', 'tt1690953', 'tt0377981']",221," Although it may not have the highest rating among the movies I have viewed, I would choose ""Planes"" because it offers a unique and entertaining storyline about a cropduster plane with big dreams. It seems like a fun and uplifting movie that would provide a different perspective on the world of aviation."
346,tt2429074,127,"['7', '4', '6', '3', '5', '8', '9', '7']","['tt1234721', 'tt2548208', 'tt2172934', 'tt0089538', 'tt1349482', 'tt1978532', 'tt2429074', 'tt1837709']",321,"B.F."" with the imdbID tt2429074. I would choose this movie because it has a high rating of 9, which indicates that it is highly enjoyable and well-received by viewers. Additionally, the plot of the movie seems interesting as it explores social dynamics and the concept of friendship."
347,tt4547056,360,"['8', '7', '4', '6', '9', '8', '10', '6', '7', '5', '3']","['tt4912910', 'tt5362988', 'tt2450186', 'tt3973198', 'tt4547056', 'tt2025690', 'tt2911666', 'tt3062096', 'tt1600196', 'tt4471456', 'tt1865393']",260," I choose this movie because it offers a unique and compelling take on the dystopian genre. The plot revolves around a post-apocalyptic world plagued by a fungal disease, and the story follows a group of hybrid children who hold the key to humanity's survival. The movie explores themes of humanity, identity, and sacrifice, while also delivering intense and thought-provoking moments. I"
348,tt1446714,83,"['6', '7', '8', '4', '5', '7', '9', '8', '9', '6', '10', '3', '9', '7', '8']","['tt1815862', 'tt1620680', 'tt3896198', 'tt4464394', 'tt3480796', 'tt1698647', 'tt4547056', 'tt1298554', 'tt3922818', 'tt4788944', 'tt3778644', 'tt3899796', 'tt1446714', 'tt1397514', 'tt2231461']",434," I choose this movie because I am intrigued by the concept of exploring the existence of superior extraterrestrial species known as the ""Engineers"" and the fundamental questions of human existence that the movie explores. The plot seems captivating and thought-provoking, making it an interesting choice for me."
349,tt1441395,167,"['7', '6', '4', '8', '9', '2']","['tt3705412', 'tt1714915', 'tt3487994', 'tt3067274', 'tt1441395', 'tt3201722']",303," The idea of an alien entity discovering its own humanity and the consequences that come with it sounds fascinating. I am drawn to movies that explore complex themes and offer a thought-provoking experience, and ""Under the Skin"" seems to fit that criteria."
350,tt0816692,382,"['7', '6', '8', '9', '7', '4', '10', '8', '5', '9', '9', '7', '10', '10\n\nThe user selects ""Interstellar"" with a rating of 10. The reason for selecting this movie is because it combines elements of science fiction, adventure, and exploration. The user has previously enjoyed movies with thrilling plots and intriguing storylines, and ""Interstellar"" promises to deliver on those aspects. Additionally, the concept of interstellar travel and the exploration of new worlds adds an extra layer of excitement and curiosity. The user is drawn to the idea of discovering new possibilities and the potential for', '6', '3', '7', '10\n\nThe user selects ""Edge of Tomorrow"" with a rating of 10. The reason for selecting this movie is because it offers a unique and thrilling concept of time loop and intense combat against an alien race. The user has previously enjoyed movies with action-packed plots and engaging characters, and ""Edge of Tomorrow"" promises to deliver on those aspects. The idea of the protagonist, Major William Cage, gaining increasing skills and knowledge with each repeated encounter adds an exciting layer to the story. The user is']","['tt2548208', 'tt4324274', 'tt2493486', 'tt0114709', 'tt2172934', 'tt0089538', 'tt2278388', 'tt1234721', 'tt1978532', 'tt1677561', 'tt2962876', 'tt4299972', 'tt2404425', 'tt0816692', 'tt1837709', 'tt1349482', 'tt2429074', 'tt1631867']",51," I choose this movie because it combines elements of science fiction, adventure, and exploration, which align with my previous preferences. The concept of interstellar travel and the exploration of new worlds intrigues me. Additionally, the movie has received a high rating, indicating that it is well-regarded by others. I am excited to watch ""Interstellar"" because it promises to offer an immersive and thought-provoking experience."
351,tt1430607,144,"['7', '6', '8', '9', '9', '5', '10', '6', '4', '7']","['tt3210686', 'tt2094064', 'tt3231054', 'tt2053425', 'tt2347134', 'tt3832914', 'tt1430607', 'tt1243974', 'tt2528814', 'tt2140423']",244," I choose this movie because it has a perfect rating of 10, indicating that it is highly enjoyable and well-received. Additionally, the plot of the movie, which reveals the secret behind Santa's gift delivery and focuses on a family's comic dysfunction and an unlikely hero, sounds entertaining and heartwarming."
352,tt1677561,402,"['6', '4', '8', '7', '3', '9', '5']","['tt1978532', 'tt2962876', 'tt4073952', 'tt2404425', 'tt1349482', 'tt1677561', 'tt2429074']",199," I choose this movie because it has the highest rating among the movies I have viewed so far, with a rating of 9. Additionally, the plot description of ""Colorful"" intrigues me as it explores themes of redemption, self-discovery, and the mysteries of life. I am curious to see how the protagonist navigates their second chance in the body of a 14-year-old and unravels the secrets"
353,tt2756032,212,"['7', '6', '3', '8', '5', '6', '2', '9', '1', '10', '9', '7', '8', '4', '3', '9', '5']","['tt1430607', 'tt1462769', 'tt2546038', 'tt2065968', 'tt1650043', 'tt1397514', 'tt2828996', 'tt1924273', 'tt4009460', 'tt1588173', 'tt2883512', 'tt3553442', 'tt1478964', 'tt1666801', 'tt4877122', 'tt2756032', 'tt5368354']",565," I choose this movie because it has a high rating of 9, indicating that it is highly regarded by viewers. Additionally, the plot description intrigues me with its promise of a troubled couple facing bizarre circumstances during a getaway. I am drawn to movies that offer unique and thought-provoking experiences, and ""The One I Love"" seems to fit that criteria."
354,tt1397514,385,"['8', '6', '7', '6', '9', '7', '3', '9', '4', '2', '8', '5', '3', '10', '7', '9', '4', '6', '8', '7']","['tt1478964', 'tt2546038', 'tt1666801', 'tt1650043', 'tt2065968', 'tt3553442', 'tt4009460', 'tt1430607', 'tt4877122', 'tt1935929', 'tt1397514', 'tt5368354', 'tt4126340', 'tt2883512', 'tt1243974', 'tt1588173', 'tt2828996', 'tt1798603', 'tt1462769', 'tt1924273']",64," I choose this movie because I enjoy adventure films and the plot seems intriguing with its exploration of a mysterious island. Additionally, I have given it a high rating of 8, indicating that I believe it will be an enjoyable and entertaining watch."
355,tt0816692,432,"['6', '7', '8', '5', '4', '7', '9', '10', '10\n\nReason for selection: I would like to watch ""Interstellar"" because it combines my love for science fiction and exploration. The idea of venturing into the unknown and searching for a new home for humanity is captivating. Additionally, the concept of time dilation and the exploration of complex scientific theories adds an extra layer of intrigue to the movie. I am excited to see how the story unfolds and how the characters navigate the challenges of interstellar travel.', '9\n\nReason for selection: I would like to watch ""The Grand Budapest Hotel"" because it offers a unique and whimsical storytelling style set in a visually stunning and nostalgic setting. The combination of a captivating plot, eccentric characters, and a mix of comedy and drama intrigues me. Additionally, the film has received critical acclaim for its direction, performances, and screenplay, which further piques my interest. I am excited to immerse myself in the charming and unpredictable world of ""The Grand Budapest Hotel', '8', '6', '7', '8\n\nReason for selection: I would like to watch ""Last Knights"" because I enjoy movies with themes of honor, loyalty, and revenge. The plot seems intriguing, with a fallen warrior seeking justice for his dishonored master. I am drawn to stories that explore the complexities of morality and the pursuit of justice. Additionally, the action and sword-fighting elements add an exciting and dynamic aspect to the movie. I am eager to see how the protagonist navigates the challenges and confronts the corrupt', '3', '9\n\nReason for selection: I would like to watch ""The Road Within"" because it explores the journey of characters dealing with unique challenges such as Tourette Syndrome, anorexia, and OCD. The plot seems to delve into the complexities of human relationships, personal growth, and self-discovery. The road trip aspect adds an element of adventure and exploration. I am interested in seeing how the characters evolve and how their experiences shape their lives. Additionally, the film\'s focus on mental health and the', '9\n\nReason for selection: I would like to watch ""Colorful"" because it presents a unique and thought-provoking concept of a soul being given a second chance by inhabiting the body of a 14-year-old suicide victim. The exploration of themes such as redemption, self-discovery, and the mysteries of life and death intrigues me. The plot promises to delve into complex emotions and the search for meaning and understanding. Additionally, the metaphorical representation of the world through colors adds an', '8']","['tt1349482', 'tt2404425', 'tt2172934', 'tt2548208', 'tt2429074', 'tt1978532', 'tt1234721', 'tt1631867', 'tt0816692', 'tt2278388', 'tt0114709', 'tt1837709', 'tt4073952', 'tt2493486', 'tt0089538', 'tt2962876', 'tt1677561', 'tt4299972']",121," The concept of venturing into the unknown and searching for a new home for humanity is captivating. Additionally, the film explores complex scientific theories and the complexities of time dilation, adding an extra layer of intrigue. The high rating I gave it reflects my excitement to see how the story unfolds and how the characters navigate the challenges of interstellar travel."
356,tt3231054,88,"['4', '3', '2', '3', '1', '5', '4', '1', '2', '4']","['tt1430607', 'tt2112281', 'tt2865120', 'tt3416828', 'tt4877122', 'tt3231054', 'tt2452042', 'tt4009460', 'tt1935929', 'tt1216475']",334, I choose this movie because I am intrigued by the concept of exploring the story of the Resurrection from the perspective of a non-believer. It seems like an interesting and unique take on a well-known biblical event.
357,tt1837709,114,"['6', '7', '8', '4', '9', '3']","['tt1978532', 'tt2429074', 'tt1234721', 'tt1349482', 'tt1837709', 'tt0089538']",48," I choose this movie because it has the highest rating among the movies I have viewed so far. Additionally, the plot description of a love story set in a magical and imaginative version of New York City intrigues me."
358,tt2404425,416,"['7', '6', '8', '9', '8']","['tt4073952', 'tt1978532', 'tt1677561', 'tt2404425', 'tt2962876']",556," The reason I choose this movie is because I am interested in historical dramas and stories that shed light on important events from the past. The plot of ""Woman in Gold"" revolves around the restitution of stolen art during World War II, which is a topic that I find intriguing and significant. Additionally, the presence of acclaimed actress Helen Mirren in the lead role further adds to my interest in watching this film."
359,tt1600195,10,"['3', '2', '3', '4', '3', '1', '4']","['tt1615918', 'tt0401729', 'tt1600195', 'tt1667353', 'tt1710396', 'tt3899796', 'tt4191054']",376," I choose this movie because it has a suspenseful plot involving a teenager who discovers he may have been adopted, and then finds himself hunted down by criminals and the CIA. The storyline seems intriguing and full of action, which appeals to my taste in movies."
360,tt3896198,333,"['3', '4', '5', '8', '7', '6', '9', '10', '2', '9', '4', '8', '7', '6', '7', '5', '8', '3', '9', '7', '6', '4', '10']","['tt4464394', 'tt1620680', 'tt1298554', 'tt5544384', 'tt3498820', 'tt3922818', 'tt4547056', 'tt3896198', 'tt1397514', 'tt1631867', 'tt4788944', 'tt3778644', 'tt1446714', 'tt3480796', 'tt1698647', 'tt1815862', 'tt2231461', 'tt4831420', 'tt2660888', 'tt5487524', 'tt1267299', 'tt3899796', 'tt1825683']",424," 2"". I choose this movie because it has the highest rating among the movies I have rated so far. Additionally, I enjoyed the first Guardians of the Galaxy movie and I am interested in seeing the continuation of the story and the adventures of the quirky and lovable characters. The blend of action, humor, and a great soundtrack in the first movie was fantastic, and I expect the sequel to deliver a similar"
361,tt3922818,100,"['8', '6', '7', '9', '8', '5', '7', '4', '6', '3']","['tt1192628', 'tt0401729', 'tt1397514', 'tt5607028', 'tt3922818', 'tt1815862', 'tt3416828', 'tt2404233', 'tt2381991', 'tt2379386']",454," I choose this movie because I am intrigued by the concept of a human being born and raised on Mars, and their journey to Earth to discover their origins. The idea of exploring the wonders of Earth through the eyes of someone who has only read about them is fascinating to me. Additionally, the online friendship aspect adds an interesting dynamic to the story. Overall, I believe ""The Space Between Us"""
362,tt2802144,483,"['3', '7', '6', '4', '5', '2', '8', '9', '7', '10\n\nReason for selecting: I would like to watch ""Kingsman: The Secret Service"" because it combines action, humor, and a unique twist on the spy genre. The film has received positive reviews for its stylish direction, engaging storyline, and impressive performances. I am intrigued by the concept of a secret organization of spies and the training that Eggsy undergoes to become a Kingsman. Additionally, the presence of talented actors like Colin Firth and Taron Egerton adds to my interest']","['tt1496025', 'tt4116284', 'tt1232829', 'tt1397514', 'tt1428538', 'tt2381991', 'tt5607028', 'tt2267968', 'tt2347134', 'tt2802144']",523," I choose this movie because it combines action, humor, and a unique twist on the spy genre. The film has received positive reviews for its stylish direction, engaging storyline, and impressive performances. I am intrigued by the concept of a secret organization of spies and the training that Eggsy undergoes to become a Kingsman. Additionally, the presence of talented actors like Colin Firth and Taron Egerton"
363,tt1596365,210,"['4', '3', '2', '1', '3', '5', '4', '3', '4', '4', '5']","['tt0816711', 'tt2581244', 'tt2274570', 'tt3099498', 'tt2140423', 'tt1441395', 'tt4094724', 'tt1727776', 'tt0905372', 'tt4348012', 'tt1596365']",110," I choose this movie because I enjoy supernatural horror films and the plot of a vengeful ghost seeking revenge is intriguing. Additionally, the setting of a remote village and the haunted Eel Marsh House adds to the suspense and atmosphere of the movie."
364,tt2802144,139,"['7', '4', '6', '8', '3', '9', '5', '7', '7', '4', '6', '9']","['tt2267968', 'tt2381991', 'tt1397514', 'tt1618442', 'tt1815862', 'tt2347134', 'tt5607028', 'tt3247714', 'tt1428538', 'tt4464394', 'tt4651410', 'tt2802144']",606," I choose this movie because it has a high rating of 9, which indicates that it is highly regarded by viewers. Additionally, the plot description of a young man being recruited into a secret organization and avenging his father's death sounds intriguing and action-packed."
365,tt0816692,351,"['8', '6', '3', '9', '7', '5', '8', '9', '10', '10', '7', '6', '8']","['tt4299972', 'tt1978532', 'tt1349482', 'tt2404425', 'tt1837709', 'tt2493486', 'tt1234721', 'tt2962876', 'tt0816692', 'tt0114709', 'tt1677561', 'tt4073952', 'tt2429074']",342," I choose this movie because it received a rating of 10, indicating that it is highly regarded. Additionally, the plot description intrigues me as it explores the concept of interstellar travel and the survival of humanity. I am drawn to the idea of exploring unknown worlds and the potential for a thrilling and thought-provoking experience."
366,tt1441395,179,"['8', '6', '7', '2', '9', '4', '7', '3', '5', '8', '9', '6', '7', '4', '6', '9', '7', '8']","['tt2581244', 'tt3487994', 'tt0816711', 'tt3099498', 'tt1714915', 'tt2345759', 'tt0905372', 'tt3201722', 'tt4796122', 'tt3705412', 'tt1596365', 'tt1727776', 'tt3067274', 'tt3899796', 'tt4464394', 'tt1441395', 'tt2140423', 'tt4094724']",397," I choose this movie because it has a unique and intriguing plot about an alien entity exploring humanity and discovering its own identity. The concept of an alien taking on a human form and going through a transformation is fascinating to me. Additionally, the movie has received positive ratings, indicating that it is well-made and thought-provoking."
367,tt0816692,377,"['6', '4', '7', '8', '3', '9', '9', '5', '7', '6', '8']","['tt1234721', 'tt4073952', 'tt1677561', 'tt2962876', 'tt1349482', 'tt0816692', 'tt2404425', 'tt1978532', 'tt2493486', 'tt2429074', 'tt1837709']",426," I am particularly drawn to the plot of Earth's future being riddled by disasters and the concept of interstellar travel to ensure mankind's survival. The idea of exploring new worlds and the unknown is intriguing to me. Additionally, the film has received critical acclaim for its thought-provoking storyline, stunning visuals, and emotional depth."
368,tt2429074,262,"['8', '6', '7', '9', '4', '8', '7', '5', '6']","['tt1677561', 'tt1837709', 'tt2429074', 'tt2404425', 'tt1349482', 'tt2962876', 'tt1234721', 'tt1978532', 'tt4073952']",138,"B.F."" The reason for selecting this movie is that it explores the theme of friendship and identity in a high school setting, which is something I enjoy. Additionally, the plot seems to offer a unique perspective on social dynamics and the struggles of fitting in."
369,tt1839492,393,"['7', '8', '6', '5', '9', '8', '4', '7', '9', '10']","['tt0800369', 'tt1865505', 'tt5607028', 'tt0829150', 'tt3564794', 'tt0770828', 'tt2404233', 'tt0990407', 'tt1935859', 'tt1839492']",427," I choose this movie because it explores the concept of creating the perfect partner through writing, which is a unique and intriguing concept. As someone who enjoys creativity and storytelling, I am drawn to the idea of a character coming to life through the written word. The movie's exploration of the complexities of relationships and the power dynamics between the characters also piques my interest. Overall, Ruby Sparks offers a fascinating premise and the potential for thought-provoking"
370,tt1837709,255,"['8', '6', '7', '9', '4', '5', '7', '9', '8', '6']","['tt1677561', 'tt4073952', 'tt2493486', 'tt1837709', 'tt1349482', 'tt1978532', 'tt2429074', 'tt2404425', 'tt2962876', 'tt1234721']",301," I choose this movie because it received a high rating of 9, which suggests that it is likely to be a captivating and enjoyable film. Additionally, the plot description intrigues me with its blend of fantasy, romance, and mystery. I am curious to explore the themes of imagination, love, and the unraveling of life's mysteries in the backdrop of a wintry New York City."
371,tt1596365,106,"['2', '1', '3', '2', '4', '3', '5', '2', '4', '1', '4']","['tt4796122', 'tt2828996', 'tt1596365', 'tt4094724', 'tt1441395', 'tt3067274', 'tt2581244', 'tt2140423', 'tt0816711', 'tt3899796', 'tt0905372']",571," I choose this movie because I have previously rated it with a 3, which is higher than my ratings for ""Satanic"" (2), ""A Haunted House 2"" (1), ""The Purge: Election Year"" (2), ""The Editor"" (3), ""Life After Beth"" (5), ""Sorrow"" (2), ""World War Z"" (4), and"
372,tt3181822,136,"['6', '3', '7', '8', '4', '9', '7', '5', '6', '8']","['tt1837709', 'tt2382009', 'tt1957938', 'tt2076220', 'tt3181822', 'tt1650062', 'tt1401152', 'tt1712170', 'tt2044801', 'tt1216491']",244,""" While it may not have received the highest rating, I am intrigued by the plot of a seemingly innocent flirtation turning into a dangerous obsession. The idea of exploring the consequences and suspense surrounding this situation appeals to me."
373,tt0816692,459,"['6', '4', '3', '8', '7', '9', '5', '2', '6', '9', '7']","['tt2493486', 'tt1349482', 'tt2429074', 'tt0816692', 'tt2962876', 'tt1677561', 'tt1234721', 'tt4073952', 'tt1978532', 'tt2404425', 'tt1837709']",240," Additionally, I am intrigued by the plot which involves interstellar travel and the search for a habitable planet. The concept of exploring the unknown and the potential for the survival of humanity adds an element of excitement and curiosity to the movie."
374,tt5368354,233,"['7', '6', '8', '9', '5', '7', '9', '6', '8', '7']","['tt2065968', 'tt2883512', 'tt1924273', 'tt2756032', 'tt5368354', 'tt1666801', 'tt1478964', 'tt1462769', 'tt3553442', 'tt1715873']",137," I choose this movie because it has a rating of 5, which is the lowest among the movies I have rated so far. I want to watch it because I am curious to see if my initial impression matches the rating and if there are any redeeming qualities that might make it more enjoyable than expected."
375,tt2014338,531,"['6', '4', '7', '8', '3', '9', '10', '7', '5', '9']","['tt1091863', 'tt4393514', 'tt3327994', 'tt3626804', 'tt1972663', 'tt2014338', 'tt5804038', 'tt2246565', 'tt1999192', 'tt6769208']",268," I choose this movie because I have a strong interest in the history and evolution of filmmaking. The documentary explores the transition from traditional photochemical film to digital filmmaking and the impact it has had on the industry. As someone who appreciates both the artistry and technical aspects of filmmaking, I am excited to learn more about the experiences and perspectives of directors, cinematographers, and other professionals in the field."
376,tt2883512,89,"['2', '4', '3', '3', '4', '5', '1', '2', '4', '5', '4', '5']","['tt1935929', 'tt1430607', 'tt1397514', 'tt1666801', 'tt1650043', 'tt1478964', 'tt4877122', 'tt2828996', 'tt2546038', 'tt2883512', 'tt3553442', 'tt1588173']",292," The story follows a talented chef who faces professional setbacks but finds a new passion and connection with his family through a food truck journey across America. I am interested in watching this movie because it combines elements of food, travel, and personal growth, which I find appealing."
377,tt1588173,334,"['7', '6', '8', '9', '7', '8', '6', '9', '5', '10', '8']","['tt1650043', 'tt1715873', 'tt1430607', 'tt3553442', 'tt1478964', 'tt1924273', 'tt4651520', 'tt2546038', 'tt5368354', 'tt1588173', 'tt2065968']",538," I choose this movie because I have enjoyed watching movies with unique and unconventional storylines. ""Warm Bodies"" offers a fresh take on the zombie genre by exploring the possibility of a zombie regaining his humanity and forming a connection with a human. The plot seems intriguing and I am curious to see how the relationship between R and Julie unfolds, as well as how they navigate the challenges they face."
378,tt1430607,443,"['6', '4', '8', '2', '7', '5', '9', '10', '3', '1', '9']","['tt1302011', 'tt1216475', 'tt2096673', 'tt4009460', 'tt2100546', 'tt2112281', 'tt3874544', 'tt1430607', 'tt1935929', 'tt4877122', 'tt1865505']",237," I would choose this movie because it received a rating of 10, which is the highest among the movies I have rated so far. Additionally, the plot of Arthur Christmas seems intriguing and unique, offering a fresh perspective on how Santa delivers presents. The focus on family dynamics and the mission that Arthur must complete before Christmas morning also adds to the appeal of the movie."
379,tt1865505,475,"['8', '7', '6', '9', '10', '5', '7', '6', '9', '6']","['tt1302011', 'tt1430607', 'tt1620680', 'tt1865505', 'tt0970179', 'tt2112281', 'tt1216475', 'tt3874544', 'tt2096673', 'tt2100546']",235," Additionally, I am intrigued by the plot of the movie, which involves Irish and Scottish legends, fairy creatures, and a journey to the sea. It seems like a unique and enchanting story that I would enjoy watching."
380,tt1430607,1,"['1', '4', '7', '6', '2', '9', '8', '3', '5', '4', '7']","['tt4009460', 'tt1666801', 'tt1588173', 'tt3553442', 'tt1935929', 'tt1478964', 'tt1430607', 'tt2828996', 'tt1397514', 'tt4877122', 'tt2546038']",298, I choose this movie because it has a high rating of 8 and the plot seems interesting and heartwarming. The idea of exploring the behind-the-scenes operation of Santa Claus and following the story of Arthur on a mission before Christmas morning sounds like an enjoyable and festive watch.
381,tt2883512,258,"['7', '6', '8', '9', '5', '9', '8', '7', '4', '6', '3']","['tt1666801', 'tt1715873', 'tt4651520', 'tt2883512', 'tt1397514', 'tt1588173', 'tt1478964', 'tt3553442', 'tt4877122', 'tt1650043', 'tt2828996']",120," I would choose this movie because it received a high rating of 9, indicating that it is likely to be a well-made and enjoyable film. Additionally, the plot of a chef rediscovering his passion for cooking and finding a deeper connection with his life and family sounds intriguing and heartwarming."
382,tt1234721,70,"['2', '3', '4', '7', '6']","['tt0089538', 'tt1349482', 'tt1978532', 'tt1234721', 'tt2429074']",1," I choose this movie because it has a rating of 7, which is the highest among the movies I have rated so far. Additionally, I am intrigued by the futuristic concept of a part-man, part-robot police officer and the moral dilemma it presents. I am interested to see how the movie explores the idea of justice and the human element within a technological world."
383,tt1430607,12,"['1', '2', '4', '3', '5', '4', '1', '3', '2', '1']","['tt4877122', 'tt4126340', 'tt2883512', 'tt2546038', 'tt1430607', 'tt1588173', 'tt4009460', 'tt1397514', 'tt2828996', 'tt1935929']",61," I choose this movie because it has a rating of 5, which is the highest among the movies I have rated."
384,tt1865505,238,"['7', '8', '2', '6', '3', '4', '9', '5', '10', '9', '6', '7', '8', '7', '6', '8', '9', '10']","['tt2235542', 'tt2112281', 'tt4009460', 'tt3231054', 'tt1935929', 'tt4877122', 'tt1430607', 'tt5480340', 'tt1302011', 'tt2096673', 'tt5184298', 'tt1429433', 'tt1216475', 'tt3874544', 'tt2100546', 'tt1402488', 'tt2452042', 'tt1865505']",384," Additionally, the plot of the movie intrigues me as it combines elements of Irish and Scottish legends, selkies, and the journey to free fairy creatures. I am drawn to the magical and mythical aspects of the story, and I believe it will provide a unique and enchanting viewing experience."
385,tt3896198,91,"['7', '9', '6', '3', '8', '10', '5', '4', '7', '2']","['tt1620680', 'tt3778644', 'tt1397514', 'tt1267299', 'tt4547056', 'tt3896198', 'tt1698647', 'tt4464394', 'tt3480796', 'tt3899796']",337," 2"" (imdbID: tt3896198) because it received a rating of 10, which is the highest among the movies I have viewed. Additionally, I am a fan of the Marvel Cinematic Universe and enjoy the humor, action, and character dynamics in the Guardians of the Galaxy franchise."
386,tt0816692,418,"['7', '4', '8', '6', '9', '7', '5', '6', '9', '7', '10', '8', '3', '10', '9', '7', '8', '9']","['tt0114709', 'tt2548208', 'tt2404425', 'tt4324274', 'tt1234721', 'tt2172934', 'tt1349482', 'tt1978532', 'tt4299972', 'tt2429074', 'tt2278388', 'tt2493486', 'tt0089538', 'tt0816692', 'tt1631867', 'tt1837709', 'tt1677561', 'tt2962876']",95," The plot of humanity's struggle for survival and the journey through space to find a new habitable planet is intriguing. Additionally, the film has received high ratings and positive reviews, indicating that it is a well-crafted and engaging movie."
387,tt0993842,482,"['7', '6', '8', '3', '9', '7', '5', '9', '10', '8', '4', '9', '6']","['tt1670345', 'tt1401152', 'tt1682180', 'tt3973198', 'tt1974419', 'tt1599348', 'tt2382009', 'tt0993842', 'tt2338151', 'tt1216491', 'tt3067274', 'tt2076220', 'tt1600195']",452," I choose this movie because it has a high rating of 9, indicating that it is well-regarded by viewers. Additionally, the plot of a teenage girl with exceptional skills navigating a dangerous world intrigues me and aligns with my previous preferences for action and suspense."
388,tt0816692,94,"['4', '3', '5', '2', '4', '3', '2', '5', '3', '5', '4', '2', '4', '2', '5', '3', '4']","['tt2278388', 'tt2404425', 'tt1677561', 'tt2493486', 'tt4324274', 'tt1234721', 'tt1978532', 'tt2962876', 'tt2548208', 'tt0816692', 'tt4073952', 'tt1349482', 'tt1837709', 'tt0089538', 'tt0114709', 'tt2172934', 'tt2429074']",528," I choose this movie because it has a rating of 5, which indicates that I enjoyed it the most out of all the movies I rated. Additionally, the plot of ""Interstellar"" is intriguing and captivating, as it explores the concept of interstellar travel and the struggle for humanity's survival. The movie combines elements of science fiction, adventure, and emotional storytelling, making it a compelling choice for me to watch."
389,tt1430607,15,"['7', '4', '8', '2', '6', '3', '9', '5', '7', '4']","['tt1397514', 'tt4126340', 'tt2546038', 'tt4009460', 'tt2828996', 'tt1935929', 'tt1430607', 'tt4877122', 'tt1243974', 'tt1798603']",145," Additionally, the plot description of the movie intrigues me as it explores the concept of how Santa delivers presents in one night and focuses on a family's comic dysfunction. I am also drawn to the idea of an unlikely hero, Arthur, with an urgent mission to complete before Christmas morning. Overall, ""Arthur Christmas"" seems like"
390,tt2883512,370,"['7', '6', '8', '7', '6', '5', '9', '8', '7', '9', '8', '9', '10', '9', '3', '4']","['tt1924273', 'tt3553442', 'tt2546038', 'tt1650043', 'tt1397514', 'tt5368354', 'tt1462769', 'tt1666801', 'tt2756032', 'tt1430607', 'tt2065968', 'tt1588173', 'tt2883512', 'tt1478964', 'tt4877122', 'tt2828996']",429," I choose this movie because it has a rating of 10, which indicates that it is highly enjoyable and well-received. Additionally, the plot of the movie about a renowned chef rediscovering his passion for cooking and finding a deeper connection with his family resonates with me. The idea of embarking on a journey, both physically and metaphorically, to pursue one's passion and create a better life is inspiring."
391,tt1430607,9,"['2', '1', '3', '1', '2', '4', '3', '5', '4', '5']","['tt4877122', 'tt4009460', 'tt1715873', 'tt1935929', 'tt2828996', 'tt1397514', 'tt2546038', 'tt1478964', 'tt3553442', 'tt1430607']",414," I choose this movie because it has a rating of 5, which is the highest among the movies I have viewed. Additionally, the plot of the movie sounds interesting as it explores the behind-the-scenes operation of Santa Claus delivering presents and also focuses on a family's comedic dysfunction. Overall, it seems like a heartwarming and entertaining film to watch."
392,tt2911666,503,"['8', '7', '9', '10', '6', '4', '10', '5', '9', '8', '7', '6', '9']","['tt2025690', 'tt3247714', 'tt0790724', 'tt4912910', 'tt2059171', 'tt3732950', 'tt2911666', 'tt5254868', 'tt3062096', 'tt1600196', 'tt1829012', 'tt3480796', 'tt5362988']",359," I choose this movie because it has received a rating of 10, which indicates that it is highly regarded. Additionally, I have previously rated action movies like ""Mission: Impossible - Fallout"" and ""Inferno"" very highly, and ""John Wick"" falls into the same genre. The plot of a retired assassin seeking revenge is intriguing, and the positive ratings and reviews suggest that it is an intense and well-executed action"
393,tt1825683,5,"['6', '3', '7', '2', '8', '9', '4', '5', '9', '6', '10', '8', '9']","['tt1267299', 'tt4831420', 'tt1397514', 'tt3899796', 'tt5487524', 'tt3498820', 'tt1815862', 'tt4464394', 'tt1446714', 'tt3480796', 'tt1825683', 'tt3922818', 'tt3896198']",142," I choose this movie because it has a rating of 10, which indicates that it is highly recommended. Additionally, the plot description of the film intrigues me, as it combines elements of action, adventure, and a unique cultural perspective. I am particularly interested in the exploration of the technologically advanced African nation of Wakanda and the challenges faced by the protagonist, T'Challa. Overall, ""Black Panther"" seems"
394,tt1462769,244,"['7', '6', '8', '4', '9', '5', '9', '7', '6', '8', '9', '8']","['tt3210686', 'tt3231054', 'tt2347134', 'tt2528814', 'tt1430607', 'tt5368354', 'tt1462769', 'tt2756032', 'tt0479997', 'tt2025690', 'tt2042568', 'tt5555502']",388," I choose this movie because it has a unique and heartwarming storyline about a couple who unexpectedly becomes parents to a magical child. The plot promises to explore themes of love, family, and the joys and challenges of parenthood. Given my previous preferences for movies with emotional depth and touching stories, ""The Odd Life of Timothy Green"" seems like a perfect choice that will resonate with me."
395,tt1935859,523,"['8', '7', '9', '10', '6', '3', '9', '4', '5', '8']","['tt2576852', 'tt3564794', 'tt2061702', 'tt2338151', 'tt1462769', 'tt2404233', 'tt1935859', 'tt2379386', 'tt2381991', 'tt1839492']",493," I choose this movie because I have previously rated it with a high score of 9. I am intrigued by the concept of a mysterious home for children with peculiar abilities and the adventure that unfolds as the protagonist discovers his own special power. The combination of fantasy, mystery, and the bond between the characters makes it an appealing choice for me."
396,tt1441395,104,"['2', '3', '4', '5', '1', '3', '2', '2', '3', '4', '3', '5', '4', '1', '2', '3']","['tt3099498', 'tt4126568', 'tt1596365', 'tt1714915', 'tt3899796', 'tt3067274', 'tt3732950', 'tt4796122', 'tt4464394', 'tt2140423', 'tt4094724', 'tt1441395', 'tt0905372', 'tt3201722', 'tt2828996', 'tt3705412']",407," I choose this movie because it received a rating of 5, which is the highest rating I have given so far. Additionally, the plot description of an alien entity discovering its humanity and the consequences that follow intrigues me. I am interested in exploring the themes of identity and self-discovery portrayed in the film."
397,tt1216475,290,"['7', '6', '5', '8', '4', '9', '10', '7', '8', '9', '6']","['tt2474024', 'tt4324274', 'tt2134170', 'tt2679042', 'tt4592572', 'tt1216475', 'tt1691917', 'tt3210686', 'tt1473832', 'tt1690953', 'tt2180411']",319," I choose this movie because I enjoyed the first ""Cars"" movie and I am a fan of animated films. The plot of ""Cars 2"" seems exciting and different, with the addition of international espionage and mystery. It promises to be an entertaining and thrilling watch."
398,tt1677561,375,"['9', '7', '4', '6', '8', '7', '9', '5', '8', '9', '3']","['tt0816692', 'tt2493486', 'tt2429074', 'tt4073952', 'tt2962876', 'tt1234721', 'tt1677561', 'tt1978532', 'tt1837709', 'tt2404425', 'tt1349482']",550," Additionally, the plot of ""Colorful"" intrigues me with its exploration of life's mysteries and the concept of second chances. I am drawn to the idea of uncovering the secrets of the past and the complexities of the human experience."
399,tt1865505,238,"['6', '7', '2', '8', '4', '3', '9', '5', '8', '10', '7', '6', '7', '9', '8', '7', '9', '10']","['tt2235542', 'tt2112281', 'tt4009460', 'tt3231054', 'tt1935929', 'tt4877122', 'tt1430607', 'tt5480340', 'tt1302011', 'tt2096673', 'tt5184298', 'tt1429433', 'tt1216475', 'tt3874544', 'tt2100546', 'tt1402488', 'tt2452042', 'tt1865505']",334," I choose this movie because it has a unique and enchanting plot that explores Irish and Scottish legends. The idea of selkies and their transformation from seals into people is fascinating. Additionally, the theme of freeing fairy creatures trapped in the modern world adds an element of adventure and magic. Considering my previous preferences for animated movies and stories with imaginative elements, ""Song of the Sea"" aligns well with my interests"
400,tt2404425,409,"['5', '4', '3', '2', '4', '3', '2', '5', '3', '4', '5']","['tt2429074', 'tt0816692', 'tt1837709', 'tt1349482', 'tt2962876', 'tt2493486', 'tt1978532', 'tt1677561', 'tt1234721', 'tt4073952', 'tt2404425']",211," I choose this movie because it tackles a compelling and important historical subject matter, focusing on the restitution of stolen art during World War II. The story of Maria Altmann's fight for justice and reclaiming her family's stolen painting from the Nazis resonates with me. Additionally, the presence of acclaimed actress Helen Mirren in the lead role adds to the appeal of the film."
401,tt2828996,2,"['2', '3', '4', '2', '3', '3', '2', '4', '3', '4', '3']","['tt4831420', 'tt4796122', 'tt1727776', 'tt3899796', 'tt2140423', 'tt3732950', 'tt2828996', 'tt2274570', 'tt4464394', 'tt4348012', 'tt4126568']",300," I choose this movie because I enjoy horror-comedy films and I liked the first installment of this series. I am in the mood for some laughs and scares, and I think this movie will provide that combination for me."
402,tt1234721,251,"['8', '6', '7', '9', '10', '8', '5', '7', '9', '6']","['tt2404425', 'tt1978532', 'tt2493486', 'tt1234721', 'tt1677561', 'tt2962876', 'tt1349482', 'tt2429074', 'tt1837709', 'tt4073952']",540," I choose this movie because it received the highest rating of 9 among the movies I have viewed so far. Additionally, I am intrigued by the futuristic setting and the concept of a part-man, part-robot police officer. The plot seems to explore themes of justice and the balance between man and machine. Overall, I believe ""RoboCop"" would provide an entertaining and thought"
403,tt2404425,254,"['7', '6', '3', '8', '9', '5', '7', '6', '4', '9']","['tt1978532', 'tt2962876', 'tt1349482', 'tt2429074', 'tt1677561', 'tt1837709', 'tt2493486', 'tt1234721', 'tt4073952', 'tt2404425']",9," Additionally, the plot of the movie resonates with me as it explores themes of justice, historical restitution, and the impact of World War II. I am particularly interested in stories that shed light on the atrocities committed during that time and the efforts to right the wrongs. Therefore, ""Woman in Gold"" is my chosen"
404,tt3553442,248,"['4', '2', '3', '5', '1', '4', '3', '4', '2', '1', '5']","['tt2828996', 'tt1397514', 'tt1430607', 'tt2883512', 'tt4009460', 'tt1478964', 'tt1666801', 'tt1588173', 'tt1650043', 'tt4877122', 'tt3553442']",153," I choose this movie because it has a rating of 5, which is the highest among the movies I have rated so far. Additionally, the plot of the movie intrigues me as it explores the challenges and experiences of a news reporter in a war-torn country. I am interested in the portrayal of the protagonist's personal and professional growth in such a challenging environment."
405,tt4116284,294,"['6', '4', '3', '7', '5', '8', '9', '7', '10\n\nReason for selection: I would like to watch ""The Lego Batman Movie"" because it offers a unique and entertaining take on the Batman character. The movie combines humor, action, and a lighthearted tone, which I find appealing. Additionally, the idea of Batman having to learn to work with others and lighten up adds an interesting dynamic to the story. Overall, I believe this movie will provide an enjoyable and entertaining experience.', '9']","['tt0803096', 'tt1428538', 'tt1496025', 'tt1618442', 'tt1502404', 'tt2802144', 'tt2267968', 'tt4853102', 'tt4116284', 'tt1232829']",85," I choose this movie because it offers a unique and entertaining take on the Batman character, combining humor, action, and a lighthearted tone. The idea of Batman having to learn to work with others and lighten up adds an interesting dynamic to the story. Overall, I believe this movie will provide an enjoyable and entertaining experience."
406,tt1840309,292,"['6', '3', '8', '4', '7', '9', '7', '5', '9', '8']","['tt1397514', 'tt2379386', 'tt1192628', 'tt2404233', 'tt1509767', 'tt3922818', 'tt0401729', 'tt3416828', 'tt1840309', 'tt1355638']",591," Additionally, the plot of the movie, set in a futuristic dystopia where individuals must choose their factions, intrigues me. The concept of being Divergent and not fitting into any one group adds an extra layer of complexity to the story. I am interested in seeing how the protagonist, Tris,"
407,tt2209418,152,"['8', '6', '7', '4', '9', '5', '10', '2', '10', '9', '6']","['tt1473832', 'tt1067774', 'tt2870808', 'tt2073520', 'tt2053425', 'tt1540128', 'tt1748122', 'tt4465564', 'tt2209418', 'tt1441952', 'tt1710417']",312," Additionally, I have previously rated movies that involve romance and relationships quite highly, such as ""Bridget Jones's Baby"" and ""Rust and Bone."" ""Before Midnight"" continues the story of Jesse and Celine, a couple I have grown invested in since their first meeting in ""Before Sunrise."" I am curious to see how"
408,tt0816692,438,"['8', '3', '7', '9', '6', '4', '5', '8', '7', '2', '10', '9', '8', '9', '6', '7', '8', '9']","['tt2278388', 'tt1837709', 'tt2962876', 'tt0114709', 'tt1978532', 'tt0089538', 'tt2429074', 'tt1234721', 'tt2548208', 'tt1349482', 'tt0816692', 'tt2404425', 'tt4299972', 'tt1631867', 'tt4073952', 'tt2172934', 'tt2493486', 'tt1677561']",247," I choose this movie because it has a rating of 10, which indicates that it is highly regarded. Additionally, I am intrigued by the plot of Earth's future, interstellar travel, and the exploration of new planets. The idea of a man pursuing justice inside a machine adds an interesting twist to the story. Overall, ""Interstellar"" seems like a captivating and thought-provoking movie that I would enjoy watching."
409,tt2883512,372,"['8', '7', '6', '9', '8', '7', '5', '3', '10', '2']","['tt1478964', 'tt1430607', 'tt1666801', 'tt3553442', 'tt1588173', 'tt2546038', 'tt1650043', 'tt4877122', 'tt2883512', 'tt1935929']",538," I choose this movie because it has a rating of 10, which indicates that it is highly regarded. Additionally, the plot of the movie is intriguing, as it tells the story of a chef who rediscovers his passion for cooking and finds a deeper connection with his life and family. This theme of self-discovery and pursuing one's passion resonates with me, making ""Chef"" a compelling choice to watch."
410,tt1631867,395,"['4', '3', '2', '8', '5', '6', '9', '7', '1', '10', 'I rate The Grand Budapest Hotel a 9.', 'I rate Last Knights a 6.', 'I rate Bring It On: Fight to the Finish a 4.', 'I rate Woman in Gold a 9.', 'I rate G.B.F. a 7.', ""I rate Winter's Tale a 8."", 'I rate The Road Within a 7.', 'I rate Interstellar a 10.']","['tt2172934', 'tt0089538', 'tt4073952', 'tt1631867', 'tt1978532', 'tt2548208', 'tt0114709', 'tt1234721', 'tt4299972', 'tt1677561', 'tt2278388', 'tt2493486', 'tt1349482', 'tt2404425', 'tt2429074', 'tt1837709', 'tt2962876', 'tt0816692']",388," It received a rating of 8, which is the highest among the rated movies. Additionally, the plot of the movie, involving a time loop and a battle against aliens, seems intriguing and action-packed. The combination of a high rating and an interesting plot makes ""Edge of Tomorrow"" my choice."
411,tt1855199,449,"['6', '7', '8', '9', '7', '6', '9']","['tt2044801', 'tt5184298', 'tt2494362', 'tt3205376', 'tt2231253', 'tt2293640', 'tt1855199']",40," Additionally, I am drawn to the intense and gritty nature of the plot, focusing on the experiences of street cops in South Central Los Angeles. The exploration of the power struggles between different gangs and the internal dynamics within the LAPD adds depth to the story. Overall, ""End of Watch"" promises to be a thrilling and thought"
412,tt1430607,15,"['7', '3', '8', '2', '6', '4', '9', '1', '7', '5']","['tt1397514', 'tt4126340', 'tt2546038', 'tt4009460', 'tt2828996', 'tt1935929', 'tt1430607', 'tt4877122', 'tt1243974', 'tt1798603']",485," I chose this movie because it has a high rating of 9, indicating that it is likely to be enjoyable. The plot description also sounds interesting, with a unique take on the story of Santa Claus and a focus on family dynamics. I am intrigued by the idea of exploring the behind-the-scenes operations of Santa's delivery system and following the journey of the unlikely hero, Arthur."
413,tt0114709,548,"['7', '6', '8', '9', '7', '6', '8', '10', '9', '5']","['tt4073952', 'tt1631867', 'tt0816692', 'tt1677561', 'tt2404425', 'tt2962876', 'tt4299972', 'tt0114709', 'tt2278388', 'tt4324274']",484," I choose this movie because it has a perfect rating of 10 and is a classic animated film that has captivated audiences of all ages. The story of toys coming to life when humans are not around is imaginative and heartwarming. Additionally, the themes of friendship, loyalty, and overcoming jealousy resonate with me. Overall, ""Toy Story"" is a timeless movie that I am excited to watch and enjoy."
414,tt1748122,302,"['7', '6', '8', '9', '5', '4', '9', '7', '6', '8', '9', '8']","['tt2034031', 'tt2091935', 'tt2870808', 'tt1748122', 'tt5368354', 'tt1540128', 'tt2209418', 'tt1937118', 'tt4513674', 'tt2073520', 'tt1714915', 'tt2756032']",18," Additionally, I am drawn to the unique plot set in the 1960s and the idea of young love and adventure. The description of the town being turned upside down adds an element of excitement and curiosity. Overall, ""Moonrise Kingdom"" seems like a charming and captivating film that I am eager to watch."
415,tt3521164,472,"['4', '2', '3', '5', '1', '4', '2', '3', '5', '4']","['tt1430626', 'tt3416828', 'tt5184298', 'tt1690953', 'tt4877122', 'tt1430607', 'tt1402488', 'tt5480340', 'tt3521164', 'tt3262342']",428," Additionally, I have a preference for animated movies and the plot of ""Moana"" sounds intriguing, with a strong female protagonist embarking on an epic journey to save her island. The movie is also based on Polynesian mythology, which adds an interesting cultural aspect. Overall, ""Moana"" seems like an entertaining and visually stunning film that I would enjoy"
416,tt0816692,305,"['8', '6', '7', '9', '5', '8', '7', '9', '9', '10', '6', '8', '10']","['tt4299972', 'tt2429074', 'tt4073952', 'tt1677561', 'tt1349482', 'tt1234721', 'tt1978532', 'tt2493486', 'tt2404425', 'tt0114709', 'tt1837709', 'tt2962876', 'tt0816692']",441," Additionally, I am intrigued by the concept of interstellar travel and the exploration of new planets that could potentially sustain human life. The plot of the movie, which involves Earth's future and the possibility of mankind's survival, appeals to my interest in science fiction and the unknown."
417,tt2345759,1,"['2', '3', '4', '6', '7', '8']","['tt4009460', 'tt2528814', 'tt3832914', 'tt1600195', 'tt5254868', 'tt2345759']",162, I choose this movie because I enjoy action-packed films with a touch of supernatural elements. The plot of an ancient princess awakening in the modern world and unleashing chaos intrigues me. I am excited to see how the protagonist deals with the malevolence and terrors that defy human comprehension.
418,tt2404425,267,"['7', '4', '6', '5', '8', '9', '7', '6', '5']","['tt1677561', 'tt2429074', 'tt4073952', 'tt1349482', 'tt2962876', 'tt2404425', 'tt1234721', 'tt1837709', 'tt1978532']",185," I choose this movie because it has the highest rating among the movies I have viewed so far, with a rating of 9. Additionally, the plot of the movie seems intriguing and meaningful, as it revolves around seeking justice for art theft during World War II. I am interested in historical dramas and stories of resilience, so ""Woman in Gold"" aligns well with my preferences."
419,tt3262342,444,"['7', '6', '4', '8', '9', '7', '10', '8', '9', '8']","['tt1091191', 'tt2756032', 'tt5368354', 'tt1462769', 'tt4193394', 'tt2094064', 'tt3262342', 'tt5555502', 'tt2025690', 'tt2042568']",416," I rated it a 10 because it offers a unique and visually stunning experience. The movie explores the life and art of Vincent van Gogh in a way that is both captivating and thought-provoking. The hand-painted animation style used in the film is truly remarkable and adds an extra layer of depth to the storytelling. As someone who appreciates art and the works of van Gogh, I am excited"
420,tt2660888,333,"['2', '3', '4', '5', '4', '5', '4', '5', '3', '5', '3', '4', '4', '2', '3', '3', '4', '2', '5', '4', '3', '2', '5']","['tt4464394', 'tt1620680', 'tt1298554', 'tt5544384', 'tt3498820', 'tt3922818', 'tt4547056', 'tt3896198', 'tt1397514', 'tt1631867', 'tt4788944', 'tt3778644', 'tt1446714', 'tt3480796', 'tt1698647', 'tt1815862', 'tt2231461', 'tt4831420', 'tt2660888', 'tt5487524', 'tt1267299', 'tt3899796', 'tt1825683']",443," Additionally, I have previously rated other movies from the ""Star Trek"" franchise highly, indicating a preference for this type of storytelling. The plot of ""Star Trek Beyond"" also intrigues me with its exploration of unknown planets, battles against formidable enemies, and the resilience and unity of the crew. Overall, it seems"
421,tt2802144,287,"['7', '6', '8', '5', '9', '7', '8', '6', '9', '8', '7']","['tt1232829', 'tt5607028', 'tt1502404', 'tt0803096', 'tt1428538', 'tt1618442', 'tt4116284', 'tt1496025', 'tt2802144', 'tt4853102', 'tt2267968']",577," I choose this movie because it has a high rating of 9 and I enjoyed the action-packed plot and the intriguing concept of a secret organization of spies. The film also features a great performance by Colin Firth and offers a unique blend of humor, style, and thrilling action sequences. Overall, it seems like a movie that will keep me entertained and engaged throughout."
422,tt1677561,115,"['6', '4', '7', '8', '3', '9', '5', '7', '10', '8', '2', '1', '9', '10']","['tt2404425', 'tt4324274', 'tt1234721', 'tt2172934', 'tt4073952', 'tt2962876', 'tt1978532', 'tt2429074', 'tt1677561', 'tt2493486', 'tt1349482', 'tt0089538', 'tt2548208', 'tt1837709']",589," I choose this movie because it has a unique and intriguing plot that explores themes of redemption, self-discovery, and the complexities of life. The concept of a soul being given a second chance and having to uncover the secrets of its past life and the reasons behind someone's suicide is thought-provoking. Additionally, the exploration of the different shades of grey and colors in the real world adds depth to the story. Overall,"
423,tt2125666,481,"['7', '6', '8', '9', '7', '8', '9', '7', '8', '9']","['tt1714917', 'tt3270538', 'tt1417592', 'tt2304915', 'tt1605782', 'tt3626804', 'tt1091863', 'tt1559038', 'tt1223236', 'tt2125666']",119," I choose this movie because it offers a fascinating insight into the consequences of the economic crisis and the downfall of excessive wealth. As someone who values thought-provoking documentaries, this film appeals to my interest in exploring the impact of financial instability on individuals and society. Additionally, the story of the Siegel family's struggle to adapt to a new reality and redefine their values resonates with me."
424,tt1631867,54,"['4', '2', '5', '3', '5', '7', '8', '9', '6']","['tt0089538', 'tt2429074', 'tt1234721', 'tt1349482', 'tt1631867', 'tt2278388', 'tt4299972', 'tt0114709', 'tt1978532']",273," I would choose this movie because I enjoy action-packed sci-fi films, and the concept of a time loop and the protagonist gaining skills with each repetition sounds intriguing. Additionally, the presence of Tom Cruise and Emily Blunt in the lead roles adds to the appeal."
425,tt2025690,62,"['6', '4', '8', '7', '9', '10', '2', '5', '8', '7', '9']","['tt2134170', 'tt3732950', 'tt4126568', 'tt3247714', 'tt1886493', 'tt2025690', 'tt3181822', 'tt3480796', 'tt5254868', 'tt1829012', 'tt1600196']",259," I choose this movie because I am intrigued by survival stories, especially those based on true events. The plot of the movie, where a small group of Coast Guard members brave treacherous conditions to rescue stranded sailors, sounds thrilling and inspiring. I am eager to watch the bravery and determination of the characters unfold as they face extreme challenges and work together to save lives."
426,tt2025690,380,"['8', '4', '7', '9', '6', '5', '8', '6', '7', '9']","['tt2911666', 'tt1865393', 'tt2059171', 'tt2025690', 'tt4912910', 'tt4471456', 'tt0790724', 'tt2450186', 'tt3973198', 'tt4547056']",391," I choose this movie because I am drawn to stories of bravery and survival in extreme conditions. The plot of the movie, which revolves around a daring rescue mission during a severe storm, intrigues me and I am interested to see how the characters navigate through the challenges they face. Additionally, the fact that it is based on a true story adds an extra layer of significance to the film."
427,tt2883512,325,"['8', '6', '7', '9', '3', '5', '8', '9', '4', '2', '10', '7', '9', '8']","['tt2546038', 'tt1397514', 'tt1666801', 'tt2756032', 'tt4877122', 'tt5368354', 'tt1924273', 'tt1588173', 'tt2828996', 'tt1935929', 'tt2883512', 'tt1462769', 'tt1478964', 'tt3553442']",48," I choose this movie because it received a rating of 10, which indicates that it was highly enjoyable and well-received. Additionally, the plot of ""Chef"" revolves around a chef rediscovering his passion for cooking and embarking on a journey of self-discovery and family connection. As someone who appreciates heartwarming and inspiring stories, this movie seems like a great choice."
428,tt1825683,336,"['6', '3', '7', '8', '4', '9', '10', '5', '7', '9']","['tt1397514', 'tt1698647', 'tt5480340', 'tt1840309', 'tt1355638', 'tt2017561', 'tt1825683', 'tt2381991', 'tt0401729', 'tt3922818']",20," I choose this movie because it has the highest rating among the movies I have viewed, and it is a highly acclaimed superhero film with a compelling storyline and strong performances. Additionally, ""Black Panther"" explores themes of identity, responsibility, and the clash of cultures, which I find intriguing."
429,tt1600195,10,"['5', '3', '2', '4', '3', '1', '4']","['tt1615918', 'tt0401729', 'tt1600195', 'tt1667353', 'tt1710396', 'tt3899796', 'tt4191054']",107, I choose this movie because I enjoy suspenseful thrillers and the plot of a teenager discovering he may have been adopted and being hunted down by criminals and the CIA intrigues me.
430,tt1596365,210,"['7', '4', '3', '2', '6', '8', '5', '7', '9', '8', '10']","['tt0816711', 'tt2581244', 'tt2274570', 'tt3099498', 'tt2140423', 'tt1441395', 'tt4094724', 'tt1727776', 'tt0905372', 'tt4348012', 'tt1596365']",413," I choose this movie because I have a strong preference for horror films, and the plot of a haunted house and vengeful ghost intrigues me. Additionally, I enjoy movies with suspenseful atmospheres and psychological elements, which ""The Woman in Black"" seems to offer."
431,tt3778644,105,"['7', '6', '4', '8', '5', '9', '3', '7', '6', '2', '9', '8']","['tt4116284', 'tt3402236', 'tt0472181', 'tt2660888', 'tt1234719', 'tt3778644', 'tt4651410', 'tt0825283', 'tt1829012', 'tt3099498', 'tt2546038', 'tt3564794']",5," I choose this movie because I am a fan of the Star Wars franchise and I enjoy the adventure and excitement that comes with it. Additionally, the plot of Solo: A Star Wars Story, focusing on the origin story of Han Solo and his encounters with iconic characters like Chewbacca and Lando Calrissian, intrigues me. I am excited to see how the story unfolds and learn more about the beloved"
432,tt2404435,490,"['8', '7', '6', '5', '8', '7', '6', '9', '7', '5', '8']","['tt1853728', 'tt3460252', 'tt3205376', 'tt1210819', 'tt1853728', 'tt2494362', 'tt0409847', 'tt2404435', 'tt3460252', 'tt1648190', 'tt1192628']",108," I choose this movie because it has the highest rating among the movies I have viewed so far, and it aligns with my preference for action and adventure. Additionally, the plot of the movie, where a group of outlaws and mercenaries come together to protect a town from a powerful enemy, sounds exciting and engaging."
433,tt1837709,344,"['4', '3', '6', '2', '7', '9', '8', '5', '8']","['tt2429074', 'tt2962876', 'tt1234721', 'tt4073952', 'tt1978532', 'tt1837709', 'tt2404425', 'tt1349482', 'tt1677561']",102," I choose this movie because it received a high rating of 9 from me, indicating that I found it to be a very enjoyable and captivating film. The plot description of a love story set in a magical and imaginative version of New York City intrigued me, and the idea of a man falling in love with a dying woman added an extra layer of depth and emotion to the story. I am drawn to movies that explore themes"
434,tt2017561,228,"['6', '3', '8', '7', '9', '8', '5', '7', '9', '8', '4', '7', '6', '9', '7', '8']","['tt1815862', 'tt1429433', 'tt1201607', 'tt5607028', 'tt2017561', 'tt1840309', 'tt0401729', 'tt1302011', 'tt2065968', 'tt3922818', 'tt2404233', 'tt1509767', 'tt1698647', 'tt1192628', 'tt5480340', 'tt1355638']",532," I rated it 9, which indicates that I highly enjoyed the movie. I am particularly drawn to the plot of Tang Sanzang's journey to meet the legendary Monkey King and the complex feelings he develops along the way. The combination of adventure, mythology, and character development in the movie appeals to my preferences."
435,tt0970179,272,"['7', '4', '6', '2', '8', '9', '5', '8', '10', '7', '3', '9', '10', '6', '7', '8', '5', '4', '10', '6', '3']","['tt3874544', 'tt2452042', 'tt5184298', 'tt1935929', 'tt5480340', 'tt1216475', 'tt2112281', 'tt1302011', 'tt2096673', 'tt3231054', 'tt4877122', 'tt1430607', 'tt1865505', 'tt1402488', 'tt2865120', 'tt2100546', 'tt2235542', 'tt1429433', 'tt0970179', 'tt3416828', 'tt4592572']",567," Additionally, the plot of ""Hugo"" seems intriguing and unique, with elements of mystery, adventure, and connections to the past. It explores themes of family, identity, and the power of imagination. The storyline revolving around an orphan boy, a mechanical man, and the discovery of hidden memories adds depth and emotional"
436,tt0816692,418,"['8', '6', '9', '7', '8', '7', '5', '6', '9', '7', '10', '8', '4', '10', '9', '7', '9', '8']","['tt0114709', 'tt2548208', 'tt2404425', 'tt4324274', 'tt1234721', 'tt2172934', 'tt1349482', 'tt1978532', 'tt4299972', 'tt2429074', 'tt2278388', 'tt2493486', 'tt0089538', 'tt0816692', 'tt1631867', 'tt1837709', 'tt1677561', 'tt2962876']",176," Additionally, I am intrigued by the plot of Earth's future being plagued by disasters and the concept of interstellar travel to ensure the survival of mankind. The idea of exploring new planets and the unknowns of space is captivating to me."
437,tt2883512,220,"['7', '2', '3', '6', '8', '5', '9', '7', '4', '1', '10', '9', '6', '2']","['tt1478964', 'tt4877122', 'tt2828996', 'tt1666801', 'tt4651520', 'tt1715873', 'tt1588173', 'tt3553442', 'tt1397514', 'tt1935929', 'tt2883512', 'tt1430607', 'tt1650043', 'tt4009460']",440," I would choose this movie because it has received a rating of 10, which indicates that it is highly regarded. Additionally, the plot of the movie, which revolves around a chef rediscovering his passion for cooking and finding a deeper connection with his life and family, sounds intriguing and heartwarming. As someone who enjoys stories about personal growth and meaningful relationships, ""Chef"" seems like the perfect choice for me."
438,tt1234721,251,"['7', '6', '8', '9', '10', '8', '5', '7', '9', '6']","['tt2404425', 'tt1978532', 'tt2493486', 'tt1234721', 'tt1677561', 'tt2962876', 'tt1349482', 'tt2429074', 'tt1837709', 'tt4073952']",421," I choose this movie because it has the highest rating among the movies I have viewed so far. Additionally, I am intrigued by the futuristic concept of a part-man, part-robot police officer and the themes of justice and corruption explored in the plot."
439,tt1462769,317,"['7', '6', '4', '8', '9', '10', '2', '3', '5', '9', '7', '6', '8', '10', '7', '9', '8']","['tt1666801', 'tt1397514', 'tt1935929', 'tt1430607', 'tt2065968', 'tt1588173', 'tt4009460', 'tt2828996', 'tt4877122', 'tt1478964', 'tt3553442', 'tt2546038', 'tt1650043', 'tt1462769', 'tt1924273', 'tt2883512', 'tt2756032']",237," I choose this movie because it received a high rating of 10, indicating that it is highly enjoyable and well-liked. Additionally, the plot of the movie about a couple who unexpectedly becomes parents and learns valuable lessons about parenthood intrigues me. It seems like a heartwarming and touching story that explores the joys and challenges of raising a child."
440,tt5607028,160,"['7', '6', '8', '9', '8', '7', '9', '6', '8', '9', '7', '6', '5', '4', '5', '6']","['tt1509767', 'tt1698647', 'tt2017561', 'tt5607028', 'tt2065968', 'tt1355638', 'tt3922818', 'tt5480340', 'tt0401729', 'tt1192628', 'tt1840309', 'tt2381991', 'tt2404233', 'tt2379386', 'tt1815862', 'tt1397514']",443," This movie received a rating of 9 from you, indicating that you highly enjoyed it. Additionally, ""Fullmetal Alchemist"" aligns with your previous ratings of fantasy and adventure films. The plot of the movie, which involves alchemy, a quest for a mythical stone, and a unique world, seems to be a great fit for your preferences. Therefore,"
441,tt3498820,448,"['6', '8', '4', '2', '9', '7', '5', '9', '3', '8', '10']","['tt3922818', 'tt1631867', 'tt1815862', 'tt2808986', 'tt1446714', 'tt3896198', 'tt1698647', 'tt1825683', 'tt4788944', 'tt3778644', 'tt3498820']",357," 

I choose this movie because I have previously rated other Marvel movies highly, such as ""Black Panther"" and ""Guardians of the Galaxy Vol. 2."" ""Captain America: Civil War"" features an intense conflict between beloved superheroes, which promises thrilling action and emotional depth. Additionally, the plot explores complex themes of responsibility, loyalty, and the consequences of unchecked power. As a fan of the Marvel"
442,tt2094064,480,"['6', '7', '8', '9', '4', '9', '7', '3', '8', '9', '5']","['tt2528814', 'tt5555502', 'tt2042568', 'tt1430607', 'tt5368354', 'tt2094064', 'tt2347134', 'tt2140423', 'tt2025690', 'tt1091191', 'tt3210686']",451," I choose this movie because I enjoy Shakespearean adaptations and the plot of this film seems intriguing with its mix of romance, comedy, and deception. Additionally, the high rating I gave it indicates that it aligns well with my previous preferences for movies."
443,tt5607028,59,"['6', '7', '8', '5', '4', '7', '3', '6', '9', '8', '2']","['tt3247714', 'tt4116284', 'tt5607028', 'tt1815862', 'tt2379386', 'tt1397514', 'tt4464394', 'tt2381991', 'tt1496025', 'tt2347134', 'tt4651410']",537," This is because I am a fan of fantasy and adventure genres, and the plot of the movie seems intriguing with its concept of alchemy and the search for the philosopher's stone. The story of two brothers on a quest to restore their bodies and uncover the secrets of alchemy sounds captivating and I am excited to watch it."
444,tt2057392,241,"['8', '6', '7', '5', '9', '8', '4', '7', '9', '6']","['tt1966566', 'tt0485985', 'tt1844203', 'tt1234719', 'tt2057392', 'tt1809398', 'tt1217613', 'tt1253863', 'tt2177771', 'tt1399103']",54," I would choose this movie because it received the highest rating of 9, indicating that it was highly appreciated by the user. Additionally, the plot of ""Eye in the Sky"" seems intriguing as it explores the moral and political implications of modern warfare. The story revolves around a father's desperate search for his daughter and the chaos of the Middle East, which adds an element of suspense and emotional depth. Overall,"
445,tt3922818,90,"['7', '6', '8', '4', '5', '7', '6', '5', '3', '6']","['tt3922818', 'tt1509767', 'tt5607028', 'tt2379386', 'tt2381991', 'tt3480796', 'tt3416828', 'tt1815862', 'tt2404233', 'tt1397514']",585," I choose this movie because I am intrigued by the concept of a human born on Mars and their journey to Earth. The plot seems to have a combination of adventure, romance, and exploration, which appeals to my interests."
446,tt2404425,374,"['9', '6', '8', '7', '9', '5', '7', '6', '4', '8', '9']","['tt0816692', 'tt2962876', 'tt1677561', 'tt4073952', 'tt1837709', 'tt1978532', 'tt2493486', 'tt2429074', 'tt1349482', 'tt1234721', 'tt2404425']",434," I choose this movie because I have a strong interest in historical dramas and stories that shed light on important events from the past. The plot of ""Woman in Gold"" resonates with me as it explores themes of justice, restitution, and the impact of World War II. Additionally, the performance of Dame Helen Mirren is highly acclaimed, which further piques my curiosity and makes me eager to watch this film."
447,tt3896198,333,"['8', '6', '9', '7', '10', '8', '9', '10', '5', '10', '7', '9', '8', '6', '7', '6', '8', '4', '10', '7', '8', '5', '10']","['tt4464394', 'tt1620680', 'tt1298554', 'tt5544384', 'tt3498820', 'tt3922818', 'tt4547056', 'tt3896198', 'tt1397514', 'tt1631867', 'tt4788944', 'tt3778644', 'tt1446714', 'tt3480796', 'tt1698647', 'tt1815862', 'tt2231461', 'tt4831420', 'tt2660888', 'tt5487524', 'tt1267299', 'tt3899796', 'tt1825683']",330," 2"" with the imdbID tt3896198. The user rated it a 10, indicating a high level of enjoyment. Additionally, the user has previously rated other superhero movies highly, such as ""Captain America: Civil War"" and ""Black Panther."" ""Guardians of the Galaxy Vol. 2"" is a highly entertaining and visually stunning film with a great blend of action, humor"
448,tt1446714,300,"['5', '4', '3', '8', '7', '2', '6']","['tt2231461', 'tt1298554', 'tt1698647', 'tt4547056', 'tt1446714', 'tt2808986', 'tt4788944']",263," I choose this movie because it has the highest rating among the movies I have viewed so far. Additionally, I am intrigued by the plot involving the exploration of a desolate exomoon and the search for answers about the existence of superior extraterrestrial species. The concept of uncovering the fundamental questions of human existence is captivating to me."
449,tt2802144,164,"['8', '6', '7', '5', '9', '4', '10', '7', '8', '6']","['tt4116284', 'tt1428538', 'tt1618442', 'tt1937133', 'tt1496025', 'tt2808986', 'tt2802144', 'tt2027128', 'tt2458106', 'tt0825283']",271," Additionally, ""Kingsman: The Secret Service"" offers a unique blend of action, humor, and a compelling storyline. The movie has received positive reviews for its stylish direction, impressive performances, and thrilling action sequences. I am particularly drawn to the concept of a secret organization of"
450,tt5607028,59,"['6', '7', '9', '4', '3', '8', '5', '7', '7', '9', '4']","['tt3247714', 'tt4116284', 'tt5607028', 'tt1815862', 'tt2379386', 'tt1397514', 'tt4464394', 'tt2381991', 'tt1496025', 'tt2347134', 'tt4651410']",457," Additionally, I am a fan of fantasy and adventure genres, and the plot of this movie seems intriguing with its mix of alchemy, lost souls, and the search for the philosopher's stone."
451,tt1417592,515,"['6', '7', '8', '9', '7', '8', '9', '10', '8', '9']","['tt2125666', 'tt3270538', 'tt1972663', 'tt2304915', 'tt1417592', 'tt1091863', 'tt1714917', 'tt6769208', 'tt4393514', 'tt3327994']",58, I choose this movie because I am a fan of Pearl Jam and I am interested in learning more about their journey and the impact they have had on the music industry. The documentary provides a comprehensive look at the band's history and their contributions to the world of music.
452,tt3270538,519,"['7', '6', '8', '9', '7', '8', '9', '8', '9', '7', '8']","['tt1091863', 'tt3626804', 'tt2014338', 'tt3270538', 'tt4229236', 'tt1999192', 'tt5342766', 'tt1942884', 'tt2246565', 'tt5359048', 'tt2125666']",475," This documentary explores the concentration of wealth and power in the hands of a select few, shedding light on the inequality that exists in our society. As someone who values social and economic justice, this film resonates with me and aligns with my interests and concerns. I believe it will provide valuable insights and provoke critical thinking about the current state of our democracy."
453,tt2267968,509,"['7', '6', '8', '5', '9', '7', '6', '9', '4', '5']","['tt4116284', 'tt1496025', 'tt2267968', 'tt1428538', 'tt2347134', 'tt5607028', 'tt3247714', 'tt2802144', 'tt4464394', 'tt1397514']",461," I choose this movie because I enjoyed the previous movies in the series, ""Kung Fu Panda"" and ""Kung Fu Panda 2"". The plot of ""Kung Fu Panda 3"" sounds entertaining, with Po reuniting with his long-lost panda father and training a village of pandas to become Kung Fu warriors. I also appreciate the humor and animation style of the previous movies, so"
454,tt2034031,276,"['8', '6', '7', '9', '5', '8', '7', '9', '6', '7']","['tt2091935', 'tt1714915', 'tt2756032', 'tt2209418', 'tt5368354', 'tt2034031', 'tt4513674', 'tt1937118', 'tt2870808', 'tt2073520']",234," 

I choose this movie because it explores the theme of feeling lost and unsure about one's life choices, which resonates with me. The idea of a young woman navigating the complexities of adulthood and finding solace in the company of teenagers intrigues me. Additionally, the concept of juggling multiple romantic interests and the feeling of lagging behind in life adds an interesting layer to the story. Overall, I believe ""Laggies"""
455,tt0816692,377,"['7', '6', '8', '9', '4', '10', '7', '5', '8', '6', '9']","['tt1234721', 'tt4073952', 'tt1677561', 'tt2962876', 'tt1349482', 'tt0816692', 'tt2404425', 'tt1978532', 'tt2493486', 'tt2429074', 'tt1837709']",468," I choose this movie because it received a rating of 10, indicating that it is highly recommended. Additionally, the plot of the movie, which involves interstellar travel and the search for a new habitable planet, aligns with my interest in science fiction and exploration."
456,tt2042568,426,"['8', '3', '6', '9', '7', '8', '7', '9', '5', '8', '7', '9']","['tt2053425', 'tt3832914', 'tt3231054', 'tt2347134', 'tt2042568', 'tt2094064', 'tt2025690', 'tt1430607', 'tt5129510', 'tt5555502', 'tt3210686', 'tt1091191']",359," I choose this movie because I have consistently rated movies with a focus on character-driven stories and strong performances. ""Inside Llewyn Davis"" offers a unique and introspective look into the life of a struggling folk singer in 1960s Greenwich Village. The plot and setting resonate with me, and I am drawn to stories that explore the challenges and obstacles faced by artists. Additionally, the film has received critical"
457,tt0816692,263,"['7', '6', '4', '8', '5', '9', '10', '3', '7', '10', '6', '8', '9']","['tt2404425', 'tt4299972', 'tt4073952', 'tt1677561', 'tt1978532', 'tt2962876', 'tt0114709', 'tt1349482', 'tt2429074', 'tt0816692', 'tt1234721', 'tt2493486', 'tt1837709']",417," I choose this movie because it has a rating of 10, which indicates that it is highly regarded. Additionally, the plot of ""Interstellar"" intrigues me as it explores the concept of interstellar travel and the survival of humanity. I am drawn to the idea of venturing into the unknown and the potential for discovering new worlds."
458,tt1825683,388,"['8', '6', '7', '9', '5', '8', '10', '9', '6']","['tt1840309', 'tt1698647', 'tt1429433', 'tt1618442', 'tt5480340', 'tt1355638', 'tt1825683', 'tt3922818', 'tt1397514']",355," The movie combines elements of action, adventure, and cultural significance, with a compelling storyline and strong performances. Additionally, ""Black Panther"" has received praise for its representation and celebration of African culture. I am excited to watch this movie because it offers a unique and immersive cinematic experience, showcasing a rich world and compelling characters."
459,tt2576852,195,"['6', '4', '7', '5', '8', '9', '3', '9', '10', '7', '2', '6', '10', '8', '4', '3', '9', '5', '7']","['tt2865120', 'tt1402488', 'tt2576852', 'tt3416828', 'tt3411444', 'tt1430607', 'tt5480340', 'tt1623288', 'tt3262342', 'tt2452042', 'tt2017020', 'tt5184298', 'tt3521164', 'tt1690953', 'tt1615918', 'tt4877122', 'tt1430626', 'tt1691917', 'tt0472181']",269," I choose this movie because it received a rating of 7, which is one of the highest ratings among the movies I have viewed. Additionally, I have a preference for animated films and this movie offers a unique and enchanting story based on Japanese folklore. The beautiful animation and the exploration of themes such as identity and the pursuit of happiness make it a compelling choice for me."
460,tt2802144,294,"['7', '6', '8', '9', '5', '10', '8', '9', '9', '7']","['tt0803096', 'tt1428538', 'tt1496025', 'tt1618442', 'tt1502404', 'tt2802144', 'tt2267968', 'tt4853102', 'tt4116284', 'tt1232829']",264," I choose this movie because it received a rating of 10, which is the highest rating I gave among the options. Additionally, I am drawn to the intriguing plot of a secret organization and the idea of a young protagonist being trained to become a spy. The combination of action, humor, and Colin Firth's performance as Harry Hart makes me excited to watch this film."
461,tt2865120,88,"['6', '7', '8', '5', '3', '9', '8', '2', '4', '7']","['tt1430607', 'tt2112281', 'tt2865120', 'tt3416828', 'tt4877122', 'tt3231054', 'tt2452042', 'tt4009460', 'tt1935929', 'tt1216475']",232, I choose this movie because I am a fan of action-packed animated films and I enjoy stories about unlikely heroes saving the galaxy. The plot of Ratchet & Clank seems exciting and the idea of joining forces with a team of colorful heroes to defeat a villain and save the galaxy appeals to me.
462,tt1410063,450,"['7', '8', '6', '9', '10']","['tt2493486', 'tt1216491', 'tt2267968', 'tt2404425', 'tt1410063']",147," The reason I choose this movie is because it combines elements of historical drama, war, and personal sacrifice. I have previously enjoyed movies with strong storytelling and emotional depth, and based on the plot description, I believe this movie will provide a compelling narrative and explore themes of bravery and honor in the face of adversity."
463,tt2962876,265,"['7', '8', '6', '5', '9', '8', '7', '6', '7']","['tt1837709', 'tt1677561', 'tt4073952', 'tt1349482', 'tt2962876', 'tt2404425', 'tt2429074', 'tt1234721', 'tt1978532']",320," I choose this movie because it has the highest rating among the movies I have viewed so far, with a rating of 9. Additionally, the plot of the movie, which revolves around three individuals with unique conditions going on a life-changing road trip, seems intriguing and offers the potential for emotional depth and character development."
464,tt2034031,276,"['8', '7', '6', '9', '5', '7', '8', '7', '6', '8']","['tt2091935', 'tt1714915', 'tt2756032', 'tt2209418', 'tt5368354', 'tt2034031', 'tt4513674', 'tt1937118', 'tt2870808', 'tt2073520']",591," The reason I choose this movie is because I am intrigued by the premise of a young woman feeling lost and unsure about her life choices. The idea of her immersing herself in the world of a teenager and trying to find her own path resonates with me. Additionally, the rating of 7 suggests that it is a well-made and enjoyable film."
465,tt1345836,533,"['8', '7', '6', '9', '8', '5', '7', '8', '9', '7', '9', '6']","['tt1937133', 'tt2053463', 'tt1770734', 'tt1345836', 'tt2347134', 'tt4651410', 'tt1499658', 'tt2295196', 'tt1855199', 'tt4442130', 'tt3262342', 'tt1829012']",60," I choose this movie because it received a high rating of 9 from me, indicating that I found it to be very enjoyable. Additionally, I have a preference for action and superhero films, and ""The Dark Knight Rises"" falls into that genre. The plot of the movie, involving Batman's return to protect the city from the threat of Bane, is intriguing and keeps me engaged. Furthermore, I"
466,tt1201607,208,"['6', '4', '7', '5', '8', '9', '7', '10', '3', '9', '8']","['tt1509767', 'tt1618442', 'tt1397514', 'tt1815862', 'tt5607028', 'tt1355638', 'tt3922818', 'tt1201607', 'tt2404233', 'tt1192628', 'tt1840309']",44," I choose this movie because I have always been a fan of the Harry Potter series and have enjoyed the previous movies. Additionally, I am intrigued by the plot of the final battle against Voldemort and the resolution of the story. I am excited to see how the characters' journeys come to an end and how the conflict is resolved."
467,tt1631867,29,"['5', '3', '2', '4', '8', '6', '9', '7', '6']","['tt2429074', 'tt1349482', 'tt0089538', 'tt4299972', 'tt2278388', 'tt1978532', 'tt1631867', 'tt0114709', 'tt1234721']",52," The reason for selecting this movie is because it has a rating of 9, which is the highest among the movies I have rated so far. Additionally, the plot of the movie, involving a time loop and a battle against alien invaders, sounds intriguing and action-packed. I am drawn to the concept of the protagonist improving his skills with each repeated encounter and working alongside a Special Forces warrior. Overall, ""Edge of Tomorrow"
468,tt4547056,301,"['7', '8', '6', '9', '4', '8', '5', '7', '9', '7', '8', '9']","['tt4788944', 'tt1825683', 'tt1698647', 'tt1298554', 'tt2808986', 'tt3778644', 'tt2231461', 'tt1620680', 'tt3896198', 'tt2660888', 'tt1446714', 'tt4547056']",48," I choose this movie because it has a unique and intriguing plot set in a dystopian future. The concept of hybrid children who retain their ability to think and feel, but also crave human flesh, adds an interesting twist to the story. Additionally, the strong performances by the cast, particularly Sennia Nanua as Melanie, and the exploration of themes such as humanity, survival, and identity make it a compelling"
469,tt1650043,112,"['7', '6', '3', '8', '9', '2', '4']","['tt1397514', 'tt1430607', 'tt2828996', 'tt1650043', 'tt2546038', 'tt4877122', 'tt1935929']",319," I rated it 8, which is the highest rating among the movies I have viewed so far. I enjoyed the first ""Diary of a Wimpy Kid"" movie and this sequel seems to continue the story in a fun and entertaining way. I am interested in seeing how Greg and Rodrick's relationship develops and how they navigate through their conflicts."
470,tt4547056,360,"['7', '6', '3', '2', '8', '9', '10', '5', '8', '4', '1']","['tt4912910', 'tt5362988', 'tt2450186', 'tt3973198', 'tt4547056', 'tt2025690', 'tt2911666', 'tt3062096', 'tt1600196', 'tt4471456', 'tt1865393']",414," I choose this movie because it received a high rating of 8, which indicates that it is likely to be a good film. Additionally, I am intrigued by the dystopian setting and the unique concept of hybrid children who retain their ability to think and feel. This combination of elements makes it an interesting and potentially thought-provoking movie to watch."
471,tt2267968,166,"['7', '4', '6', '8', '9', '7', '5', '6', '8', '9', '5', '7', '9']","['tt1428538', 'tt0825283', 'tt2458106', 'tt2027128', 'tt4116284', 'tt1618442', 'tt2808986', 'tt1502404', 'tt1496025', 'tt1232829', 'tt1937133', 'tt0803096', 'tt2267968']",599," I choose this movie because I have consistently rated animated films highly in the past, and I particularly enjoy the humor and heartwarming themes often found in the Kung Fu Panda series. Additionally, the idea of Po learning to train a village of pandas sounds like an exciting and entertaining storyline."
472,tt2267968,227,"['6', '7', '8', '4', '5', '9', '8', '7', '9', '8', '5', '6']","['tt1397514', 'tt5607028', 'tt1618442', 'tt4464394', 'tt2381991', 'tt2802144', 'tt4116284', 'tt1428538', 'tt2267968', 'tt1232829', 'tt1815862', 'tt1496025']",64," I choose this movie because I have previously rated it highly with a rating of 9. I enjoy the humor, animation, and action in the Kung Fu Panda series. Additionally, the plot of Po learning to train a village of pandas to become the ultimate band of Kung Fu Pandas sounds entertaining and engaging."
473,tt5368354,233,"['7', '6', '8', '9', '4', '7', '10', '5', '8', '6']","['tt2065968', 'tt2883512', 'tt1924273', 'tt2756032', 'tt5368354', 'tt1666801', 'tt1478964', 'tt1462769', 'tt3553442', 'tt1715873']",39," My previous preferences have been towards movies with more interesting and unique plots, such as ""Ghost Graduation"" and ""Attack the Block."" However, ""All Yours"" seems to have a more predictable and generic storyline, which may not offer the same level of excitement and intrigue. Therefore, I would not choose to watch this movie."
474,tt1677561,347,"['9', '7', '6', '8', '9']","['tt4073952', 'tt2404425', 'tt2962876', 'tt1978532', 'tt1677561']",163," The concept of a soul getting a second chance in the body of a teenager and uncovering the mysteries of its past life and the reasons behind the protagonist's suicide is captivating. Additionally, the exploration of the complexities of life and the different shades of truth and perception make it a thought-provoking movie."
475,tt2048770,99,"['6', '3', '4', '8', '9', '7', '5', '7', '8', '6']","['tt3181822', 'tt1712170', 'tt1658837', 'tt5173032', 'tt1650062', 'tt1957938', 'tt2048770', 'tt2044801', 'tt1837709', 'tt1829012']",551, I find the concept of unlocking the mystery of time through the study of quantum physics intriguing. The idea of a son continuing his father's work and potentially unraveling the mystery of his disappearance adds an element of mystery and suspense to the story. I am curious to see how the movie explores the concept of time and how it affects the characters' lives.
476,tt0409847,222,"['4', '3', '2', '1', '7']","['tt1399103', 'tt0990407', 'tt4348012', 'tt1935929', 'tt0409847']",154," The idea of cowboys fighting against alien invaders in the Old West is intriguing and unique. Additionally, the presence of actors like Daniel Craig and Harrison Ford adds to the appeal of the movie."
477,tt2429074,278,"['7', '2', '6', '8', '9', '5', '7', '9']","['tt2962876', 'tt1349482', 'tt4073952', 'tt1978532', 'tt2429074', 'tt1837709', 'tt2404425', 'tt1677561']",117,"B.F."" with the imdbID tt2429074. I choose this movie because it received a high rating of 9, indicating that it is highly enjoyable and entertaining. Additionally, the plot of the movie, which revolves around the social dynamics and conflicts in high school, seems interesting and relatable. I am intrigued by the concept of the protagonist being transformed into a popular accessory and the exploration of friendship and identity. Overall, ""G.B.F."" promises to be"
478,tt2883512,317,"['7', '6', '3', '8', '9', '8', '2', '4', '5', '9', '7', '6', '7', '8', '9', '10', '8']","['tt1666801', 'tt1397514', 'tt1935929', 'tt1430607', 'tt2065968', 'tt1588173', 'tt4009460', 'tt2828996', 'tt4877122', 'tt1478964', 'tt3553442', 'tt2546038', 'tt1650043', 'tt1462769', 'tt1924273', 'tt2883512', 'tt2756032']",396," I choose this movie because it has a high rating of 10 and the plot seems interesting. The story of a chef rediscovering his passion for cooking and finding a deeper connection with his family resonates with me. Additionally, the idea of a food truck journey across America sounds exciting and I am curious to see how the protagonist's culinary skills and creativity unfold in this setting."
479,tt1650043,112,"['6', '7', '3', '8', '9', '2', '4']","['tt1397514', 'tt1430607', 'tt2828996', 'tt1650043', 'tt2546038', 'tt4877122', 'tt1935929']",71," I rate it an 8. I choose this movie because I enjoyed the first Diary of a Wimpy Kid movie and I am interested in seeing how the relationship between Greg and Rodrick develops in this sequel. The plot seems entertaining and relatable, and I am curious to see how they navigate their conflicts and if they can eventually get along."
480,tt3899796,8,"['4', '2', '3', '2', '1', '4', '3', '4', '3', '3.5', '4.5']","['tt4831420', 'tt2274570', 'tt4796122', 'tt4464394', 'tt2828996', 'tt2140423', 'tt4126568', 'tt4348012', 'tt1727776', 'tt3732950', 'tt3899796']",2,5.
481,tt2025690,322,"['6', '3', '7', '4', '8', '9', '7', '10', '5', '6']","['tt3973198', 'tt1865393', 'tt0790724', 'tt2059171', 'tt4547056', 'tt4912910', 'tt2025690', 'tt2911666', 'tt4471456', 'tt2450186']",531," 

I choose this movie because I enjoy stories based on true events, and the plot of The Finest Hours, about a daring rescue mission in treacherous conditions, intrigues me. Additionally, I appreciate movies that showcase acts of bravery and heroism, and this film seems to capture that spirit."
482,tt2267968,252,"['9.0', '7.0', '6.0', '8.0', '4.0', '9.0', '5.0', '10.0', '9.0', '6.0', '8.0', '10.0', '7.0', '6.0']","['tt1232829', 'tt1428538', 'tt1496025', 'tt2381991', 'tt4464394', 'tt2027128', 'tt2808986', 'tt2267968', 'tt2802144', 'tt1937133', 'tt5607028', 'tt4116284', 'tt0825283', 'tt2458106']",457," I choose this movie because it received a rating of 10.0, indicating that it is highly enjoyable and well-regarded. Additionally, I have a preference for animated films and the Kung Fu Panda series has always been entertaining with its humor, action, and heartwarming storytelling. The plot of Po training a village of pandas to become Kung Fu warriors sounds exciting and I am eager to see"
483,tt1839492,326,"['6', '8', '7', '9', '8', '9', '6', '7', '8', '7']","['tt2379386', 'tt3731562', 'tt0770828', 'tt1839492', 'tt1462769', 'tt3564794', 'tt1496025', 'tt1837709', 'tt2061702', 'tt0829150']",101," I choose this movie because it explores the concept of creating the perfect partner and the consequences that come with it. As someone who enjoys thought-provoking and unique storylines, the idea of a person coming to life from the pages of a novel is intriguing to me. Additionally, the themes of love, creativity, and the power of imagination in ""Ruby Sparks"" resonate with my previous preferences for movies that offer a blend of"
484,tt4912910,97,"['8', '6', '3', '7', '9', '5', '10', '4', '7', '8']","['tt2911666', 'tt3480796', 'tt3181822', 'tt3732950', 'tt1600196', 'tt5254868', 'tt4912910', 'tt4126568', 'tt3247714', 'tt1829012']",33," 

I choose this movie because it has the highest rating among the movies I have viewed. Additionally, I am a fan of action-packed thrillers, and the ""Mission: Impossible"" franchise has consistently delivered intense and exciting experiences. The plot of ""Fallout"" involving a race against time to stop a dangerous organization from acquiring plutonium cores sounds incredibly thrilling and engaging. Furthermore, the movie has received critical acclaim"
485,tt0816692,384,"['8', '4', '3', '7', '6', '5', '9', '8', '7', '6', '7', '9', '5']","['tt2278388', 'tt1349482', 'tt0089538', 'tt2172934', 'tt4299972', 'tt1978532', 'tt0816692', 'tt1631867', 'tt1677561', 'tt1234721', 'tt1837709', 'tt0114709', 'tt2429074']",371," I choose this movie because it received a high rating of 9, indicating that it is highly regarded. Additionally, the plot of exploring interstellar travel and the survival of humanity in a dystopian future is intriguing and aligns with my interest in science fiction."
486,tt1397514,112,"['8', '6', '3', '7', '9', '2', '4']","['tt1397514', 'tt1430607', 'tt2828996', 'tt1650043', 'tt2546038', 'tt4877122', 'tt1935929']",469," The reason for selecting this movie is because it has a high rating of 8, which indicates that it is likely to be an enjoyable and entertaining film. Additionally, the plot description of a thrilling adventure to find a mysterious island appeals to my preference for action and adventure movies."
487,tt1588173,140,"['7', '6', '8', '6', '9', '2', '5', '9', '7', '8', '3', '9', '8', '4', '2', '7', '3']","['tt5368354', 'tt2756032', 'tt1924273', 'tt1650043', 'tt2883512', 'tt1935929', 'tt1397514', 'tt1462769', 'tt1478964', 'tt1430607', 'tt4009460', 'tt1588173', 'tt3553442', 'tt2546038', 'tt4877122', 'tt1666801', 'tt2828996']",92," I choose this movie because it has a unique and intriguing premise. The idea of a zombie protagonist regaining his humanity and forming a warm relationship with a human is both interesting and heartwarming. The concept of bridging the gap between two opposing sides and fighting for a better world is also compelling. Overall, ""Warm Bodies"" offers a fresh take on the zombie genre and explores themes of love, redemption, and the power of"
488,tt2883512,14,"['7', '3', '4', '2', '6', '3', '2', '5', '8', '6', '9']","['tt1430607', 'tt4009460', 'tt4126340', 'tt4877122', 'tt1243974', 'tt1935929', 'tt2828996', 'tt1798603', 'tt2883512', 'tt1397514', 'tt2546038']",483, I choose this movie because it has a high rating of 8 and the plot description appeals to me. The idea of a chef rediscovering his passion for cooking and embarking on a journey across America with a food truck sounds intriguing and heartwarming. I am also drawn to the themes of family and personal growth portrayed in the film.
489,tt2911666,422,"['8', '6', '7', '4', '9', '10', '8', '9', '3', '10', '5', '8']","['tt2450186', 'tt2059171', 'tt0790724', 'tt3973198', 'tt1600196', 'tt2911666', 'tt4547056', 'tt4912910', 'tt1865393', 'tt5362988', 'tt4471456', 'tt2025690']",555," I choose this movie because it has the highest rating among all the movies I have viewed so far. Additionally, I have a preference for action movies and the plot of ""John Wick"" sounds intriguing, with its story of revenge and the protagonist's quest for justice."
490,tt2883512,518,"['6', '4', '8', '9', '7', '5', '7', '8', '6', '7']","['tt5368354', 'tt3553442', 'tt1588173', 'tt2883512', 'tt1478964', 'tt1462769', 'tt2756032', 'tt2065968', 'tt1666801', 'tt1924273']",314," I rated it a 9, which indicates that I really enjoyed the movie. I was drawn to the plot of a renowned chef who, after facing career setbacks, embarks on a journey to rediscover his passion for cooking. The idea of him starting a food truck and exploring different places in America to offer quality cooking on his own terms resonated with me. Additionally, the theme"
491,tt1430607,107,"['8', '7', '3', '9', '2', '6', '5', '10', '4', '7', '1', '10', '9', '8', '9', '7', '6']","['tt2546038', 'tt1478964', 'tt4877122', 'tt2883512', 'tt2828996', 'tt1650043', 'tt1397514', 'tt1462769', 'tt1935929', 'tt3553442', 'tt4009460', 'tt1588173', 'tt1430607', 'tt1924273', 'tt2065968', 'tt2756032', 'tt1666801']",276," I choose this movie because it has a high rating of 9, and it offers a unique and heartwarming take on the story of Santa Claus. The plot revolves around a family's dysfunction and the unlikely hero, Arthur, who must complete an urgent mission before Christmas morning. This movie promises to be entertaining and uplifting, making it a perfect choice for the holiday season."
492,tt3270538,514,"['6', '7', '8', '9', '7', '8', '9', '8', '9', '7']","['tt1417592', 'tt4393514', 'tt2125666', 'tt3270538', 'tt2304915', 'tt1714917', 'tt6769208', 'tt3327994', 'tt1091863', 'tt1972663']",124," As someone who has previously rated documentaries and films that explore social and political issues, this movie aligns with my interests and preferences. I am curious to hear Noam Chomsky's insights and analysis on the subject matter, and I believe it will provide a thought-provoking perspective on the current state of"
493,tt5804038,489,"['7', '6', '5', '8', '9', '6', '7', '8', '9', '7', '8', '9']","['tt3270538', 'tt4393514', 'tt1605782', 'tt1091863', 'tt5804038', 'tt1999192', 'tt2125666', 'tt1223236', 'tt1559038', 'tt5359048', 'tt2014338', 'tt1714917']",65," I choose this movie because it explores important social and racial issues through the perspective of James Baldwin. As someone who values thought-provoking documentaries and insightful storytelling, I am drawn to the profound impact this film can have in shedding light on the struggles and experiences of African Americans. It aligns with my interest in understanding and addressing social injustices, making it a compelling choice for me to watch and learn from"
494,tt1837709,255,"['8', '6', '7', '9', '4', '6', '7', '8', '9', '5']","['tt1677561', 'tt4073952', 'tt2493486', 'tt1837709', 'tt1349482', 'tt1978532', 'tt2429074', 'tt2404425', 'tt2962876', 'tt1234721']",601," I choose this movie because it has the highest rating among the movies I have viewed so far. Additionally, the plot description of a love story set in a vibrant and imaginative version of New York City intrigues me."
495,tt2025690,485,"['8', '6', '7', '9', '7', '8', '6', '9', '5', '7']","['tt5362988', 'tt3480796', 'tt0790724', 'tt2025690', 'tt3062096', 'tt1600196', 'tt1829012', 'tt4912910', 'tt4126568', 'tt2059171']",489," I choose this movie because it received a rating of 9, which is the highest among the movies I have viewed. Additionally, I am intrigued by the plot that revolves around a daring rescue mission in the face of extreme weather conditions. The idea of a group of Coast Guard members risking their lives to save stranded sailors resonates with me and I am eager to witness the bravery and determination portrayed in the"
496,tt3402236,105,"['9', '7', '3', '8', '6', '9', '4', '5', '7', '2', '8', '6']","['tt4116284', 'tt3402236', 'tt0472181', 'tt2660888', 'tt1234719', 'tt3778644', 'tt4651410', 'tt0825283', 'tt1829012', 'tt3099498', 'tt2546038', 'tt3564794']",69," 

I choose this movie because I enjoy mystery and detective stories, and the plot of this movie seems intriguing. The idea of a murder planned on a train and the challenge of solving the crime in a confined space appeals to me. Additionally, I appreciate the presence of Hercule Poirot, known as the best detective in the world, which adds an extra layer of excitement to the story."
497,tt2061702,486,"['7', '6', '8', '9', '7']","['tt1809398', 'tt3896198', 'tt3411444', 'tt2061702', 'tt1473832']",576," Additionally, the plot of the movie about a friendship between a human and a spirit in a forest sounds intriguing and unique. I am interested to see how the story unfolds and how the characters navigate the challenges they face."
498,tt2347134,3,"['3', '2', '4', '2', '5', '3', '4', '3', '5', '2']","['tt2172934', 'tt1829012', 'tt4442130', 'tt4651410', 'tt2347134', 'tt2167202', 'tt2679042', 'tt2134170', 'tt1499658', 'tt2140423']",474," I rate it 5. I choose this movie because I enjoy period films and the concept of a Japanese reinterpretation of a western film intrigues me. Additionally, the plot of a former assassin being forced to take up the sword again in a time of turmoil adds an element of suspense and character development that I find appealing."
499,tt2278388,405,"['7', '4', '6', '8', '9', '7', '8', '9', '5', '3', '6', '10', '7', '8', '9', '7', '10', '10']","['tt4299972', 'tt1349482', 'tt1978532', 'tt1677561', 'tt2962876', 'tt1837709', 'tt2404425', 'tt1631867', 'tt1234721', 'tt0089538', 'tt2548208', 'tt0816692', 'tt2429074', 'tt2493486', 'tt4073952', 'tt2172934', 'tt2278388', 'tt0114709']",546," I choose this movie because it has a rating of 10, which indicates that it is highly regarded. Additionally, the plot description of the adventures of M. Gustave and Zero Moustafa at a famous European hotel during a changing time period sounds intriguing and unique. I am interested in watching a film that combines elements of comedy, drama, and mystery against the backdrop of a historical setting."
500,tt2756032,311,"['6', '3', '7', '8', '2', '9', '10', '4', '1', '6', '9', '5', '10', '3', '8', '7', '2', '9', '8']","['tt4651520', 'tt4877122', 'tt1924273', 'tt1478964', 'tt4009460', 'tt1462769', 'tt1588173', 'tt1397514', 'tt5368354', 'tt1715873', 'tt2883512', 'tt2546038', 'tt1430607', 'tt1935929', 'tt3553442', 'tt1650043', 'tt2828996', 'tt1666801', 'tt2756032']",73," This movie received a rating of 8, which indicates that the user found it highly enjoyable. Additionally, the user has shown a preference for movies with intriguing plots and unique storylines, and ""The One I Love"" fits that criteria with its mysterious and unconventional premise."
501,tt2404425,461,"['8', '6', '9', '7', '5']","['tt1677561', 'tt4073952', 'tt2404425', 'tt2962876', 'tt1978532']",463, I choose this movie because it has a compelling plot centered around seeking justice for the art theft perpetrated by the Nazis during World War II. The story resonates with me and I am interested in learning more about this historical event.
502,tt2576852,157,"['8', '7', '6', '5', '9', '3', '10', '7', '10', '6', '8']","['tt3262342', 'tt1430607', 'tt5184298', 'tt3416828', 'tt1690953', 'tt4877122', 'tt2576852', 'tt5480340', 'tt3521164', 'tt1402488', 'tt1430626']",283," I choose this movie because it has received a rating of 10, which indicates that it is highly recommended. Additionally, the plot of the movie seems intriguing and unique, revolving around the discovery of a princess in a bamboo and her journey as she grows up. I am interested in exploring the themes of love, identity, and the pursuit of happiness portrayed in this film."
503,tt1430607,506,"['1', '2', '4', '5', '3', '4', '3', '2', '5', '2']","['tt4877122', 'tt1615918', 'tt3521164', 'tt2380307', 'tt1430626', 'tt1623288', 'tt1690953', 'tt2293640', 'tt1430607', 'tt1691917']",26," I would choose this movie because it has the highest rating among the movies I have viewed so far, with a rating of 5. Additionally, the plot of ""Arthur Christmas"" seems intriguing as it offers a unique and imaginative answer to the question of how Santa delivers presents in one night. The focus on family dynamics and an unlikely hero adds depth to the story, making it an appealing choice for me."
504,tt1631867,49,"['5', '1', '4', '8', '6']","['tt1349482', 'tt0089538', 'tt4299972', 'tt1631867', 'tt1978532']",327," Additionally, the plot of the movie intrigues me as it involves a unique concept of time loop and intense action scenes. I am interested to see how the protagonist, Major William Cage, develops his combat skills and works alongside Special Forces warrior Rita Vrataski to defeat the alien race."
505,tt0816692,529,"['7', '6', '8', '9', '7']","['tt1631867', 'tt4299972', 'tt2278388', 'tt0816692', 'tt0114709']",236, I choose this movie because I am intrigued by the concept of interstellar travel and the idea of exploring new planets to ensure humanity's survival. The plot seems captivating and I am excited to see how the astronauts navigate through the challenges of space and discover new worlds.
506,tt1837709,135,"['1', '3', '2', '3', '4', '5', '4']","['tt0089538', 'tt2172934', 'tt1978532', 'tt2429074', 'tt1349482', 'tt1837709', 'tt1234721']",283," I would choose this movie because it has the highest rating among the movies I have viewed so far, with a rating of 5. Additionally, the plot of Winter's Tale seems intriguing, with a mix of fantasy, romance, and drama. The idea of a love story set in a magical version of New York City, with a young girl who is dying, adds an element of depth and emotion to the"
507,tt2065968,359,"['8', '7', '6', '4', '9', '10', '7', '8', '9', '5', '9', '6', '10']","['tt1924273', 'tt2756032', 'tt5368354', 'tt1650043', 'tt1397514', 'tt1588173', 'tt3553442', 'tt1430607', 'tt1478964', 'tt1666801', 'tt2065968', 'tt1462769', 'tt2883512']",485," I choose this movie because I have a strong preference for animated films, especially those with a fantasy theme. The plot of dragons and their secret is intriguing to me, and I am curious to see how Hiccup and Toothless navigate their adventure. Additionally, I have enjoyed other movies in the ""How to Train Your Dragon"" series, so I believe this film will provide an enjoyable and entertaining experience"
508,tt1999192,496,"['6', '4', '7', '8', '9', '8', '7', '6', '8', '9']","['tt2125666', 'tt1999192', 'tt4229236', 'tt5342766', 'tt1091863', 'tt1942884', 'tt2246565', 'tt2014338', 'tt2008513', 'tt3626804']",358, I choose this movie because I enjoy watching stand-up comedy and Kevin Hart is known for his hilarious performances. I also appreciate the fact that the movie provides an up close and personal look at Kevin Hart's journey to becoming one of the funniest comedians of all time.
509,tt2209418,152,"['6', '4', '7', '8', '9', '5', '10', '2', '9', '8', '7']","['tt1473832', 'tt1067774', 'tt2870808', 'tt2073520', 'tt2053425', 'tt1540128', 'tt1748122', 'tt4465564', 'tt2209418', 'tt1441952', 'tt1710417']",271," Additionally, I am intrigued by the plot of the movie, which follows the lives of Jesse and Celine as they navigate the complexities of their relationship and question their life decisions. As someone who appreciates thought-provoking and emotionally engaging stories, ""Before Midnight"" seems like a movie that will captivate me"
510,tt1509767,101,"['7', '6', '8', '5', '9', '4', '9', '8', '7', '9', '6', '7', '8', '5', '6']","['tt0401729', 'tt2017561', 'tt1397514', 'tt1815862', 'tt1355638', 'tt3416828', 'tt1509767', 'tt1840309', 'tt3922818', 'tt1192628', 'tt5480340', 'tt2381991', 'tt5607028', 'tt2379386', 'tt2404233']",145," I choose this movie because I enjoy adventure and historical films, and ""The Three Musketeers"" offers a thrilling story set in a fascinating time period. The plot of intrigue, romance, and swashbuckling action, combined with the charismatic characters of the musketeers, makes it an enticing choice for me."
511,tt4547056,488,"['8', '4', '7', '6', '9', '10', '5', '6', '9', '8', '7', '3', '9', '7', '10', '6', '9']","['tt2911666', 'tt3973198', 'tt3247714', 'tt5254868', 'tt1829012', 'tt1600196', 'tt2059171', 'tt3480796', 'tt4547056', 'tt2025690', 'tt0790724', 'tt1865393', 'tt3062096', 'tt3732950', 'tt5362988', 'tt4471456', 'tt4912910']",25," Additionally, the plot description of a dystopian future and the unique concept of hybrid children with a special bond piqued my interest. I am intrigued to see how the characters navigate survival and self-discovery in a world plagued by a fungal disease."
512,tt5362988,130,"['8', '6', '7', '5', '9', '7', '6', '10', '8', '9', '7', '8', '6', '4']","['tt4912910', 'tt1829012', 'tt5254868', 'tt1886493', 'tt2059171', 'tt2134170', 'tt3732950', 'tt5362988', 'tt3062096', 'tt3247714', 'tt4126568', 'tt2025690', 'tt3480796', 'tt3181822']",477," I choose this movie because it received a rating of 10, which is the highest among the movies I have rated so far. Additionally, the plot description of ""Wind River"" intrigues me, as it promises a suspenseful and compelling story set in a unique location. The combination of a murder mystery, the search for justice, and the exploration of personal pasts makes it a captivating choice."
513,tt2802144,367,"['7', '3', '8', '9', '6', '10', '8', '5', '4', '7', '6']","['tt1232829', 'tt4464394', 'tt4116284', 'tt2802144', 'tt2347134', 'tt5607028', 'tt2267968', 'tt1428538', 'tt2381991', 'tt1496025', 'tt1397514']",244," I choose this movie because it received a high rating of 9 from me and it aligns with my previous preferences. I enjoy action-packed films with intriguing storylines, and ""Kingsman: The Secret Service"" offers just that. Additionally, the movie has received positive reviews for its stylish action sequences and charismatic performances. I am excited to watch this film and experience the thrilling world of secret agents and"
514,tt2278388,431,"['7', '4', '5', '2', '8', '6', '9', '7', '3', '4', '10', '9', '8', '10', '6', '7', '5', '6']","['tt1234721', 'tt2429074', 'tt0816692', 'tt0089538', 'tt1677561', 'tt2172934', 'tt1631867', 'tt2493486', 'tt1837709', 'tt1349482', 'tt2278388', 'tt2404425', 'tt4299972', 'tt0114709', 'tt4073952', 'tt2962876', 'tt2548208', 'tt1978532']",98," I enjoyed the unique and whimsical storytelling, the stunning visuals, and the brilliant performances by the cast. The movie offers a delightful blend of humor, adventure, and mystery set against a backdrop of a changing continent. It is a visually captivating and entertaining film that I would love to watch."
515,tt1588173,151,"['6', '4', '7', '8', '2', '9', '5', '10', '9', '7', '8']","['tt1650043', 'tt1935929', 'tt3553442', 'tt1666801', 'tt2828996', 'tt1462769', 'tt5368354', 'tt1588173', 'tt1478964', 'tt2065968', 'tt1430607']",403," I choose this movie because it has the highest rating among all the movies I have viewed so far, with a rating of 10. Additionally, the plot of ""Warm Bodies"" intrigues me as it explores the concept of a zombie regaining their humanity and forming a unique relationship with a human. I am interested to see how the characters navigate the challenges they face and work towards a better world."
516,tt0816711,106,"['3', '2', '4', '3', '4', '2', '3', '2', '5', '1', '4']","['tt4796122', 'tt2828996', 'tt1596365', 'tt4094724', 'tt1441395', 'tt3067274', 'tt2581244', 'tt2140423', 'tt0816711', 'tt3899796', 'tt0905372']",461," The reason I choose this movie is because it received the highest rating among the movies I viewed, with a rating of 5. Additionally, I am intrigued by the concept of a global zombie apocalypse and the protagonist's mission to investigate and find answers. The suspenseful nature of the plot and the potential for intense action sequences make it an exciting choice for me."
517,tt1588173,107,"['8', '7', '2', '9', '3', '6', '5', '8', '4', '7', '1', '10', '9', '6', '9', '8', '7']","['tt2546038', 'tt1478964', 'tt4877122', 'tt2883512', 'tt2828996', 'tt1650043', 'tt1397514', 'tt1462769', 'tt1935929', 'tt3553442', 'tt4009460', 'tt1588173', 'tt1430607', 'tt1924273', 'tt2065968', 'tt2756032', 'tt1666801']",114," The idea of love transcending boundaries and bringing about positive change resonates with me. Additionally, the blend of romance and comedy in the film appeals to my preferences."
518,tt1397514,220,"['8', '3', '2', '7', '6', '9', '10', '4', '5', '1', '10', '9', '6', '3']","['tt1478964', 'tt4877122', 'tt2828996', 'tt1666801', 'tt4651520', 'tt1715873', 'tt1588173', 'tt3553442', 'tt1397514', 'tt1935929', 'tt2883512', 'tt1430607', 'tt1650043', 'tt4009460']",480," I choose this movie because it combines adventure, mystery, and a touch of fantasy. I enjoyed the first movie in the series, and this sequel seems to offer a similar thrilling and entertaining experience. Additionally, the presence of Dwayne ""The Rock"" Johnson adds to the excitement. Overall, it seems like a fun and enjoyable movie to watch."
519,tt0816692,379,"['8', '7', '9', '3', '6', '9', '10', '8', '5', '7', '6', '4', '6', '9', '8', '3', '7']","['tt0114709', 'tt2404425', 'tt2278388', 'tt1349482', 'tt1234721', 'tt1631867', 'tt0816692', 'tt4299972', 'tt2493486', 'tt2172934', 'tt1837709', 'tt2548208', 'tt1978532', 'tt1677561', 'tt4324274', 'tt0089538', 'tt2429074']",159," Additionally, I am intrigued by the plot of Earth's future, interstellar travel, and the quest for human survival. The concept of exploring new planets and the unknown is fascinating to me, and I believe ""Interstellar"" would provide an immersive and thought-provoking experience."
520,tt0905372,145,"['3', '4', '4.5', '3.5', '4.5', '2.5', '3.5', '4.5', '3.5', '3.5', '4']","['tt3201722', 'tt2581244', 'tt1596365', 'tt1727776', 'tt0905372', 'tt2345759', 'tt2140423', 'tt1441395', 'tt3099498', 'tt3067274', 'tt4348012']",61," I choose this movie because I enjoy suspenseful and thrilling plots, and the concept of an alien creature infecting and transforming the members of a research team in an isolated Antarctic setting intrigues me. Additionally, the high rating of 4.5 suggests that it is a well-executed and engaging film."
521,tt1430607,137,"['7', '6', '8', '3', '9', '10', '7', '2', '9', '4', '5', '10', '6', '8', '9', '8']","['tt1650043', 'tt1478964', 'tt1666801', 'tt2828996', 'tt2546038', 'tt2065968', 'tt1924273', 'tt4009460', 'tt3553442', 'tt1935929', 'tt4877122', 'tt1430607', 'tt1397514', 'tt2756032', 'tt2883512', 'tt1588173']",345," I choose this movie because it has received a rating of 10, which indicates that it is highly recommended. Additionally, the plot of the movie, which revolves around the adventure and mission of Arthur to save Christmas, sounds intriguing and heartwarming. The concept of exploring the behind-the-scenes operations of Santa's delivery system also adds an element of curiosity and excitement. Overall, ""Arthur Christmas"" seems like a delightful and enjoyable"
522,tt1430607,1,"['1', '4', '1', '2', '3', '2', '5', '4', '1', '5', '4']","['tt4877122', 'tt1478964', 'tt4009460', 'tt1935929', 'tt3553442', 'tt1397514', 'tt2546038', 'tt1666801', 'tt2828996', 'tt1588173', 'tt1430607']",377," I choose this movie because it has a rating of 4, which is one of the highest ratings among the movies I have viewed. Additionally, the plot description intrigues me as it promises a unique and entertaining take on the story of Santa Claus and Christmas."
523,tt1631867,271,"['7', '6', '8', '9', '5', '7', '8', '6', '9', '10', '4', '9']","['tt1825683', 'tt3778644', 'tt1298554', 'tt4547056', 'tt1620680', 'tt1698647', 'tt3498820', 'tt4788944', 'tt5544384', 'tt1631867', 'tt2808986', 'tt3896198']",464," I choose this movie because it received a rating of 10, which indicates that it was highly enjoyed and appreciated. Additionally, the plot of the movie, involving a time loop and a battle against an alien race, sounds intriguing and action-packed. The combination of engaging storytelling and positive ratings makes ""Edge of Tomorrow"" an exciting choice to watch."
524,tt0816692,379,"['8', '7', '9', '4', '6', '10', '10', '7', '6', '7', '8', '5', '6', '9', '8', '3', '7']","['tt0114709', 'tt2404425', 'tt2278388', 'tt1349482', 'tt1234721', 'tt1631867', 'tt0816692', 'tt4299972', 'tt2493486', 'tt2172934', 'tt1837709', 'tt2548208', 'tt1978532', 'tt1677561', 'tt4324274', 'tt0089538', 'tt2429074']",46," I choose this movie because I have consistently rated movies with themes of exploration, adventure, and science fiction highly. ""Interstellar"" offers a captivating story about the survival of humanity, interstellar travel, and the exploration of unknown worlds. The concept of a newly discovered wormhole and the quest to find a habitable planet for humanity's future resonates with my interest in space exploration. Additionally, the film has received critical acclaim"
525,tt0993842,482,"['7', '6', '8', '4', '9', '7', '3', '10', '9\n\nReason for selection: I would like to watch ""PK"" because it offers a unique and thought-provoking storyline. The film explores complex philosophies while also delivering a simple and humane tale of love and friendship. I am intrigued by the idea of a stranger asking innocent questions that challenge the established norms and beliefs of society. It seems like a movie that will make me reflect and question my own perspectives.', '8', '5', '9\n\nReason for selection: I would like to watch ""Holy Motors"" because it offers a unique and intriguing concept. The idea of a character playing different roles and delving into various lives without any cameras present is fascinating. It seems like a thought-provoking exploration of identity and the different roles we play in life. I am curious to see how the story unfolds and how Monsieur Oscar navigates through these different personas.', '6']","['tt1670345', 'tt1401152', 'tt1682180', 'tt3973198', 'tt1974419', 'tt1599348', 'tt2382009', 'tt0993842', 'tt2338151', 'tt1216491', 'tt3067274', 'tt2076220', 'tt1600195']",93," I choose this movie because it has the highest rating among the options provided (10). Additionally, the plot of ""Hanna"" intrigues me as it revolves around a teenage girl with exceptional skills and strength, raised by her father to be a perfect assassin. The idea of her journeying across Europe while evading ruthless agents and uncovering revelations about her existence and humanity sounds thrilling. I am drawn to the action-packed storyline"
526,tt3402236,288,"['6', '4', '3', '7', '5', '2', '8', '6', '9', '3', '9', '10\n\nI would like to watch ""Murder on the Orient Express"" because I have always been a fan of mystery and detective stories. The plot sounds intriguing, with a murder happening on a train and the best detective in the world being on board. I am excited to see how Hercule Poirot unravels the mystery and identifies the culprit among the passengers. The setting of the Orient Express adds an extra layer of suspense and intrigue to the story. Overall, I believe this movie will']","['tt1829012', 'tt4442130', 'tt4651410', 'tt1855199', 'tt2167202', 'tt2679042', 'tt2140423', 'tt1937133', 'tt2053463', 'tt2808986', 'tt2172934', 'tt3402236']",308," I am particularly drawn to this movie because I enjoy mystery and detective stories, and the plot of a murder happening on a train with the best detective in the world on board intrigues me. The setting of the Orient Express adds an extra layer of suspense and excitement. I am excited to see how Herc"
527,tt2027128,131,"['7', '6', '4', '8', '5', '9', '7', '8', '6', '7', '9']","['tt5607028', 'tt3247714', 'tt4464394', 'tt2267968', 'tt1397514', 'tt4116284', 'tt2347134', 'tt2802144', 'tt1496025', 'tt1428538', 'tt2027128']",499," I choose this movie because I am a fan of superhero films and I have enjoyed previous movies from the Justice League franchise. The plot of ""Justice League: Doom"" sounds intriguing, with the superheroes facing personal secrets and being attacked by their enemies with inescapable death traps. Additionally, the involvement of Vandal Savage as the main antagonist adds an extra layer of excitement. Overall, I am excited to watch this movie"
528,tt2404425,458,"['7', '8', '9', '6', '7']","['tt2962876', 'tt1677561', 'tt2404425', 'tt4073952', 'tt1978532']",382," Additionally, the plot of the movie, which revolves around seeking justice for the art stolen by the Nazis during World War II, is intriguing and compelling. I am interested in learning more about Maria Altmann's journey to regain her aunt's stolen painting and the historical context surrounding it."
529,tt1446714,92,"['7', '2', '6', '8', '4', '9', '5', '9', '7', '3', '1', '8', '6']","['tt1620680', 'tt4831420', 'tt3480796', 'tt3896198', 'tt1397514', 'tt2231461', 'tt1815862', 'tt1446714', 'tt3778644', 'tt4464394', 'tt3899796', 'tt3327624', 'tt1267299']",333, The concept of deep-space exploration and the potential implications for the future of humankind captivate my imagination.
530,tt3922818,163,"['7', '8', '4', '6', '9', '7', '3', '8', '5', '9', '6', '8']","['tt1618442', 'tt1201607', 'tt1815862', 'tt1302011', 'tt1192628', 'tt1509767', 'tt2404233', 'tt1840309', 'tt1397514', 'tt3922818', 'tt1355638', 'tt5607028']",71," I choose this movie because it has a unique and intriguing plot about a boy born on Mars who longs to experience life on Earth. The idea of a young protagonist navigating the challenges of two different worlds and searching for his identity is compelling to me. Additionally, the concept of a forbidden love story and the exploration of human connection across vast distances adds an emotional depth to the film. Overall, I am drawn to the themes"
531,tt4912910,97,"['8', '6', '3', '7', '9', '5', '10', '4', '7', '6']","['tt2911666', 'tt3480796', 'tt3181822', 'tt3732950', 'tt1600196', 'tt5254868', 'tt4912910', 'tt4126568', 'tt3247714', 'tt1829012']",276," I choose this movie because it has received a rating of 10, indicating that it is highly regarded. Additionally, I am a fan of action-packed films, and the plot description of Ethan Hunt and his team trying to prevent a catastrophic event involving plutonium cores sounds thrilling and engaging."
532,tt0970179,510,"['7', '6', '8', '4', '9', '5', '3', '10', '9', '8']","['tt2042568', 'tt5555502', 'tt2053425', 'tt2528814', 'tt2094064', 'tt0479997', 'tt5129510', 'tt0970179', 'tt2025690', 'tt1091191']",460," I choose this movie because it received a rating of 10, which indicates that it was highly enjoyable and well-received. Additionally, the plot description of ""Hugo"" intrigues me with its blend of mystery, adventure, and connection to the past. The idea of a young orphan boy unraveling the secrets of an automaton and discovering his father's past sounds captivating and heartwarming. The combination of a unique"
533,tt1462769,335,"['1', '4', '2', '3', '5', '4', '3', '2', '1', '5', '4', '5', '4']","['tt2828996', 'tt1588173', 'tt1650043', 'tt3553442', 'tt1462769', 'tt1924273', 'tt1715873', 'tt2546038', 'tt5368354', 'tt2065968', 'tt4651520', 'tt1430607', 'tt1478964']",607," I choose this movie because it has the highest rating among the movies I have rated so far, and it received a rating of 5. Additionally, the plot of the movie intrigues me as it explores the theme of parenthood and the unexpected ways in which a child can come into someone's life. I am interested in seeing how the characters navigate this unique situation and what lessons they learn along the way."
534,tt3262342,470,"['7', '8', '6', '4', '7', '9', '5', '6', '9', '3', '8', '9', '8', '10', '7', '6', '9', '7']","['tt2379713', 'tt1345836', 'tt4442130', 'tt1829012', 'tt1499658', 'tt4226388', 'tt2808986', 'tt1770734', 'tt3402236', 'tt4651410', 'tt2053463', 'tt1855199', 'tt6768578', 'tt3262342', 'tt1937133', 'tt2295196', 'tt2347134', 'tt2140423']",261," I choose this movie because it has received a rating of 10, indicating that it is highly acclaimed. Additionally, the unique concept of the film, which is entirely hand-painted in the style of Vincent van Gogh's artwork, is intriguing and promises a visually stunning experience. As a fan of art and storytelling, I am drawn to the idea of exploring the life and psyche of such a renowned artist through this innovative"
535,tt3896198,453,"['6', '7', '5', '8', '4', '9', '2', '10', '3', '9', '8\n\nReason: I would like to watch ""Star Trek Beyond"" because I have always been a fan of the Star Trek franchise. The previous movies in the series have been highly entertaining, and this one seems to have a thrilling plot with the crew facing a new and formidable enemy. Additionally, the idea of the crew being stranded on an unknown planet and having to find a way to survive and stop the enemy adds an extra layer of excitement to the story. Overall, I am excited to see how', '7\n\nReason: I would like to watch ""Vice"" because it presents an interesting and thought-provoking concept of a resort where people can indulge in their wildest fantasies with artificial beings. The idea of an artificial being becoming self-aware and trying to escape adds an intriguing twist to the story. Additionally, the conflict between the resort\'s owner and a determined cop creates a suspenseful atmosphere. Overall, I am curious to see how the movie explores the ethical and moral implications of creating such artificial', '10\n\nReason: I would love to watch ""Black Panther"" because it is a groundbreaking superhero film that offers a unique and fresh perspective. The film explores themes of identity, heritage, and the responsibility of power in a captivating way. The fictional world of Wakanda, with its advanced technology and rich cultural traditions, is visually stunning and immersive. Moreover, the film has received critical acclaim for its strong storytelling, compelling characters, and powerful performances. I am excited to experience the thrilling action and the thought', '9\n\nReason: I would like to watch ""Captain America: Civil War"" because it presents an intriguing conflict within the superhero community. The idea of superheroes being divided over the Hero Registration Act and the different perspectives of Iron Man and Captain America creates a compelling narrative. Additionally, the introduction of new characters like Black Panther and Spider-Man adds excitement to the story. The film promises intense action sequences and explores complex themes of accountability and loyalty. Overall, I am excited to see how the conflict unfolds and the', '5']","['tt2231461', 'tt1446714', 'tt1620680', 'tt5544384', 'tt1397514', 'tt3778644', 'tt3899796', 'tt3896198', 'tt1815862', 'tt1631867', 'tt2660888', 'tt3480796', 'tt1825683', 'tt3498820', 'tt4464394']",440," 2"". I select this movie because I have previously given it a rating of 10 and it aligns with my preferences. I am a fan of the Guardians of the Galaxy franchise and the first movie was highly entertaining. The second installment promises more adventure, humor, and memorable characters. Additionally, the plot of uncovering the truth behind Star Lord's heritage adds an intriguing element to the story. Overall"
536,tt1631867,540,"['7', '6', '8', '4', '9']","['tt0114709', 'tt0816692', 'tt2278388', 'tt4299972', 'tt1631867']",133," I would choose this movie because it has the highest rating among the ones I have viewed so far, with a rating of 9. Additionally, the plot of the movie, with its time loop and increasing skill in battle, sounds intriguing and unique. I am interested in seeing how the protagonist's repeated encounters with the aliens unfold and how they eventually defeat the enemy."
537,tt1631867,378,"['8', '6', '7', '9', '8', '10', '9', '6', '7', '5', '7']","['tt1298554', 'tt4788944', 'tt1698647', 'tt1825683', 'tt3778644', 'tt1631867', 'tt2660888', 'tt1620680', 'tt4547056', 'tt2808986', 'tt2231461']",405," I choose this movie because it received a rating of 10, which indicates that it was highly enjoyable and engaging. Additionally, the plot of the movie, involving time loops and a battle against an alien race, sounds intriguing and promises an exciting and thrilling viewing experience."
538,tt3521164,455,"['7', '4', '3', '9', '6', '8', '7', '9', '8', '10', '6']","['tt1623288', 'tt1691917', 'tt2017020', 'tt2380307', 'tt0377981', 'tt2293640', 'tt1430626', 'tt1690953', 'tt1302011', 'tt3521164', 'tt5544384']",439," I choose this movie because it received the highest rating of 10, and I am particularly interested in the storyline that is based on Polynesian mythology. The plot of a young girl embarking on an epic journey across the Pacific to save her island resonates with me, and I am excited to explore the cultural aspects and adventure portrayed in the film."
539,tt3521164,175,"['6', '7', '4', '3', '8', '9', '2', '10', '5', '9', '7', '4']","['tt1690953', 'tt1430607', 'tt2865120', 'tt1615918', 'tt3411444', 'tt1430626', 'tt4877122', 'tt3521164', 'tt2576852', 'tt1623288', 'tt2452042', 'tt3416828']",263," I choose this movie because it has the highest rating among the movies I have viewed so far. Additionally, I am drawn to the adventurous plot and the exploration of Polynesian mythology. The story of a young girl setting off on a journey to save her island and encountering magical beings and challenges along the way appeals to me."
540,tt0816692,530,"['6', '4', '7', '9', '5', '8', '9', '10', '8']","['tt2962876', 'tt4299972', 'tt2404425', 'tt0816692', 'tt4324274', 'tt1631867', 'tt1677561', 'tt0114709', 'tt2278388']",432," I choose this movie because it received a rating of 9, which is the highest among the movies I have rated so far. Additionally, I am intrigued by the plot of Earth's future being riddled by disasters and the concept of interstellar travel to ensure mankind's survival. The idea of exploring new planets and the challenges faced by the characters in the movie captivate my interest."
541,tt1201607,386,"['Rating: 2', 'Rating: 3', 'Rating: 4', 'Rating: 3', 'Rating: 4', 'Rating: 3', 'Rating: 5', 'Rating: 2', 'Rating: 3', 'Rating: 4']","['tt1302011', 'tt1192628', 'tt1840309', 'tt1509767', 'tt5607028', 'tt3922818', 'tt1201607', 'tt1815862', 'tt0401729', 'tt1355638']",315," I choose this movie because it has the highest rating among the ones I have viewed so far. Additionally, I have always been a fan of the Harry Potter series and have enjoyed the previous movies. I am excited to see the epic conclusion of the story and witness the final battle between Harry and Voldemort."
542,tt3270538,495,"['6', '3', '7', '5', '8', '9', '6', '8', '10', '9', '7', '8', '7', '9', '8', '9', '8', '9', '10', '9', '8']","['tt5804038', 'tt1714917', 'tt1091863', 'tt1999192', 'tt3327994', 'tt2246565', 'tt1605782', 'tt2014338', 'tt3270538', 'tt4393514', 'tt2125666', 'tt2008513', 'tt1417592', 'tt6769208', 'tt5342766', 'tt1223236', 'tt1942884', 'tt3626804', 'tt2304915', 'tt4229236', 'tt1559038']",49," I choose this movie because it delves into the concentration of wealth and power in society, a topic that I find highly relevant and thought-provoking. Noam Chomsky's insights and analysis on the subject make it a compelling documentary that sheds light on the current state of our democracy and the challenges faced by the middle class."
543,tt1623288,537,"['6', '4', '8', '7', '5', '9', '10', '3']","['tt1192628', 'tt6769208', 'tt0970179', 'tt2338151', 'tt1430626', 'tt1499658', 'tt1623288', 'tt1710417']",466," I select this movie because I have enjoyed watching animated films in the past, and the plot of ParaNorman seems intriguing and unique. The idea of a boy who can speak to the dead and has to save his town from a curse sounds like a thrilling and entertaining concept. Additionally, the high rating of 10 indicates that it is well-received by others, which further piques my interest."
544,tt2209418,332,"['7', '6', '8', '5', '3', '9', '4', '7', '6', '7', '9', '8', '8', '7', '2']","['tt1243974', 'tt2073520', 'tt1937118', 'tt5368354', 'tt2322441', 'tt2053425', 'tt1540128', 'tt2756032', 'tt1067774', 'tt2870808', 'tt2209418', 'tt1714915', 'tt2034031', 'tt1710417', 'tt4465564']",91," I choose this movie because I have consistently rated movies with deep and thought-provoking plots higher. ""Before Midnight"" continues the story of Jesse and Celine, a couple who have endured many challenges over the years. The exploration of their relationship and the existential questions they face resonate with me. I am intrigued by the idea of how their love story evolves and how they navigate their changing lives."
545,tt2278388,517,"['8', '5', '9', '7', '3', '9', '6', '8', '10', '7', '9', '4', '6', '9', '8', '7', '5', '9']","['tt0816692', 'tt4073952', 'tt1631867', 'tt2493486', 'tt1349482', 'tt2278388', 'tt2172934', 'tt1677561', 'tt0114709', 'tt1234721', 'tt4299972', 'tt1837709', 'tt2429074', 'tt2404425', 'tt4324274', 'tt2548208', 'tt1978532', 'tt2962876']",76," I choose this movie because it received a high rating of 9 from me and it aligns with my previous preferences. I enjoy Wes Anderson's unique visual style and storytelling, and ""The Grand Budapest Hotel"" is known for its whimsical and eccentric characters, captivating plot, and beautiful cinematography. The combination of humor, adventure, and mystery in this film makes it an intriguing choice for me."
546,tt1631867,6,"['7', '6', '8', '5', '4', '6', '9', '7', '9', '8', '7']","['tt3896198', 'tt2660888', 'tt3778644', 'tt1620680', 'tt3480796', 'tt2231461', 'tt1825683', 'tt1446714', 'tt1631867', 'tt3498820', 'tt5544384']",450," I choose this movie because it has a rating of 9, which is the highest among the movies I have rated so far."
547,tt1588173,390,"['6', '7', '8', '5', '3', '9', '10', '2', '9', '7', '4']","['tt1397514', 'tt2883512', 'tt1430607', 'tt1650043', 'tt4126340', 'tt3553442', 'tt1478964', 'tt4009460', 'tt1588173', 'tt1666801', 'tt1935929']",350," Additionally, I am intrigued by the unique concept of a zombie regaining his humanity and forming a warm relationship with a human. The idea of bridging differences and fighting for a better world is also appealing to me."
548,tt0816692,299,"['7', '6', '8', '4', '3', '9', '7', '8', '5', '10', '6', '7', '8', '7', '9', '6', '3', '9']","['tt2548208', 'tt2278388', 'tt4299972', 'tt1978532', 'tt1349482', 'tt2404425', 'tt2962876', 'tt1677561', 'tt2493486', 'tt0114709', 'tt1837709', 'tt2429074', 'tt1234721', 'tt2172934', 'tt4324274', 'tt4073952', 'tt0089538', 'tt0816692']",442," I choose this movie because it received a high rating of 9, indicating that it is highly regarded by viewers. Additionally, the plot of exploring interstellar travel and the survival of humanity in a distant planet intrigues me. The combination of science fiction, adventure, and the potential for thought-provoking themes makes ""Interstellar"" a compelling choice for me to watch."
549,tt5362988,441,"['5', '3', '8', '9', '7', '10', '6', '4', '9', '8']","['tt3732950', 'tt2059171', 'tt0790724', 'tt5362988', 'tt3062096', 'tt4912910', 'tt2679042', 'tt5254868', 'tt1600196', 'tt2025690']",545," Additionally, the plot description of ""Wind River"" intrigues me as it seems to be a suspenseful and gripping thriller set in a unique location. I am also drawn to the themes of justice and the exploration of past traumas. Overall, ""Wind River"" seems like a compelling and well-crafted"
550,tt3521164,214,"['8', '6', '7', '9', '8', '4', '9', '10', '10', '5', '9']","['tt2380307', 'tt2293640', 'tt3416828', 'tt2452042', 'tt1302011', 'tt4877122', 'tt2576852', 'tt1430607', 'tt3521164', 'tt1615918', 'tt1623288']",579," I would choose this movie because it has received a rating of 10, which indicates that it is highly enjoyable and well-regarded. Additionally, the plot of ""Moana"" is intriguing, as it follows the journey of a determined young girl who sets out to save her island by embarking on an epic adventure across the Pacific. The movie is also based on Polynesian mythology, which adds an interesting and unique"
551,tt2096673,303,"['6', '4', '2', '8', '9', '3', '7', '5', '8', '6', '7', '6', '10', '4', '9', '9', '7', '6', '3', '8', '5', '7']","['tt2452042', 'tt2100546', 'tt4009460', 'tt1430607', 'tt0970179', 'tt4877122', 'tt5184298', 'tt1402488', 'tt1302011', 'tt5480340', 'tt2865120', 'tt3874544', 'tt2096673', 'tt3416828', 'tt1865505', 'tt3411444', 'tt3231054', 'tt1216475', 'tt1935929', 'tt2235542', 'tt1429433', 'tt2112281']",228," Additionally, ""Inside Out"" has a compelling plot that explores the complexities of emotions and the challenges of growing up. It offers a unique and thought-provoking perspective on the human mind, making it an intriguing and engaging choice to watch."
552,tt2278388,542,"['8', '5', '7', '9', '6']","['tt0816692', 'tt4299972', 'tt0114709', 'tt2278388', 'tt1631867']",142," I choose this movie because it has a high rating of 9, which indicates that it is highly regarded by viewers. Additionally, I am interested in the unique and adventurous plot involving a legendary concierge and a lobby boy. The movie promises to be entertaining and engaging, making it a compelling choice for me to watch."
553,tt0114709,268,"['8', '9', '6', '7', '4', '7', '3']","['tt1978532', 'tt0114709', 'tt4299972', 'tt1631867', 'tt1349482', 'tt2429074', 'tt0089538']",499," I choose this movie because it has a rating of 9, which is the highest among the movies I have rated so far. Additionally, I have always been a fan of animated films and Toy Story is a classic that I have heard great things about. I am excited to watch it and experience the imaginative world of toys coming to life."
554,tt2528814,474,"['4', '3', '2', '1', '3', '5', '4', '5', '4', '5', '2', '4', '3', '4', '3', '2', '4']","['tt5129510', 'tt2025690', 'tt3210686', 'tt2528814', 'tt5368354', 'tt2094064', 'tt0970179', 'tt1430607', 'tt2347134', 'tt2042568', 'tt0479997', 'tt3262342', 'tt4193394', 'tt2756032', 'tt1462769', 'tt3231054', 'tt5555502']",527," Although it received a rating of 1, it aligns with my previous preferences for movies with religious themes and thought-provoking concepts. I am interested in exploring the clash of beliefs and the intellectual debates portrayed in the film."
555,tt1478964,307,"['7', '6', '8', '5', '9', '4', '10', '7', '3', '9']","['tt2756032', 'tt3553442', 'tt2065968', 'tt4651520', 'tt1462769', 'tt1650043', 'tt1478964', 'tt1924273', 'tt5368354', 'tt1588173']",142," I choose this movie because it combines elements of action, sci-fi, and comedy, which are genres that I enjoy. The plot of a group of inner-city kids defending their turf against an invasion of alien creatures sounds exciting and entertaining. Additionally, the movie has received positive ratings and reviews, which further piques my interest."
556,tt1840309,239,"['6', '4', '7', '8', '5', '9', '3', '8', '9', '5', '7', '8', '9', '10\n\nReason: I would like to watch ""Rango"" because it offers a unique and entertaining storyline. The combination of animation, humor, and adventure appeals to me. Additionally, the character of Rango, a chameleon taking on the role of a hero and sheriff, seems intriguing and promises an enjoyable and engaging viewing experience.']","['tt1397514', 'tt1698647', 'tt3922818', 'tt1509767', 'tt2404233', 'tt1355638', 'tt1429433', 'tt2017561', 'tt1840309', 'tt1815862', 'tt5480340', 'tt0401729', 'tt5607028', 'tt1192628']",327," I choose this movie because it received a high rating of 9, indicating that it is likely to be a well-crafted and enjoyable film. Additionally, the plot description of a talking cat and a quest for a hidden tribe in Africa sounds intriguing and unique. I am curious to see how the story unfolds and the adventures that the characters embark on."
557,tt1677561,281,"['6', '4', '8', '7', '9', '10', '5', '3', '8']","['tt1978532', 'tt2962876', 'tt4073952', 'tt1837709', 'tt2404425', 'tt1677561', 'tt2429074', 'tt1349482', 'tt1234721']",487," I choose this movie because it explores themes of redemption, self-discovery, and the complexity of life. The plot description of a soul getting a second chance and unraveling the mysteries of its previous life and the reasons behind a teenager's suicide intrigues me. It seems like a thought-provoking and emotionally impactful film that delves into deep existential questions."
558,tt4116284,361,"['7', '6', '8', '9', '9']","['tt1618442', 'tt1496025', 'tt4853102', 'tt2267968', 'tt4116284']",412," 

The reason I choose this movie is because I have enjoyed watching animated movies in the past, such as ""Kung Fu Panda 3"" and ""Batman: The Killing Joke."" The Lego Batman Movie combines the humor and creativity of the Lego universe with the iconic Batman character. It offers a fresh and lighthearted take on the superhero genre, which I find appealing. Additionally, the idea of Batman having to"
559,tt2911666,503,"['7', '6', '8', '9', '5', '4', '10', '3', '9', '7', '6', '5', '10']","['tt2025690', 'tt3247714', 'tt0790724', 'tt4912910', 'tt2059171', 'tt3732950', 'tt2911666', 'tt5254868', 'tt3062096', 'tt1600196', 'tt1829012', 'tt3480796', 'tt5362988']",171," I choose this movie because it received a rating of 10, which is the highest among the movies I have rated so far. Additionally, I am drawn to the intriguing plot of a former assassin seeking revenge after the death of his wife. The action-packed storyline and positive reviews make me excited to watch ""John Wick"" and experience the thrilling journey of the protagonist."
560,tt2267968,227,"['8', '7', '6', '5', '4', '9', '9', '7', '8', '8', '6', '7']","['tt1397514', 'tt5607028', 'tt1618442', 'tt4464394', 'tt2381991', 'tt2802144', 'tt4116284', 'tt1428538', 'tt2267968', 'tt1232829', 'tt1815862', 'tt1496025']",204," I choose this movie because I have previously rated the other movies in the ""Kung Fu Panda"" series quite highly. I enjoyed the humor, animation, and action in the previous films, and I expect the same level of entertainment from this installment. Additionally, the plot of Po training a village full of pandas sounds intriguing and I am curious to see how it unfolds."
561,tt2096673,171,"['2', '3', '4', '5', '3', '1', '4', '5', '2', '3', '4', '3', '5', '2', '4', '1', '3', '5']","['tt1402488', 'tt2235542', 'tt1429433', 'tt2452042', 'tt2112281', 'tt4877122', 'tt1430607', 'tt1865505', 'tt3416828', 'tt5480340', 'tt1216475', 'tt5184298', 'tt3231054', 'tt1935929', 'tt2100546', 'tt4009460', 'tt3874544', 'tt2096673']",525," The reason for selecting this movie is because it has a rating of 5, which is the highest rating among the movies that have been viewed and rated so far. Additionally, ""Inside Out"" has a compelling and relatable storyline about emotions and growing up, which I find interesting and engaging."
562,tt1588173,151,"['8', '4', '6', '7', '3', '9', '5', '10', '9', '8', '9']","['tt1650043', 'tt1935929', 'tt3553442', 'tt1666801', 'tt2828996', 'tt1462769', 'tt5368354', 'tt1588173', 'tt1478964', 'tt2065968', 'tt1430607']",589," I choose this movie because it has a unique and intriguing plot about a zombie named R who starts regaining his humanity after meeting a human girl named Julie. The idea of a zombie romance and the exploration of themes like redemption and the power of love make it an interesting and potentially heartwarming story. Additionally, the high rating I gave it indicates that it is a well-received film, further piquing my curiosity to"
563,tt5487524,22,"['8', '7', '3', '9', '6', '4', '2', '3', '8', '5', '7']","['tt1397514', 'tt3922818', 'tt3899796', 'tt5487524', 'tt2231461', 'tt4464394', 'tt1267299', 'tt4831420', 'tt3327624', 'tt1815862', 'tt3480796']",127, The plot seems intriguing and I am curious to explore this hidden underworld alongside the protagonist.
564,tt1397514,161,"['6', '4', '2', '3', '8', '1', '1', '2', '7', '9', '5']","['tt1666801', 'tt2546038', 'tt2828996', 'tt1935929', 'tt1588173', 'tt4877122', 'tt4009460', 'tt4126340', 'tt1397514', 'tt1430607', 'tt1650043']",525," I choose this movie because it received a rating of 7, which is higher than the other options. Additionally, I enjoy adventure and fantasy films, and the plot of this movie seems intriguing with the search for a mysterious island and the involvement of Jules Verne's stories."
565,tt0401729,4,"['7', '4', '6', '8', '3', '2', '1', '9', '5', '6']","['tt4853102', 'tt1615918', 'tt4126568', 'tt2548208', 'tt2828996', 'tt3899796', 'tt4009460', 'tt0401729', 'tt1600195', 'tt0472181']",151," I would choose this movie because it has a rating of 9, which indicates that it is highly rated by the user."
566,tt1631867,54,"['4', '6', '8', '5', '9', '7', '10', '10', '6']","['tt0089538', 'tt2429074', 'tt1234721', 'tt1349482', 'tt1631867', 'tt2278388', 'tt4299972', 'tt0114709', 'tt1978532']",488," I would choose this movie because it has a unique and intriguing plot. The concept of a time loop and the protagonist's growth and development in each repeated encounter with the aliens make it an exciting and engaging film. Additionally, the dynamic between the two main characters, played by Tom Cruise and Emily Blunt, adds depth to the story. Overall, ""Edge of Tomorrow"" offers a thrilling and thought-provoking experience"
567,tt3896198,13,"['7', '3', '2', '6', '8', '9', '4', '10', '5', '9', '8', '3']","['tt1815862', 'tt3899796', 'tt4831420', 'tt1397514', 'tt1446714', 'tt3922818', 'tt3480796', 'tt3896198', 'tt2231461', 'tt3498820', 'tt3778644', 'tt4464394']",171," 2"" with imdbID tt3896198. I choose this movie because I gave it a rating of 10, which indicates that I highly enjoyed it. I am a fan of superhero movies and the first ""Guardians of the Galaxy"" movie was one of my favorites. I am excited to see the continuation of the story and the adventures of the quirky and lovable characters. Additionally, the plot description of the movie intrigues me with"
568,tt2042568,242,"['7', '6', '8', '9', '7', '8', '6', '9', '5', '7', '9', '6', '8', '5', '9']","['tt3210686', 'tt5555502', 'tt2347134', 'tt2025690', 'tt1430607', 'tt2053425', 'tt3231054', 'tt2756032', 'tt3832914', 'tt2140423', 'tt2094064', 'tt5129510', 'tt1091191', 'tt2528814', 'tt2042568']",495," I choose this movie because I have consistently rated movies with a focus on strong storytelling, compelling characters, and emotional depth. ""Inside Llewyn Davis"" offers a unique and introspective look into the life of a struggling musician, and I am intrigued by the exploration of the folk music scene in 1960s Greenwich Village. The plot promises to delve into the challenges and obstacles faced by the protagonist, making"
569,tt0816711,58,"['1', '2', '3', '4', '5', '2', '1', '4', '3', '3', '5']","['tt2828996', 'tt4464394', 'tt3732950', 'tt4094724', 'tt0816711', 'tt2140423', 'tt3899796', 'tt1727776', 'tt4796122', 'tt4126568', 'tt4348012']",337," The reason for selecting this movie is because I am a fan of thrilling and intense action movies, and ""World War Z"" offers a unique take on the zombie genre. The plot of a global pandemic and the struggle for survival in a post-apocalyptic world intrigues me. Additionally, the movie has received positive reviews for its suspenseful storytelling and impressive visual effects, which further piques my interest."
570,tt1837709,283,"['7', '6', '8', '9', '4', '7', '6', '9', '8', '9']","['tt2429074', 'tt2962876', 'tt2493486', 'tt1837709', 'tt1349482', 'tt4073952', 'tt1978532', 'tt1677561', 'tt1234721', 'tt2404425']",569," I choose this movie because it received a high rating of 9, indicating that it is likely to be a movie that I will enjoy. Additionally, the plot description of ""Winter's Tale"" intrigues me with its elements of fantasy, romance, and a unique setting in New York City. I am drawn to the idea of a story that unfolds in a city filled with imagination"
571,tt3270538,514,"['8', '5', '7', '9', '6', '8', '9', '7', '8', '7']","['tt1417592', 'tt4393514', 'tt2125666', 'tt3270538', 'tt2304915', 'tt1714917', 'tt6769208', 'tt3327994', 'tt1091863', 'tt1972663']",131," I rate it 9. 

The reason I choose this movie is because it delves into the concentration of wealth and power in the hands of a select few, which is a defining characteristic of our time. As someone who values social and economic justice, this documentary resonates with my beliefs and interests. It provides a thought-provoking analysis of the policies that have led to unprecedented inequality"
572,tt6769208,515,"['6', '8', '7', '9', '5', '8', '7', '9', '8', '9']","['tt2125666', 'tt3270538', 'tt1972663', 'tt2304915', 'tt1417592', 'tt1091863', 'tt1714917', 'tt6769208', 'tt4393514', 'tt3327994']",322," I choose this movie because I have always been fascinated by the wonders of the ocean and the intricate ecosystems that exist within it. The documentary promises to provide a deeper understanding of the impact of human activities on the world's oceans, which aligns with my growing concern for environmental issues. Additionally, the inclusion of revolutionary segments and the narration by David Attenborough make it even more enticing."
573,tt1430607,20,"['1', '4', '3', '2', '5', '4', '2', '1', '3', '4']","['tt4877122', 'tt1478964', 'tt3553442', 'tt4009460', 'tt2546038', 'tt1715873', 'tt1935929', 'tt2828996', 'tt1397514', 'tt1430607']",49,
574,tt2027128,187,"['8', '6', '3', '7', '9', '5', '4', '8', '2', '6']","['tt4116284', 'tt4853102', 'tt2379386', 'tt1428538', 'tt2027128', 'tt2458106', 'tt1397514', 'tt3247714', 'tt4651410', 'tt2381991']",435," 

I choose this movie because I have previously rated it with a 9, which is the highest rating among the options provided. Additionally, I am a fan of superhero movies and enjoy watching the Justice League in action. The plot of the movie, where the Justice League members are individually targeted by their enemies, sounds intriguing and promises a thrilling and action-packed story. I am excited to see how the indomitable"
575,tt1588173,410,"['1', '2', '3', '4', '5', '6', '2', '3', '2', '1', '7']","['tt4877122', 'tt2828996', 'tt1666801', 'tt1650043', 'tt1397514', 'tt1430607', 'tt4009460', 'tt2546038', 'tt1935929', 'tt4126340', 'tt1588173']",172," I choose this movie because it has a unique and interesting plot. It explores the idea of a zombie regaining their humanity and forming a warm relationship with a human. This concept adds depth and complexity to the typical zombie genre. Additionally, the idea of bridging the differences between humans and zombies to fight for a better world is intriguing. Overall, ""Warm Bodies"" offers a fresh take on the zombie genre and explores themes of love"
576,tt2404425,394,"['7', '6', '8', '9', '8', '5', '6', '7']","['tt2429074', 'tt1349482', 'tt2962876', 'tt1677561', 'tt2404425', 'tt1978532', 'tt4073952', 'tt1837709']",402," I choose this movie because it tells a compelling story about seeking justice and reclaiming what was stolen during World War II. The plot of the movie resonates with me, as it sheds light on the atrocities committed by the Nazis and the importance of fighting for what is rightfully yours. Additionally, the involvement of Helen Mirren in the film adds to my interest, as she is a talented actress known for her powerful"
577,tt2347134,421,"['6', '7', '5', '8', '4', '3', '9', '10', '2', '7', '6']","['tt2267968', 'tt2802144', 'tt4116284', 'tt2458106', 'tt2808986', 'tt1397514', 'tt1232829', 'tt2347134', 'tt1496025', 'tt2027128', 'tt1428538']",454," I choose this movie because it is a reinterpretation of a classic Western film, which I enjoy. Additionally, the plot of a former assassin being forced to take up the sword again in a period setting intrigues me. The combination of historical elements and action appeals to my preferences."
578,tt1855199,169,"['5', '6', '4', '2', '3', '7']","['tt2295196', 'tt3262342', 'tt2808986', 'tt2735292', 'tt1937133', 'tt1855199']",133," I choose this movie because I have rated it the highest among the options provided. Additionally, the plot of two dedicated cops facing danger and navigating through internal conflicts and external threats intrigues me. I am interested in the dynamic between the two main characters and their pursuit of justice in a challenging environment."
579,tt2802144,353,"['8', '6', '7', '9', '8', '7', '5', '6', '7', '9']","['tt2267968', 'tt1428538', 'tt0803096', 'tt2802144', 'tt4116284', 'tt1232829', 'tt1496025', 'tt1502404', 'tt1618442', 'tt4853102']",222," I choose this movie because it received a high rating of 9 from me and it aligns with my previous preferences for action-packed and thrilling films. The plot of ""Kingsman: The Secret Service"" revolves around a secret organization, intriguing missions, and a mix of humor and intense action. It offers a unique twist on the spy genre and promises an entertaining experience."
580,tt5487524,22,"['7', '6', '3', '8', '9', '5', '2', '4', '7', '6', '7']","['tt1397514', 'tt3922818', 'tt3899796', 'tt5487524', 'tt2231461', 'tt4464394', 'tt1267299', 'tt4831420', 'tt3327624', 'tt1815862', 'tt3480796']",443, The plot sounds intriguing and I am curious to see how the story unfolds.
581,tt1478964,1,"['6', '3', '8', '2', '7', '9', '5', '9', '4', '3', '2']","['tt1397514', 'tt4877122', 'tt1430607', 'tt4009460', 'tt3553442', 'tt1478964', 'tt2546038', 'tt1588173', 'tt1666801', 'tt1935929', 'tt2828996']",216," I chose this movie because I enjoy science fiction and action films, and the plot of a group of inner-city kids defending their turf against savage alien creatures sounds intriguing and exciting to me."
582,tt0993842,482,"['8', '6', '9', '5', '7', '8', '3', '10', '9\n\nI would like to watch the movie ""Hanna"" with a rating of 10. I am intrigued by the plot of a teenage girl who has been raised as an assassin by her father. The idea of her journeying across Europe while evading agents and discovering revelations about her existence and humanity sounds thrilling and captivating. I am excited to see how the story unfolds and how the character of Hanna navigates through her unique circumstances.', '7', '4', '9\n\nI would like to watch the movie ""Holy Motors"" with a rating of 9. The concept of a character who transforms and plays different roles throughout the day without any cameras present is intriguing and unique. I am curious to see how Monsieur Oscar navigates through these different lives and what the underlying meaning behind his transformations may be. The film promises to be a thought-provoking and visually captivating experience.', '6']","['tt1670345', 'tt1401152', 'tt1682180', 'tt3973198', 'tt1974419', 'tt1599348', 'tt2382009', 'tt0993842', 'tt2338151', 'tt1216491', 'tt3067274', 'tt2076220', 'tt1600195']",433," I choose this movie because it has a rating of 10, indicating that it is highly regarded. The plot of a teenage girl trained as an assassin and her journey across Europe while evading agents sounds thrilling and intriguing. I am interested to see how the character of Hanna navigates through her unique circumstances and uncovers revelations about her existence and humanity."
583,tt2048770,99,"['6', '4', '7', '8', '9', '5', '7', '6', '9', '7']","['tt3181822', 'tt1712170', 'tt1658837', 'tt5173032', 'tt1650062', 'tt1957938', 'tt2048770', 'tt2044801', 'tt1837709', 'tt1829012']",218, I choose this movie because I am intrigued by the concept of time travel and the mystery surrounding the protagonist's husband's disappearance. The idea of unlocking the secrets of quantum physics and the potential consequences of altering time fascinate me. I am excited to see how the story unfolds and how the protagonist navigates through the complexities of time.
584,tt1349482,68,"['3', '4', '2', '7', '6']","['tt0089538', 'tt2429074', 'tt1349482', 'tt1234721', 'tt1978532']",406,""" I choose this movie because I enjoy watching movies about high school and cheerleading. The plot seems interesting, with a tough Latina cheerleader facing off against a snobbish all-star cheerleading captain. I am curious to see how Lina Cruz navigates her new school and competes for a spot on the cheerleading team."
585,tt3896198,453,"['5', '4', '3', '7', '6', '8', '2', '9', '3', '10', '8\n\nReason for selection: I would like to watch ""Star Trek Beyond"" because I have always been a fan of the ""Star Trek"" franchise. The previous movies in the series have been enjoyable, and I am curious to see how the crew of the USS Enterprise handles the challenges they face in this installment. Additionally, the plot of being stranded on an unknown planet and facing a ruthless enemy sounds intriguing and action-packed.', '6\n\nReason for selection: I would like to watch ""Vice"" because I am intrigued by the concept of a resort where people can live out their fantasies with artificial beings. The idea of an artificial being becoming self-aware and the ensuing conflict between Julian\'s mercenaries and a determined cop adds an interesting layer of suspense to the plot. I am curious to see how the story unfolds and how the characters navigate this futuristic world.', '10\n\nReason for selection: I would like to watch ""Black Panther"" because it has received widespread acclaim for its storytelling, visuals, and cultural significance. The film explores themes of identity, heritage, and the responsibility that comes with power. Additionally, the character of Black Panther has become an iconic symbol of representation and empowerment for many people. I am excited to experience the rich world of Wakanda and witness the epic story unfold, as T\'Challa navigates the challenges of being a king and', '9\n\nReason for selection: I would like to watch ""Captain America: Civil War"" because it presents an intriguing conflict within the superhero community. The idea of the Hero Registration Act and the division it creates among the Avengers adds a layer of complexity to the story. Additionally, the introduction of new characters like Black Panther and Spider-Man further expands the Marvel Cinematic Universe. I am excited to see the epic battle between Team Iron Man and Team Captain America, as well as the emergence of a new villain', '4']","['tt2231461', 'tt1446714', 'tt1620680', 'tt5544384', 'tt1397514', 'tt3778644', 'tt3899796', 'tt3896198', 'tt1815862', 'tt1631867', 'tt2660888', 'tt3480796', 'tt1825683', 'tt3498820', 'tt4464394']",281," 2"". I would choose this movie because I have given it a high rating of 9, indicating that I thoroughly enjoyed it. As a fan of the Marvel Cinematic Universe, I am excited to continue the journey with the lovable and quirky Guardians of the Galaxy team. The film promises to deliver a mix of action, humor, and memorable characters, making it an entertaining choice for me."
586,tt1937133,538,"['7', '6', '4', '8', '5', '9', '7', '3']","['tt2119532', 'tt3270538', 'tt1210819', 'tt1650062', 'tt1937133', 'tt2008513', 'tt2304915', 'tt1540128']",356," Although it received a rating of 5, it seems to be an intriguing crime thriller with mismatched cops investigating a murder. I enjoy movies in this genre and I'm curious to see how the story unfolds and how the characters work together to solve the case."
587,tt0816692,431,"['7', '4', '9', '2', '8', '6', '10', '5', '7', '3', '9', '8', '9', '10', '6', '8', '7', '6']","['tt1234721', 'tt2429074', 'tt0816692', 'tt0089538', 'tt1677561', 'tt2172934', 'tt1631867', 'tt2493486', 'tt1837709', 'tt1349482', 'tt2278388', 'tt2404425', 'tt4299972', 'tt0114709', 'tt4073952', 'tt2962876', 'tt2548208', 'tt1978532']",487," I choose this movie because it received a high rating of 9 from me and it aligns with my preference for science fiction and adventure films. The plot of exploring interstellar travel and the survival of humanity in a dystopian future is intriguing to me. Additionally, the positive ratings and critical acclaim for the film further convince me to watch it."
588,tt1937133,206,"['6', '4', '7', '5', '8']","['tt1715873', 'tt1210819', 'tt2091935', 'tt1540128', 'tt1937133']",524,""" I choose this movie because it has the highest rating among the movies I have viewed so far, with a rating of 8. Additionally, I am intrigued by the plot of two mismatched cops teaming up to investigate the murder of a business mogul's wife. The idea of their contrasting personalities and working together to solve the case sounds interesting and entertaining to me."
589,tt2278388,43,"['2', '4', '3', '2', '4', '5', '5', '4', '3']","['tt1978532', 'tt4299972', 'tt1349482', 'tt0089538', 'tt2429074', 'tt1631867', 'tt2278388', 'tt0114709', 'tt1234721']",396," I choose this movie because it has a rating of 5, which is the highest among the rated movies. Additionally, ""The Grand Budapest Hotel"" is known for its unique storytelling, visually stunning cinematography, and a stellar cast. The film offers a captivating and whimsical tale set against the backdrop of a changing continent. I am intrigued by the combination of adventure, humor, and the intricate plot, making it a"
590,tt1631867,48,"['6', '8', '7', '5', '9']","['tt1349482', 'tt4299972', 'tt1978532', 'tt0089538', 'tt1631867']",469," I choose this movie because it has a unique and intriguing plot. The idea of a time loop and the protagonist gaining skills with each repetition is fascinating. Additionally, the concept of humans fighting against an unbeatable alien race adds to the suspense and excitement of the film."
591,tt2576852,293,"['8', '6', '7', '9', '4', '5', '3', '8', '9', '6', '7', '9', '10', '6', '8', '7', '9', '10', '8', '9', '7', '8', '5']","['tt1865505', 'tt1839492', 'tt1462769', 'tt2338151', 'tt1071875', 'tt1854564', 'tt2735292', 'tt1667353', 'tt2061702', 'tt2404233', 'tt0829150', 'tt1935859', 'tt1837709', 'tt0990407', 'tt5607028', 'tt1496025', 'tt3564794', 'tt2576852', 'tt0800369', 'tt3731562', 'tt2381991', 'tt0770828', 'tt2379386']",237," Additionally, the plot description suggests that it is a unique and captivating story about a princess and her journey, which appeals to my preference for enchanting and imaginative tales."
592,tt3521164,472,"['6.0', '4.0', '7.0', '8.0', '2.0', '9.0', '5.0', '7.0', '10.0', '9.0']","['tt1430626', 'tt3416828', 'tt5184298', 'tt1690953', 'tt4877122', 'tt1430607', 'tt1402488', 'tt5480340', 'tt3521164', 'tt3262342']",572,"0 and it aligns with my previous preferences for animated adventure films. Additionally, the plot of ""Moana"" is intriguing as it combines elements of sea voyaging, mythology, and a strong female protagonist. I am excited to embark on an epic journey across the Pacific with Moana and experience the beautiful animation and storytelling of this film."
593,tt2883512,14,"['5', '1', '2', '3', '4', '2', '1', '3', '5', '4', '3']","['tt1430607', 'tt4009460', 'tt4126340', 'tt4877122', 'tt1243974', 'tt1935929', 'tt2828996', 'tt1798603', 'tt2883512', 'tt1397514', 'tt2546038']",121," I choose this movie because it has received a rating of 5, which is the highest rating among the movies I have viewed. Additionally, the plot of ""Chef"" appeals to me as it revolves around a chef rediscovering his passion for cooking and embarking on a journey to find his true artistic freedom. The idea of exploring different places and creating delicious food along the way sounds intriguing and enjoyable to me."
594,tt1462769,153,"['8', '7', '4', '6', '5', '2', '3', '9', '1', '10', '9', '7', '10', '8', '9', '3', '10', '6']","['tt5368354', 'tt1588173', 'tt4126340', 'tt1666801', 'tt1650043', 'tt4009460', 'tt2828996', 'tt2756032', 'tt4877122', 'tt1462769', 'tt2065968', 'tt1397514', 'tt2883512', 'tt1924273', 'tt1478964', 'tt1935929', 'tt1430607', 'tt2546038']",113," I would choose this movie because it has received a rating of 10, indicating that it is highly recommended. Additionally, the plot of the movie about a couple learning about parenthood and raising a child in unexpected ways sounds intriguing and heartwarming."
595,tt1631867,41,"['2', '3', '4', '2', '5']","['tt1349482', 'tt1978532', 'tt1631867', 'tt0089538', 'tt4299972']",293," I choose this movie because I enjoy science fiction and action films, and the plot of a time loop and a relentless battle against aliens sounds intriguing. Additionally, the presence of Tom Cruise and Emily Blunt adds to the appeal of the movie."
596,tt2404435,490,"['7', '6', '8', '4', '7', '5', '6', '9', '6', '3', '8']","['tt1853728', 'tt3460252', 'tt3205376', 'tt1210819', 'tt1853728', 'tt2494362', 'tt0409847', 'tt2404435', 'tt3460252', 'tt1648190', 'tt1192628']",287," Additionally, the plot of the townspeople hiring a group of outlaws to protect them from a dangerous industrialist intrigues me. I am excited to see how the seven mercenaries come together and fight for more than just money, making it a compelling and thrilling watch."
597,tt3327624,155,"['7', '2', '6', '8', '9', '4', '7', '6', '5', '8', '3', '9']","['tt3778644', 'tt4831420', 'tt4788944', 'tt5487524', 'tt1631867', 'tt2231461', 'tt3327624', 'tt1620680', 'tt3480796', 'tt3498820', 'tt1267299', 'tt3896198']",142, I choose this movie because I enjoy science fiction and the plot of an elite search and rescue team dealing with a biological outbreak on an off-world mining facility sounds intriguing. The high rating of 7 also indicates that it is likely to be a good movie in terms of my preferences.
598,tt1430626,203,"['8', '6', '7', '9', '5']","['tt1192628', 'tt2293640', 'tt1234721', 'tt1430626', 'tt1216475']",111," I choose this movie because it received the highest rating of 9 out of 10 among the movies I have viewed so far. Additionally, I am intrigued by the unique and adventurous plot of pirates competing for the ""Pirate of the Year"" award, involving Queen Victoria and a rare dodo bird. It seems like a fun and entertaining movie with a mix of humor and adventure."
599,tt1446714,224,"['8', '7', '6', '2', '9', '10', '5', '3', '7', '10', '4']","['tt3922818', 'tt4547056', 'tt1698647', 'tt3899796', 'tt1397514', 'tt1446714', 'tt1620680', 'tt2231461', 'tt4788944', 'tt1825683', 'tt4831420']",314," I choose this movie because it received a rating of 10, which indicates that it is highly enjoyable. Additionally, I am intrigued by the plot description, which involves an archaeologist and a deep-space scientific expedition to investigate the existence of an extraterrestrial species. The mystery and potential for discovery make Prometheus a compelling choice for me."
600,tt2278388,320,"['7', '6', '4', '8', '9', '2', '5', '10', '7']","['tt1631867', 'tt4299972', 'tt1978532', 'tt1234721', 'tt0114709', 'tt0089538', 'tt1349482', 'tt2278388', 'tt2429074']",419," I choose this movie because it has a rating of 10, which indicates that it is highly regarded. Additionally, I have previously rated movies like ""Edge of Tomorrow"" and ""RoboCop"" quite high, and ""The Grand Budapest Hotel"" offers a different genre and style compared to those action-packed films. I am intrigued by the plot involving the adventures of M. Gustave, a legendary concierge, and"
601,tt1441395,167,"['7', '8', '6', '9', '10', '2']","['tt3705412', 'tt1714915', 'tt3487994', 'tt3067274', 'tt1441395', 'tt3201722']",570," I choose this movie because it has the highest rating among the movies I have viewed so far, receiving a rating of 10. Additionally, the plot description intrigues me with its unique and mysterious concept of an alien entity discovering its humanity with tragic consequences. I am drawn to the idea of exploring the complexities of existence and the potential for transformation within the story."
602,tt1430607,20,"['1', '4', '3', '1', '5', '4', '2', '1', '3', '5']","['tt4877122', 'tt1478964', 'tt3553442', 'tt4009460', 'tt2546038', 'tt1715873', 'tt1935929', 'tt2828996', 'tt1397514', 'tt1430607']",224," I choose this movie because it has a rating of 5, which indicates that it is highly recommended. Additionally, the plot description mentions a story about a family in comic dysfunction and an unlikely hero, which sounds interesting and entertaining."
603,tt1430607,93,"['4', '2', '8', '1', '7', '9', '3', '6', '10', '5', '9', '2', '7', '3']","['tt2828996', 'tt1935929', 'tt1588173', 'tt4009460', 'tt1397514', 'tt2546038', 'tt4126340', 'tt1243974', 'tt1430607', 'tt1650043', 'tt2883512', 'tt1798603', 'tt1666801', 'tt4877122']",535," I choose this movie because it has a rating of 10, indicating that it is highly recommended. Additionally, the plot description suggests that it offers a unique and heartwarming take on the story of Santa Claus and Christmas. I am intrigued by the concept of exploring the behind-the-scenes operations of Santa's delivery process and the focus on family dynamics. It seems like a delightful and enjoyable film"
604,tt4191054,10,"['4', '2', '3', '4', '3', '1', '5']","['tt1615918', 'tt0401729', 'tt1600195', 'tt1667353', 'tt1710396', 'tt3899796', 'tt4191054']",288,""" I choose this movie because it is an animated film with a unique concept, combining elements of fairy tales and music. The idea of a madcap fairy tale musical inspired by ""A Midsummer Night's Dream"" sounds intriguing and entertaining. Additionally, the positive rating of 5 indicates that it is likely to be enjoyable and well-received."
605,tt2042568,435,"['5', '4', '3', '4', '2', '5', '3', '4', '2', '4']","['tt1243974', 'tt4193394', 'tt1462769', 'tt5555502', 'tt3832914', 'tt2042568', 'tt2347134', 'tt2094064', 'tt5129510', 'tt2756032']",316," I choose this movie because it received a rating of 5, which is the highest rating among the movies I have viewed so far. Additionally, I am intrigued by the plot description of following a week in the life of a young folk singer navigating the Greenwich Village folk scene of 1961. As a fan of music and period films, I believe this movie will offer a unique and engaging story that combines elements of music,"
606,tt1935859,369,"['8', '7', '6', '9', '8', '7', '9', '6', '4', '7', '9']","['tt1839492', 'tt1865505', 'tt1462769', 'tt0770828', 'tt2338151', 'tt0800369', 'tt2061702', 'tt2027128', 'tt2735292', 'tt1496025', 'tt1935859']",362," I choose this movie because I have always been intrigued by stories that involve mysteries and different worlds. The plot of this movie, with its magical place and peculiar children, sounds fascinating and I am excited to see how the protagonist's special ability plays a role in saving his new friends."
607,tt1855199,85,"['6', '7', '5', '8', '6', '7', '9', '4', '5', '6', '8']","['tt2172934', 'tt2347134', 'tt1829012', 'tt4442130', 'tt2167202', 'tt2134170', 'tt1855199', 'tt2679042', 'tt4651410', 'tt1308729', 'tt2140423']",389," I choose this movie because it has the highest rating among the ones I have viewed, with a rating of 9. Additionally, the plot description intrigues me as it explores the lives of street cops in South Central Los Angeles and their struggles with gang violence and corruption within the police department. I am interested in watching a movie that delves into the complexities of law enforcement and the challenges they face in a"
608,tt1478964,354,"['6', '4', '7', '8', '5', '9', '6', '2', '8']","['tt2883512', 'tt1666801', 'tt2546038', 'tt1478964', 'tt3553442', 'tt1588173', 'tt1650043', 'tt1935929', 'tt4651520']",460," I choose this movie because I enjoyed the concept of a group of tough inner city kids forming an unlikely alliance to defend their turf against savage alien creatures. The plot seems unique and action-packed, which aligns with my preference for thrilling movies. Additionally, the idea of turning a South London apartment complex into an intergalactic war-zone sounds intriguing and promises an exciting viewing experience."
609,tt1618442,388,"['7', '6', '8', '9', '7', '8', '10', '9', '6']","['tt1840309', 'tt1698647', 'tt1429433', 'tt1618442', 'tt5480340', 'tt1355638', 'tt1825683', 'tt3922818', 'tt1397514']",92," The plot of ""The Last Witch Hunter"" intrigues me with its blend of supernatural creatures and a centuries-long battle between witch hunters and witches. Additionally, the idea of a protagonist cursed with immortality adds an interesting twist to the story. Overall, I believe ""The Last Witch Hunter"" will provide an entertaining and thrilling experience"
610,tt1441395,184,"['9', '2', '7', '8', '6', '4', '9', '7', '5', '3', '10']","['tt1714915', 'tt3201722', 'tt3487994', 'tt1596365', 'tt3067274', 'tt2828996', 'tt0905372', 'tt3705412', 'tt4094724', 'tt3099498', 'tt1441395']",479," The idea of an alien entity discovering its own humanity and the consequences that come with it sounds fascinating and thought-provoking. I am drawn to movies that explore complex themes and challenge conventional storytelling, and ""Under the Skin"" seems to offer that kind of experience."
611,tt2883512,14,"['4', '1', '2', '3', '4', '2', '1', '3', '5', '4', '3']","['tt1430607', 'tt4009460', 'tt4126340', 'tt4877122', 'tt1243974', 'tt1935929', 'tt2828996', 'tt1798603', 'tt2883512', 'tt1397514', 'tt2546038']",243,
612,tt2380307,417,"['6.', '7.', '9.', '8.', '5.', '10.', '3.', '7.', '9.', '4.']","['tt1430626', 'tt1623288', 'tt3521164', 'tt1302011', 'tt1691917', 'tt2380307', 'tt4877122', 'tt2293640', 'tt1690953', 'tt0377981']",254," I rate it a 10. The reason I select ""Coco"" is because it has an intriguing plot that revolves around family, music, and a journey of self-discovery. The concept of exploring the Land of the Dead and uncovering the secrets of Miguel's family history is fascinating. Additionally, the movie has received critical acclaim for its beautiful animation, heartfelt storytelling, and memorable music. Overall, ""Coco"
613,tt1429433,217,"['6', '4', '7', '5', '8', '9', '3', '7', '8', '6']","['tt2017561', 'tt1840309', 'tt1192628', 'tt0401729', 'tt1355638', 'tt2065968', 'tt1698647', 'tt1429433', 'tt1509767', 'tt5480340']",125," I choose this movie because it has a unique and interesting plot about a white gorilla who wants to become a ""normal"" gorilla. It also involves a secret mission and adventure in the city, which adds to the excitement. Additionally, the movie has received a rating of 7, which indicates that it is generally well-received. Overall, I am intrigued by the concept of the movie and excited to see"
614,tt1999192,484,"['8', '7', '9', '6', '8', '7', '9', '7', '9', '8']","['tt4229236', 'tt1417592', 'tt2014338', 'tt3270538', 'tt1999192', 'tt1091863', 'tt5342766', 'tt1605782', 'tt2246565', 'tt3626804']",264,""" I choose this movie because I enjoy watching stand-up comedy and Kevin Hart is known for his hilarious performances. I have rated it with an 8, indicating that I expect it to be highly entertaining and funny."
615,tt1957938,110,"['7', '6', '8', '5', '3', '9', '7', '8', '9', '7']","['tt2044801', 'tt5173032', 'tt1741273', 'tt1712170', 'tt3181822', 'tt1829012', 'tt1658837', 'tt2048770', 'tt1837709', 'tt1957938']",186," The reason I choose this movie is because I have consistently rated movies with a darker and more thrilling atmosphere higher. ""Narcopolis"" fits this preference with its futuristic setting, legalized drugs, and the protagonist's pursuit of uncovering a secret conspiracy. I am intrigued by the concept of a dystopian society where drugs are legal and the protagonist's struggle against powerful forces."
616,tt2576852,195,"['6', '4', '7', '5', '8', '9', '3', '10', '9', '7', '2', '6', '10', '8', '4', '3', '9', '5', '6']","['tt2865120', 'tt1402488', 'tt2576852', 'tt3416828', 'tt3411444', 'tt1430607', 'tt5480340', 'tt1623288', 'tt3262342', 'tt2452042', 'tt2017020', 'tt5184298', 'tt3521164', 'tt1690953', 'tt1615918', 'tt4877122', 'tt1430626', 'tt1691917', 'tt0472181']",90," Additionally, I have a preference for animated films and the plot of this movie seems intriguing, with a story about a princess and her journey. I am curious to see how the animation brings the tale to life and to explore the themes of identity and self-discovery that are mentioned in"
617,tt2017561,200,"['7', '6', '8', '9', '4', '5', '9', '7', '8', '6', '7', '9']","['tt5480340', 'tt1840309', 'tt3416828', 'tt3922818', 'tt2404233', 'tt3480796', 'tt2065968', 'tt1429433', 'tt0401729', 'tt1355638', 'tt1698647', 'tt2017561']",398," I choose this movie because I have consistently enjoyed movies with adventure and fantasy elements, and this movie seems to offer just that. The plot of a Buddhist hero on a quest to meet the legendary Monkey King intrigues me, and I am interested in seeing how the complex feelings between Tang Sanzang and Miss Duan unfold throughout the story. Additionally, the presence of demons and the theme of heroism further p"
618,tt1865505,219,"['7', '6', '8', '5', '9', '3', '6', '4', '7', '8', '9', '10', '8', '9', '10']","['tt0800369', 'tt0770828', 'tt2576852', 'tt0990407', 'tt1839492', 'tt2379386', 'tt0829150', 'tt2404233', 'tt2381991', 'tt1462769', 'tt1837709', 'tt1865505', 'tt3564794', 'tt1935859', 'tt5607028']",13," I choose this movie because it combines elements of fantasy, Irish folklore, and a heartfelt story about family and self-discovery. As someone who enjoys magical tales and appreciates cultural mythology, ""Song of the Sea"" resonates with me. The concept of selkies and the journey to free trapped fairy creatures in the modern world intrigues me. Additionally, the animation style and beautiful visuals enhance the overall experience."
619,tt1588173,354,"['7', '4', '6', '8', '7', '9', '5', '2', '9']","['tt2883512', 'tt1666801', 'tt2546038', 'tt1478964', 'tt3553442', 'tt1588173', 'tt1650043', 'tt1935929', 'tt4651520']",105," 

I choose this movie because it offers a unique and intriguing twist on the typical zombie genre. The idea of a zombie regaining his humanity and forming a warm relationship with a human is both fascinating and heartwarming. The concept of bridging the differences between two opposing sides to fight for a better world is also very compelling. Overall, ""Warm Bodies"" promises to be an entertaining and thought-provoking film that I"
620,tt1588173,218,"['2', '2', '4', '8', '9', '7', '6', '3', '7', '9', '8']","['tt2828996', 'tt1935929', 'tt2546038', 'tt1478964', 'tt2883512', 'tt1666801', 'tt1397514', 'tt4877122', 'tt1924273', 'tt1588173', 'tt3553442']",599, The idea of bridging the gap between two opposing sides and fighting for a better world is intriguing to me.
621,tt0970179,510,"['7', '6', '8', '4', '9', '5', '3', '10', '9', '8']","['tt2042568', 'tt5555502', 'tt2053425', 'tt2528814', 'tt2094064', 'tt0479997', 'tt5129510', 'tt0970179', 'tt2025690', 'tt1091191']",316," I choose this movie because it has received a rating of 10, which is the highest rating I have given so far. Additionally, the plot of ""Hugo"" intrigues me with its blend of mystery, adventure, and connections to the past. The story of an orphan boy, his quest to unlock the secrets of an automaton, and his encounter with a shopkeeper and his god-daughter sounds captivating and heart"
622,tt1837709,127,"['7', '6', '8', '4', '5', '7', '9', '8']","['tt1234721', 'tt2548208', 'tt2172934', 'tt0089538', 'tt1349482', 'tt1978532', 'tt2429074', 'tt1837709']",341," I choose this movie because it has a unique and intriguing plot set in New York City. The combination of a love story, mystery, and elements of fantasy make it an interesting and captivating choice. Additionally, the strong performances by Colin Farrell and Jessica Brown Findlay add to the appeal of the film."
623,tt1430607,98,"['3', '4', '2', '3', '1', '5', '2', '4', '3', '1']","['tt1935929', 'tt1430607', 'tt4877122', 'tt1798603', 'tt2828996', 'tt2546038', 'tt4126340', 'tt1397514', 'tt1243974', 'tt4009460']",142," 

I choose this movie because it has a unique and interesting concept of revealing the secret world of Santa Claus and how he delivers presents. The plot revolves around a dysfunctional family and an unlikely hero, which adds an element of comedy and heartwarming moments. Additionally, the animation and visual effects are appealing. Overall, it seems like a fun and entertaining movie to watch during the holiday season."
624,tt0816692,263,"['7', '6', '5', '8', '4', '9', '10', '2', '7', '9', '6', '8', '7']","['tt2404425', 'tt4299972', 'tt4073952', 'tt1677561', 'tt1978532', 'tt2962876', 'tt0114709', 'tt1349482', 'tt2429074', 'tt0816692', 'tt1234721', 'tt2493486', 'tt1837709']",32," 

I choose Interstellar because it received a rating of 9, which is one of the highest ratings among the movies I have viewed so far. Additionally, I am intrigued by the plot, which involves interstellar travel, the survival of humanity, and the exploration of new worlds. The concept of a newly discovered wormhole and the possibility of finding a planet that can sustain human life fascinates me."
625,tt4853102,109,"['7', '8', '6', '5', '9', '8', '4', '7', '6', '9', '7', '8']","['tt1232829', 'tt2802144', 'tt0803096', 'tt2458106', 'tt2027128', 'tt2267968', 'tt2808986', 'tt1428538', 'tt1937133', 'tt4853102', 'tt0825283', 'tt1618442']",231," The plot of this movie, where the Joker targets the Gordon family, seems intriguing and promises a thrilling and intense storyline. Additionally, the movie explores the complex relationship between Batman and the Joker, delving into their psychological dynamics. Overall, I am excited to watch this movie because of its dark and thought-provoking themes."
626,tt2278388,234,"['7', '8', '9', '4', '10', '6', '5', '7', '8']","['tt2429074', 'tt1631867', 'tt2278388', 'tt0089538', 'tt0114709', 'tt1978532', 'tt1349482', 'tt4299972', 'tt1234721']",507," 

Based on my previous preferences and ratings, I have consistently enjoyed movies with intriguing plots and strong storytelling. The Grand Budapest Hotel has received a high rating of 9, indicating that it is likely to be a well-crafted film. Additionally, the plot description of the movie, involving the adventures of a legendary concierge and the theft of a priceless painting, sounds captivating and promises an engaging narrative.

Therefore, I choose The Grand"
627,tt2096673,297,"['2', '3', '4', '2', '3', '1', '5', '4', '5', '3', '2', '4', '5', '5', '3', '4', '3', '4', '3', '5']","['tt4009460', 'tt1429433', 'tt3874544', 'tt1935929', 'tt2235542', 'tt4877122', 'tt2096673', 'tt2100546', 'tt2452042', 'tt2112281', 'tt4592572', 'tt1216475', 'tt1865505', 'tt1430607', 'tt5480340', 'tt3231054', 'tt3416828', 'tt1402488', 'tt5184298', 'tt3411444']",570," Additionally, the user has consistently rated movies with a focus on storytelling, emotional depth, and relatability. ""Inside Out"" is known for its unique and imaginative storytelling, exploring the complexities of emotions and the human mind. It offers a thought-provoking and heartfelt experience, which aligns with the user's preferences"
628,tt1837709,326,"['2', '4', '3', '4', '3', '4', '2', '5', '4', '3']","['tt2379386', 'tt3731562', 'tt0770828', 'tt1839492', 'tt1462769', 'tt3564794', 'tt1496025', 'tt1837709', 'tt2061702', 'tt0829150']",298," I choose this movie because it has received the highest rating of 5 among the movies I have viewed. Additionally, the plot of ""Winter's Tale"" intrigues me as it combines elements of fantasy, romance, and drama. The story of a burglar falling in love with a young girl who is dying adds an emotional depth to the film. I am curious to see how the characters navigate their unique circumstances and how"
629,tt2278388,548,"['6', '7', '8', '5', '9', '7', '8', '9', '10', '6']","['tt4073952', 'tt1631867', 'tt0816692', 'tt1677561', 'tt2404425', 'tt2962876', 'tt4299972', 'tt0114709', 'tt2278388', 'tt4324274']",291," I choose this movie because it has a unique and intriguing plot set in a historical backdrop. The adventures of M. Gustave and Zero Moustafa in a famous European hotel during the interwar period, along with the theft and recovery of a priceless painting, promise an exciting and captivating story. Additionally, the stellar cast and Wes Anderson's distinctive visual style make it a visually stunning film."
630,tt1631867,316,"['1', '2', '3', '2', '4']","['tt0089538', 'tt1349482', 'tt4299972', 'tt1978532', 'tt1631867']",208," 

Based on my previous ratings, I have given high ratings to movies like ""The Matrix"" and ""The Sixth Sense"" which are both in the sci-fi and thriller genres. ""Edge of Tomorrow"" also falls into the sci-fi genre and has a thrilling plot involving an alien invasion and time loops. Additionally, the concept of the protagonist improving his combat skills with each repeated encounter intrigues me.

Therefore, I choose ""Edge of"
631,tt1825683,355,"['6', '7', '4', '9', '8', '5', '7', '9', '6', '7', '8']","['tt1698647', 'tt5480340', 'tt2381991', 'tt1825683', 'tt1302011', 'tt1397514', 'tt0401729', 'tt3922818', 'tt2017561', 'tt1355638', 'tt1840309']",27," I choose this movie because it received a high rating of 9 from me and I am a fan of superhero movies. Additionally, the plot of ""Black Panther"" seems intriguing, with the protagonist facing challenges within his own country and having to team up with others to protect Wakanda. I am excited to see the cultural representation and the technologically advanced world of Wakanda portrayed in the film."
632,tt1588173,107,"['7', '8', '3', '9', '2', '6', '5', '7', '4', '8', '1', '10', '9', '7', '8', '6', '7']","['tt2546038', 'tt1478964', 'tt4877122', 'tt2883512', 'tt2828996', 'tt1650043', 'tt1397514', 'tt1462769', 'tt1935929', 'tt3553442', 'tt4009460', 'tt1588173', 'tt1430607', 'tt1924273', 'tt2065968', 'tt2756032', 'tt1666801']",104," I choose this movie because it received a rating of 10, which indicates that it was highly enjoyed by the user. Additionally, ""Warm Bodies"" offers a unique twist on the zombie genre, exploring themes of love, redemption, and the power of human connection. The idea of a zombie regaining his humanity and forming a warm relationship with a human is intriguing and promises an interesting and heartfelt story."
633,tt2802144,227,"['7', '8', '6', '4', '5', '9', '8', '7', '9', '8', '6', '7']","['tt1397514', 'tt5607028', 'tt1618442', 'tt4464394', 'tt2381991', 'tt2802144', 'tt4116284', 'tt1428538', 'tt2267968', 'tt1232829', 'tt1815862', 'tt1496025']",375," I choose this movie because it has the highest rating among the movies I have viewed so far, with a rating of 9. Additionally, I enjoy action-packed spy movies, and ""Kingsman: The Secret Service"" offers a unique blend of humor, stylish action sequences, and a compelling storyline. The movie has received positive reviews for its entertaining and thrilling plot, as well"
634,tt1855199,169,"['7', '6', '4', '3', '5', '8']","['tt2295196', 'tt3262342', 'tt2808986', 'tt2735292', 'tt1937133', 'tt1855199']",254," I choose this movie because it received the highest rating among the movies I viewed, and it seems to have an intense and gripping plot. The story revolves around two dedicated cops facing dangerous challenges in a crime-ridden area, and their struggle against a powerful cartel adds an additional layer of suspense. I am intrigued by the dynamic between the two main characters and their personal lives, which adds depth to the story. Overall, """
635,tt1234721,71,"['5', '6', '3', '4', '2']","['tt1349482', 'tt1234721', 'tt1978532', 'tt2429074', 'tt0089538']",404," I choose this movie because it has a higher rating compared to the others I have viewed. Additionally, I am interested in the futuristic concept of a part-man, part-robot police officer and how it explores themes of justice and technology."
636,tt1631867,41,"['6', '4', '8', '3', '9']","['tt1349482', 'tt1978532', 'tt1631867', 'tt0089538', 'tt4299972']",494," 

I choose this movie because it has a unique and intriguing plot. The idea of a time loop and the protagonist getting better with each repetition of the same battle is fascinating. Additionally, the concept of humans fighting against an unbeatable alien race adds to the suspense and excitement. The combination of action, science fiction, and the strong performances by Tom Cruise and Emily Blunt make it a compelling choice."
637,tt2042568,435,"['6', '7', '5', '8', '4', '9', '10', '8', '3', '9']","['tt1243974', 'tt4193394', 'tt1462769', 'tt5555502', 'tt3832914', 'tt2042568', 'tt2347134', 'tt2094064', 'tt5129510', 'tt2756032']",465," I choose this movie because I enjoy stories that delve into the struggles and complexities of pursuing a passion, in this case, music. The plot set in the Greenwich Village folk scene of 1961 intrigues me, and I am curious to see how the main character navigates the challenges and obstacles he faces. Additionally, the high rating I gave to this movie indicates that it resonated with me on multiple levels, making me"
638,tt1509767,253,"['6', '7', '8', '9', '7', '5', '9', '8', '7', '6', '4', '9', '10']","['tt1397514', 'tt2065968', 'tt3922818', 'tt1355638', 'tt1302011', 'tt1815862', 'tt5607028', 'tt1840309', 'tt1192628', 'tt0401729', 'tt2404233', 'tt1509767', 'tt1201607']",244," I choose this movie because I have rated it the highest among the options provided. Additionally, I enjoy stories of adventure, camaraderie, and historical settings, which ""The Three Musketeers"" encompasses. The plot of the film, with its combination of action, intrigue, and loyalty, appeals to my preferences, making it the movie I am most interested in watching."
639,tt2883512,61,"['7', '6', '8', '9', '7', '3', '10', '5', '2', '9', '4', '8', '6', '9', '3', '7']","['tt1397514', 'tt1666801', 'tt2065968', 'tt1430607', 'tt2756032', 'tt4009460', 'tt2883512', 'tt1650043', 'tt1935929', 'tt1478964', 'tt2828996', 'tt3553442', 'tt2546038', 'tt1588173', 'tt4877122', 'tt1924273']",438," I choose this movie because it has a rating of 10, which indicates that it is highly regarded. Additionally, the plot of the movie, which revolves around a chef rediscovering his passion for cooking and finding a deeper connection with his family, resonates with me. As someone who appreciates food and values the importance of family, this movie seems like a perfect choice for an enjoyable and meaningful viewing experience."
640,tt1865505,424,"['6', '4', '7', '8', '5', '7', '9', '6', '8', '9']","['tt0770828', 'tt0990407', 'tt3731562', 'tt0800369', 'tt0829150', 'tt1667353', 'tt1865505', 'tt1496025', 'tt1839492', 'tt1935859']",104," I would choose this movie because it has a high rating of 9 and it seems to be a unique and enchanting story about Irish and Scottish legends. As someone who enjoys fantasy and magical themes, this movie appeals to my preferences. The plot of a young girl on a journey to free fairy creatures trapped in the modern world sounds intriguing and I am curious to see how it unfolds."
641,tt2883512,209,"['6', '4', '7', '8', '2', '9', '3', '5', '6', '8', '9', '7', '10', '10', '7']","['tt2756032', 'tt1650043', 'tt1666801', 'tt4651520', 'tt4877122', 'tt1462769', 'tt1935929', 'tt2828996', 'tt5368354', 'tt1397514', 'tt1478964', 'tt3553442', 'tt1588173', 'tt2883512', 'tt1924273']",563," Additionally, the plot of ""Chef"" resonated with me as it tells the story of a talented chef who rediscovers his passion for cooking and finds a deeper connection with his life and family. This theme of self-discovery and pursuing one's true passion is something that I find inspiring and relatable."
642,tt4912910,380,"['8', '3', '7', '6', '9', '5', '8', '4', '6', '9']","['tt2911666', 'tt1865393', 'tt2059171', 'tt2025690', 'tt4912910', 'tt4471456', 'tt0790724', 'tt2450186', 'tt3973198', 'tt4547056']",433," I choose this movie because I have consistently rated action-packed and thrilling movies higher in the past. This movie promises intense action sequences, a gripping plot, and the return of the beloved character Ethan Hunt. I am excited to watch the latest installment in the Mission: Impossible franchise and see how the story unfolds."
643,tt2883512,126,"['6', '4', '7', '2', '8', '9', '10', '7', '3', '5', '8', '9', '4', '9', '3', '6', '10']","['tt2546038', 'tt3553442', 'tt1715873', 'tt4009460', 'tt1666801', 'tt1478964', 'tt1430607', 'tt1462769', 'tt4877122', 'tt1397514', 'tt1924273', 'tt4651520', 'tt2828996', 'tt1588173', 'tt1935929', 'tt1650043', 'tt2883512']",378," I choose this movie because it received a rating of 10, which indicates that it was highly enjoyed by the user. Additionally, the plot of the movie, which revolves around a chef rediscovering his passion for cooking and finding a deeper connection with his family, sounds intriguing and heartwarming. It seems like a feel-good movie with themes of self-discovery and following one's dreams, which aligns with the user's previous"
644,tt2404425,344,"['6', '4', '7', '8', '6', '9', '10', '5', '9']","['tt2429074', 'tt2962876', 'tt1234721', 'tt4073952', 'tt1978532', 'tt1837709', 'tt2404425', 'tt1349482', 'tt1677561']",267," Additionally, the plot of the movie, which revolves around seeking justice for art theft during World War II, seems intriguing and thought-provoking. The movie offers a compelling story and the opportunity to learn about historical events while also exploring themes of resilience and the pursuit of justice."
645,tt1837709,394,"['7', '4', '8', '9', '6', '5', '3', '7']","['tt2429074', 'tt1349482', 'tt2962876', 'tt1677561', 'tt2404425', 'tt1978532', 'tt4073952', 'tt1837709']",55," I choose this movie because it has a captivating and unique plot set in New York City. The combination of romance, mystery, and fantasy elements intrigues me. Additionally, the love story between Peter and Beverly, despite the obstacles they face, adds an emotional depth to the film. Overall, Winter's Tale seems like an interesting and heartfelt movie that I would enjoy watching."
646,tt4116284,383,"['8', '4', '7', '9', '6', '5', '8', '9', '7', '6', '3', '2', '8', '9']","['tt4853102', 'tt1815862', 'tt1232829', 'tt2347134', 'tt2267968', 'tt4651410', 'tt1618442', 'tt2802144', 'tt1428538', 'tt2381991', 'tt2379386', 'tt4464394', 'tt1496025', 'tt4116284']",335," I choose this movie because it has a high rating of 9, which indicates that it is highly enjoyable and well-received by viewers. Additionally, the plot of Batman teaming up with others and learning to lighten up sounds intriguing and promises a fun and entertaining experience."
647,tt1618442,388,"['7', '5', '3', '8', '6', '9', '10', '7', '4']","['tt1840309', 'tt1698647', 'tt1429433', 'tt1618442', 'tt5480340', 'tt1355638', 'tt1825683', 'tt3922818', 'tt1397514']",390," I choose this movie because I have given it the highest rating of 8, indicating that I enjoyed it more than the others. Additionally, I am intrigued by the concept of a modern world where witches still exist and the protagonist, Kaulder, being an immortal witch hunter. The plot seems to promise an epic battle and a conflict that could potentially affect the survival of the human race. Overall, I am excited to watch """
648,tt1837709,352,"['6', '4', '7', '8', '5', '3', '9', '10', '2', '6']","['tt2493486', 'tt2962876', 'tt1234721', 'tt2404425', 'tt4073952', 'tt2429074', 'tt1837709', 'tt1677561', 'tt1349482', 'tt1978532']",550," I choose this movie because it received a rating of 9, which is the highest among the movies I have rated so far. Additionally, the plot description of ""Winter's Tale"" intrigues me with its blend of romance, fantasy, and mystery. The idea of a love story set in a magical version of New York City, coupled with the themes of life, death, and second chances, capt"
649,tt1618442,371,"['8', '7', '6', '9', '5', '8', '7']","['tt2267968', 'tt1232829', 'tt4116284', 'tt1618442', 'tt1496025', 'tt2802144', 'tt4853102']",359," I choose this movie because I have a preference for supernatural and fantasy genres, and the plot of a lone warrior battling witches in a modern world intrigues me. Additionally, the concept of immortality and the protagonist's longing for his lost loved ones adds an emotional depth to the story. Overall, ""The Last Witch Hunter"" aligns with my previous preferences and offers an interesting and unique premise."
650,tt0816692,33,"['8', '3', '7', '9', '6', '5', '4', '7', '8', '6', '7', '2', '9', '5', '10', '9', '8', '7']","['tt0114709', 'tt0089538', 'tt2548208', 'tt1631867', 'tt2278388', 'tt1234721', 'tt1978532', 'tt2493486', 'tt2172934', 'tt1837709', 'tt2962876', 'tt1349482', 'tt2404425', 'tt2429074', 'tt0816692', 'tt1677561', 'tt4299972', 'tt4324274']",331," I choose this movie because it explores the concept of interstellar travel and the survival of humanity. The plot is intriguing and the film has received high ratings and positive reviews. I am particularly interested in the exploration of space and the unknown, making ""Interstellar"" an exciting choice for me."
651,tt1192628,221,"['8', '7', '9', '6', '8', '7', '9', '4', '9', '7', '8', '6', '5']","['tt5480340', 'tt2017561', 'tt5607028', 'tt1815862', 'tt1192628', 'tt0401729', 'tt3922818', 'tt2404233', 'tt1840309', 'tt1355638', 'tt1509767', 'tt1698647', 'tt1397514']",287," I choose this movie because it has a rating of 7, which is one of the highest ratings among the movies I have viewed. Additionally, I am intrigued by the plot description of a Civil War veteran who finds himself on Mars and gets involved in a conflict. The combination of adventure, science fiction, and the exploration of an unknown world appeals to me."
652,tt3521164,472,"['7', '6', '5', '8', '3', '9', '6', '7', '10', '9']","['tt1430626', 'tt3416828', 'tt5184298', 'tt1690953', 'tt4877122', 'tt1430607', 'tt1402488', 'tt5480340', 'tt3521164', 'tt3262342']",201," Additionally, I have a preference for animated movies and the plot of ""Moana"" appeals to me. The story of a young girl embarking on an epic journey across the Pacific, accompanied by a demigod, to save her island resonates with my sense of adventure and exploration. Moreover, the film is based on Polynesian mythology, which adds"
653,tt1430607,412,"['2', '3', '1', '4', '3', '2', '1', '5', '2', '4']","['tt4877122', 'tt1798603', 'tt4126340', 'tt2546038', 'tt1243974', 'tt2828996', 'tt4009460', 'tt1430607', 'tt1935929', 'tt1397514']",94," 

I choose this movie because it received the highest rating of 5 out of all the movies I viewed. Additionally, the plot of ""Arthur Christmas"" intrigues me as it explores the behind-the-scenes operation of Santa Claus and his family. I am interested to see how the movie combines comedy and adventure while also highlighting the importance of family and the spirit of Christmas."
654,tt3553442,61,"['7', '6', '8', '9', '7', '2', '10', '5', '3', '9', '4', '8', '6', '9', '2', '7']","['tt1397514', 'tt1666801', 'tt2065968', 'tt1430607', 'tt2756032', 'tt4009460', 'tt2883512', 'tt1650043', 'tt1935929', 'tt1478964', 'tt2828996', 'tt3553442', 'tt2546038', 'tt1588173', 'tt4877122', 'tt1924273']",38," I choose this movie because it explores the experiences of a news reporter in war-torn Afghanistan, providing a unique perspective on the challenges and realities of reporting in a conflict zone. It delves into the emotional and personal struggles faced by the protagonist, offering a thought-provoking narrative."
655,tt1837709,312,"['7', '4', '8', '6', '9', '5', '7', '6']","['tt2404425', 'tt1978532', 'tt1677561', 'tt2962876', 'tt1837709', 'tt1349482', 'tt4073952', 'tt2429074']",32," Additionally, the plot description of a love story set in a magical and imaginative version of New York City intrigues me. I am drawn to the idea of a forbidden romance and the themes of love and mortality."
656,tt1748122,302,"['8', '6', '7', '9', '5', '7', '9', '8', '6', '7', '9', '8']","['tt2034031', 'tt2091935', 'tt2870808', 'tt1748122', 'tt5368354', 'tt1540128', 'tt2209418', 'tt1937118', 'tt4513674', 'tt2073520', 'tt1714915', 'tt2756032']",572," I choose this movie because it has the highest rating among the ones I have viewed so far (9). Additionally, the plot description of two young individuals falling in love and running away together on an island off the coast of New England in the 1960s intrigues me. The idea of various factions of the town mobilizing to search for them and the town being turned upside down adds an element of adventure and curiosity"
657,tt2576852,293,"['7', '6', '8', '9', '4', '5', '3', '7', '9', '6', '8', '9', '8', '7', '9', '6', '8', '9', '8', '7', '6', '9', '5']","['tt1865505', 'tt1839492', 'tt1462769', 'tt2338151', 'tt1071875', 'tt1854564', 'tt2735292', 'tt1667353', 'tt2061702', 'tt2404233', 'tt0829150', 'tt1935859', 'tt1837709', 'tt0990407', 'tt5607028', 'tt1496025', 'tt3564794', 'tt2576852', 'tt0800369', 'tt3731562', 'tt2381991', 'tt0770828', 'tt2379386']",222," I choose this movie because it received a high rating of 9, indicating that I found it to be an exceptional film. Additionally, the plot description of a princess found in a bamboo and her journey through life intrigued me. I appreciate the unique and captivating storyline, and I am eager to explore the themes and visuals presented in this movie."
658,tt1596365,181,"['6', '4', '7', '5', '2', '3', '8', '1', '9', '4', '7', '6', '9', '2', '5', '3']","['tt3705412', 'tt0905372', 'tt4094724', 'tt4126568', 'tt3201722', 'tt2828996', 'tt1596365', 'tt3099498', 'tt1714915', 'tt3067274', 'tt2140423', 'tt3487994', 'tt1441395', 'tt3899796', 'tt4464394', 'tt4796122']",307," I choose this movie because it received a high rating of 8, indicating that it is likely to be a well-made and engaging film. Additionally, the plot description intrigues me, as it promises a haunting and suspenseful story set in an atmospheric setting. I am interested in watching a supernatural thriller with a historical background, and The Woman in Black seems to fit the bill perfectly."
659,tt1441395,21,"['6', '3', '7', '4', '8', '2', '5', '9', '8', '7']","['tt1596365', 'tt2828996', 'tt2581244', 'tt2140423', 'tt3067274', 'tt3899796', 'tt4796122', 'tt1441395', 'tt0905372', 'tt4094724']",585, The plot description intrigues me as it explores the concept of an alien entity discovering its own humanity. I am interested in seeing how the movie explores this theme and the potential tragic and terrifying consequences that arise from it.
660,tt1596365,181,"['6', '7', '4', '5', '2', '3', '8', '6', '9', '5', '7', '4', '9', '3', '5', '4']","['tt3705412', 'tt0905372', 'tt4094724', 'tt4126568', 'tt3201722', 'tt2828996', 'tt1596365', 'tt3099498', 'tt1714915', 'tt3067274', 'tt2140423', 'tt3487994', 'tt1441395', 'tt3899796', 'tt4464394', 'tt4796122']",461," I choose this movie because it has a rating of 8, which is the highest among the movies I have rated so far. Additionally, I am intrigued by the plot involving a haunted house and a vengeful ghost seeking revenge. I enjoy supernatural thrillers, and this movie seems to offer a suspenseful and chilling experience."
661,tt1397514,91,"['6', '7', '4', '3', '8', '9', '5', '4', '7', '2']","['tt1620680', 'tt3778644', 'tt1397514', 'tt1267299', 'tt4547056', 'tt3896198', 'tt1698647', 'tt4464394', 'tt3480796', 'tt3899796']",343," 

I choose this movie because I enjoy adventure films with a touch of mystery. The plot of discovering a hidden island based on clues left by Jules Verne sounds intriguing. Additionally, the inclusion of Dwayne ""The Rock"" Johnson in the cast adds an element of excitement and action. Overall, I believe ""Journey 2: The Mysterious Island"
662,tt1677561,434,"['6', '4', '7', '8', '9', '8', '5', '9']","['tt4073952', 'tt2962876', 'tt1978532', 'tt2429074', 'tt1837709', 'tt2404425', 'tt1349482', 'tt1677561']",514," I choose this movie because it has a unique and intriguing plot that explores themes of redemption, self-discovery, and the complexities of life. The idea of a soul being given a second chance and having to uncover the secrets of its past life and the reasons behind someone's suicide is captivating. Additionally, the exploration of different shades of grey and colors in the real world adds an interesting layer to the story. Overall, ""Color"
663,tt1677561,394,"['4', '3', '5', '4', '5', '2', '3', '4']","['tt2429074', 'tt1349482', 'tt2962876', 'tt1677561', 'tt2404425', 'tt1978532', 'tt4073952', 'tt1837709']",413," I choose this movie because it explores themes of redemption, self-discovery, and the complexities of life. The plot revolves around a soul given a second chance in the body of a troubled teenager, and its journey to uncover the secrets of its past life and the reasons behind the protagonist's suicide. The concept of exploring different shades of grey and the true meaning of life intrigues me, and I believe this movie"
664,tt0790724,322,"['6', '2', '7', '4', '8', '9', '5', '10', '3', '6']","['tt3973198', 'tt1865393', 'tt0790724', 'tt2059171', 'tt4547056', 'tt4912910', 'tt2025690', 'tt2911666', 'tt4471456', 'tt2450186']",245," I choose this movie because it has a high rating of 7 and it seems to be an intriguing and suspenseful thriller. The plot description suggests a captivating story with a twist, and the idea of a man seeking to confirm the guilt of the accused adds an interesting element to the narrative. I am drawn to movies that keep me engaged and guessing, and ""Jack Reacher"" seems to fit that criteria."
665,tt5362988,478,"['6', '7', '5', '8', '4', '9', '7', '9', '6', '8', '5']","['tt3062096', 'tt4912910', 'tt3247714', 'tt1600196', 'tt1829012', 'tt5362988', 'tt2025690', 'tt2911666', 'tt2059171', 'tt0790724', 'tt5254868']",59," The reason I want to watch ""Wind River"" is because I am intrigued by the plot that involves a murder investigation in a remote and unforgiving territory. The combination of mystery, suspense, and the exploration of justice makes it a compelling choice for me."
666,tt2911666,487,"['8', '7', '6', '5', '9', '4', '10', '7', '9', '8', '6', '9', '8', '7', '3']","['tt5254868', 'tt4912910', 'tt3247714', 'tt2059171', 'tt3480796', 'tt3732950', 'tt2911666', 'tt1829012', 'tt5362988', 'tt1600196', 'tt3973198', 'tt2025690', 'tt0790724', 'tt3062096', 'tt4126568']",207," However, I also choose ""John Wick"" because I enjoy action movies and the plot of a retired assassin seeking revenge resonates with me. Additionally, the high ratings and positive reviews from other viewers further pique my interest in watching this film."
667,tt2345759,1,"['3', '2', '4', '3', '5', '6']","['tt2528814', 'tt4009460', 'tt5254868', 'tt3832914', 'tt1600195', 'tt2345759']",239," I choose this movie because it has the highest rating among the ones I have viewed, with a rating of 6."
668,tt0409847,222,"['6', '5', '7', '3', '8']","['tt1399103', 'tt0990407', 'tt4348012', 'tt1935929', 'tt0409847']",178," I choose this movie because it combines the elements of the Old West and science fiction, which I find intriguing. The idea of a lone cowboy leading an uprising against extraterrestrial invaders is a unique and exciting concept. Additionally, the presence of renowned actors such as Daniel Craig and Harrison Ford adds to my interest in watching this film."
669,tt1192628,216,"['7', '6', '8', '5', '7', '6', '4', '9', '7', '8', '6']","['tt1840309', 'tt1509767', 'tt2065968', 'tt1429433', 'tt1698647', 'tt5480340', 'tt1815862', 'tt1192628', 'tt0401729', 'tt2017561', 'tt1355638']",282," I choose this movie because it has the highest rating among the movies I have viewed so far. Additionally, I am drawn to the unique concept of a chameleon becoming a hero in an old western town. The plot seems intriguing and I am interested in seeing how Rango takes on the role of a sheriff and solves the case of the missing water."
670,tt1430607,412,"['1', '3', '2', '4', '3', '2', '1', '5', '2', '4']","['tt4877122', 'tt1798603', 'tt4126340', 'tt2546038', 'tt1243974', 'tt2828996', 'tt4009460', 'tt1430607', 'tt1935929', 'tt1397514']",272," I choose this movie because it has the highest rating among the movies I have viewed so far. Additionally, the plot of ""Arthur Christmas"" intrigues me as it offers a unique and imaginative take on the concept of Santa Claus and Christmas. I am interested in seeing how the movie portrays the behind-the-scenes operations of Santa's delivery system and how the character Arthur takes on an important mission."
671,tt1446714,295,"['6', '7', '4', '5', '6', '8', '9', '7', '8', '2', '3', '5', '4', '7', '9', '2', '6', '8']","['tt2231461', 'tt1825683', 'tt3480796', 'tt1397514', 'tt4788944', 'tt3896198', 'tt4547056', 'tt3778644', 'tt3498820', 'tt3899796', 'tt4464394', 'tt1815862', 'tt2808986', 'tt1620680', 'tt1446714', 'tt4831420', 'tt1698647', 'tt1298554']",517," Additionally, I am intrigued by the plot, which explores the mysteries of human existence and the discovery of an advanced extraterrestrial species. The combination of science fiction, exploration, and existential questions makes ""Prometheus"" a compelling choice for me."
672,tt1924273,247,"['7', '6', '8', '5', '3', '9', '10', '2', '7', '9', '8', '6', '9', '10', '9', '7']","['tt1588173', 'tt1397514', 'tt2546038', 'tt5368354', 'tt2828996', 'tt1478964', 'tt2065968', 'tt4877122', 'tt1650043', 'tt1462769', 'tt1924273', 'tt3553442', 'tt2756032', 'tt1430607', 'tt2883512', 'tt1666801']",31," I choose this movie because it has a high rating of 9, indicating that it is highly regarded by viewers. Additionally, the plot of the movie about a couple who unexpectedly becomes parents and learns valuable lessons about parenting and raising a child intrigues me. It seems like a heartwarming and emotional story that explores themes of love, family, and acceptance."
673,tt1677561,416,"['8', '6', '9', '7', '8']","['tt4073952', 'tt1978532', 'tt1677561', 'tt2404425', 'tt2962876']",31," I choose this movie because it has a unique and intriguing plot that explores themes of redemption, self-discovery, and the complexities of life and death. The idea of a soul being given a second chance in the body of a troubled teenager is fascinating to me, and I am curious to see how the story unfolds and the mysteries are unraveled. The concept of the real world being filled with shades of grey and rain"
674,tt1631867,29,"['5', '4', '2', '5', '8', '6', '9', '10', '7']","['tt2429074', 'tt1349482', 'tt0089538', 'tt4299972', 'tt2278388', 'tt1978532', 'tt1631867', 'tt0114709', 'tt1234721']",436," I would choose this movie because it has a high rating of 9, indicating that it is highly enjoyable and well-regarded by viewers. Additionally, the plot of the movie, which involves a time loop and a battle against an alien race, sounds intriguing and action-packed."
675,tt1981677,420,"['7', '4', '6', '8', '5', '9', '10', '7', '9', '5', '10', '7', '8']","['tt2294629', 'tt2474024', 'tt1336608', 'tt1204342', 'tt4191054', 'tt2076220', 'tt1981677', 'tt2245195', 'tt2920540', 'tt4191054', 'tt1981677', 'tt2294629', 'tt1742044']",30," I choose this movie because it received a rating of 10, which indicates that I highly enjoyed it. Additionally, I am drawn to the plot that revolves around a collegiate a cappella singing group and their journey to find their new look and sound. As a fan of music and stories about personal growth, ""Pitch Perfect"" seems like an entertaining and uplifting choice."
676,tt2096673,171,"['5', '4', '3', '5', '4', '2', '5', '5', '3', '4', '3', '4', '5', '2', '4', '1', '4', '5']","['tt1402488', 'tt2235542', 'tt1429433', 'tt2452042', 'tt2112281', 'tt4877122', 'tt1430607', 'tt1865505', 'tt3416828', 'tt5480340', 'tt1216475', 'tt5184298', 'tt3231054', 'tt1935929', 'tt2100546', 'tt4009460', 'tt3874544', 'tt2096673']",278," I choose this movie because it explores the complex emotions and challenges of growing up, which I can relate to. The storyline of Riley's journey and the personification of her emotions resonates with me, as it reminds me of the importance of understanding and managing our emotions. Additionally, the film has received critical acclaim for its creativity, storytelling, and emotional depth, making it a compelling choice for me to watch."
677,tt1430607,144,"['4', '7', '6', '8', '9', '5', '10', '2', '3', '7']","['tt3210686', 'tt2094064', 'tt3231054', 'tt2053425', 'tt2347134', 'tt3832914', 'tt1430607', 'tt1243974', 'tt2528814', 'tt2140423']",385," I choose this movie because it has a rating of 10, which indicates that it is highly enjoyable and well-received. Additionally, the plot of the movie, which explores the behind-the-scenes workings of Santa's operation and the importance of family, sounds intriguing and heartwarming."
678,tt1496025,59,"['6', '7', '8', '4', '3', '5', '2', '7', '9', '8', '4']","['tt3247714', 'tt4116284', 'tt5607028', 'tt1815862', 'tt2379386', 'tt1397514', 'tt4464394', 'tt2381991', 'tt1496025', 'tt2347134', 'tt4651410']",484," I choose this movie because I am a fan of the Underworld series and enjoy the combination of action, fantasy, and vampire lore. Additionally, the plot of Selene and David protecting a young girl against the Lycans adds an interesting dynamic to the story."
679,tt1631867,29,"['7', '6', '4', '8', '9', '5', '10', '4', '7']","['tt2429074', 'tt1349482', 'tt0089538', 'tt4299972', 'tt2278388', 'tt1978532', 'tt1631867', 'tt0114709', 'tt1234721']",191," I choose this movie because it has a rating of 10, indicating that it is highly recommended. Additionally, the plot description of a time loop and a battle against aliens sounds intriguing and offers a unique twist on the sci-fi genre."
680,tt1972663,531,"['3', '2', '4', '4', '1', '5', '5', '3', '4', '5']","['tt1091863', 'tt4393514', 'tt3327994', 'tt3626804', 'tt1972663', 'tt2014338', 'tt5804038', 'tt2246565', 'tt1999192', 'tt6769208']",550," While it received a low rating of 1, I am intrigued by the exploration of the motives behind why people commit crimes and the examination of the state's role in the act of killing. It delves into the complexities of human behavior and the consequences of actions, which I find thought-provoking and compelling."
681,tt1192628,469,"['8', '7', '6', '9', '8']","['tt1623288', 'tt1430607', 'tt1430626', 'tt1302011', 'tt1192628']",517," I choose this movie because I enjoy animated films and the plot of Rango, with its mix of action and adventure, appeals to me. Additionally, the idea of a chameleon taking on the role of a hero and sheriff in an old western town sounds unique and entertaining."
682,tt1499658,3,"['4', '3', '6', '2', '7', '5', '8', '6', '9', '7']","['tt2172934', 'tt1829012', 'tt4442130', 'tt4651410', 'tt2347134', 'tt2167202', 'tt2679042', 'tt2134170', 'tt1499658', 'tt2140423']",466," I choose this movie because it has a high rating of 9, indicating that it is highly enjoyable and entertaining. The plot description suggests a comedic and thrilling story about three individuals dealing with difficult bosses, which sounds like a fun and relatable premise."
683,tt1446714,5,"['4', '2', '3', '2', '4', '5', '3', '2', '5', '3', '5', '4', '5']","['tt1267299', 'tt4831420', 'tt1397514', 'tt3899796', 'tt5487524', 'tt3498820', 'tt1815862', 'tt4464394', 'tt1446714', 'tt3480796', 'tt1825683', 'tt3922818', 'tt3896198']",386," I choose this movie because it has a rating of 5, which indicates that it is highly regarded. Additionally, I am intrigued by the plot, which involves exploring the existence of superior extraterrestrial species and the fundamental questions of human existence."
684,tt1837709,254,"['7', '6', '4', '8', '9', '10', '7', '8', '5', '9']","['tt1978532', 'tt2962876', 'tt1349482', 'tt2429074', 'tt1677561', 'tt1837709', 'tt2493486', 'tt1234721', 'tt4073952', 'tt2404425']",158," I choose this movie because it received a rating of 10, which is the highest rating among the movies I have viewed. Additionally, the plot description of ""Winter's Tale"" intrigues me with its combination of romance and fantasy elements set in a unique version of New York City. I am drawn to the idea of a love story that transcends time and the challenges faced by"
685,tt2802144,367,"['8', '3', '7', '9', '6', '8', '7', '5', '4', '6', '5']","['tt1232829', 'tt4464394', 'tt4116284', 'tt2802144', 'tt2347134', 'tt5607028', 'tt2267968', 'tt1428538', 'tt2381991', 'tt1496025', 'tt1397514']",295," I select this movie because it received a high rating of 9, indicating that it is highly enjoyable and well-regarded. Additionally, I have previously rated it highly, suggesting that it aligns with my preferences. The action-packed plot, intriguing characters, and stylish filmmaking make it an appealing choice for me."
686,tt2025690,380,"['7', '3', '6', '8', '9', '5', '8', '4', '7', '9']","['tt2911666', 'tt1865393', 'tt2059171', 'tt2025690', 'tt4912910', 'tt4471456', 'tt0790724', 'tt2450186', 'tt3973198', 'tt4547056']",419," I choose this movie because it has a rating of 8, which is one of the highest ratings among the movies I have viewed. Additionally, the plot of the movie intrigues me as it tells the story of a daring rescue mission in the face of a severe storm. I am drawn to the themes of bravery, determination, and teamwork portrayed in the movie."
687,tt1855199,169,"['6', '7', '4', '2', '5', '8']","['tt2295196', 'tt3262342', 'tt2808986', 'tt2735292', 'tt1937133', 'tt1855199']",524," I choose this movie because it has the highest rating among the movies I have viewed so far, and it seems to have an intense and gripping plot. The description of the movie suggests that it combines action, suspense, and emotional depth, which are all elements that I enjoy in a film. Additionally, the exploration of the dynamic between the two main characters and the challenges they face in their line of work intrigues me."
688,tt2865120,88,"['7', '6', '8', '5', '4', '9', '8', '2', '3', '7']","['tt1430607', 'tt2112281', 'tt2865120', 'tt3416828', 'tt4877122', 'tt3231054', 'tt2452042', 'tt4009460', 'tt1935929', 'tt1216475']",356," I choose this movie because I am a fan of action-packed animated films with elements of adventure and humor. The plot of Ratchet & Clank, where two unlikely heroes join forces to save the galaxy from destruction, appeals to my love for epic storytelling and the theme of discovering one's own identity resonates with me. Additionally, the colorful characters and the promise of thrilling and exciting"
689,tt1942884,519,"['5', '4', '3', '5', '4', '3', '4', '5', '5', '3', '4']","['tt1091863', 'tt3626804', 'tt2014338', 'tt3270538', 'tt4229236', 'tt1999192', 'tt5342766', 'tt1942884', 'tt2246565', 'tt5359048', 'tt2125666']",263," I would choose this movie because I have previously rated it with a 5, indicating that I highly enjoyed it. As someone who appreciates video games and the creative process behind them, this documentary about indie game developers resonated with me. It provided an insightful look into their journeys, struggles, and triumphs in creating and releasing their games. I am particularly interested in the indie game development scene and this"
690,tt1714915,186,"['7', '4', '6', '8', '9', '5', '10', '10\n\nReason for selecting ""Only Lovers Left Alive"": \n\nAfter browsing and rating several movies, I have developed a preference for unique and thought-provoking films. ""Only Lovers Left Alive"" stands out to me because of its intriguing plot, set in both Detroit and Tangiers. The idea of a centuries-long love story between two immortal beings, navigating the modern world and its collapse, is fascinating. Additionally, the inclusion of underground music and the exploration of existential themes adds depth to the', '7', '6']","['tt0905372', 'tt3201722', 'tt3067274', 'tt0816711', 'tt3705412', 'tt4126568', 'tt1441395', 'tt1714915', 'tt3487994', 'tt4094724']",219," 

Reason for selecting ""Only Lovers Left Alive"":

After browsing and rating several movies, ""Only Lovers Left Alive"" stands out to me as the most intriguing and unique film. I have developed a preference for thought-provoking and unconventional stories, and this movie fits that criteria perfectly. The idea of a centuries-long love story between immortal beings, set against the backdrop of Detroit and Tangiers, captiv"
691,tt1428538,509,"['6', '3', '7', '5', '8', '9', '7', '10', '4', '6']","['tt4116284', 'tt1496025', 'tt2267968', 'tt1428538', 'tt2347134', 'tt5607028', 'tt3247714', 'tt2802144', 'tt4464394', 'tt1397514']",263," 

I choose this movie because I am intrigued by the idea of a modern twist on the classic fairy tale. The plot seems to offer a unique and action-packed take on the story of Hansel and Gretel, with the siblings now grown up and working as witch hunters. The combination of fantasy, adventure, and mystery appeals to me, and I am curious"
692,tt0790724,330,"['3', '4', '2', '3', '5', '4', '4', '5', '3', '2', '3', '4']","['tt3973198', 'tt4547056', 'tt4471456', 'tt2450186', 'tt3062096', 'tt4912910', 'tt1600196', 'tt2911666', 'tt2231253', 'tt1865393', 'tt2059171', 'tt0790724']",220," I choose this movie because it has a compelling plot and intriguing mystery surrounding the accused shooter. The idea of a skilled sniper and the involvement of Jack Reacher adds an extra layer of suspense. Additionally, the request made by the accused to ""Get Jack Reacher"" piques my curiosity and makes me want to find out more about the story."
693,tt1631867,378,"['6', '4', '3', '8', '7', '9', '8', '5', '9', '2', '7']","['tt1298554', 'tt4788944', 'tt1698647', 'tt1825683', 'tt3778644', 'tt1631867', 'tt2660888', 'tt1620680', 'tt4547056', 'tt2808986', 'tt2231461']",199," I choose this movie because it received a rating of 9, which is the highest among the movies I have rated so far. Additionally, the plot of ""Edge of Tomorrow"" intrigues me with its unique concept of a time loop and the protagonist's journey of becoming a skilled warrior. I am also drawn to the collaboration between the main characters and their fight against a formidable enemy. Overall, the combination of the high"
694,tt1631867,173,"['8', '4', '7', '2', '9', '10']","['tt1978532', 'tt1349482', 'tt0114709', 'tt0089538', 'tt4299972', 'tt1631867']",66," I enjoy movies that have a unique concept and this film offers an intriguing storyline with intense action sequences. Additionally, the high rating suggests that it is highly regarded by other viewers, further piquing my interest to watch it."
695,tt2267968,192,"['7', '6', '4', '8', '9', '5', '7', '6', '8', '9', '7']","['tt1496025', 'tt1618442', 'tt1937133', 'tt2808986', 'tt1428538', 'tt2458106', 'tt1232829', 'tt0825283', 'tt2027128', 'tt2267968', 'tt0803096']",173," I choose this movie because I have consistently enjoyed the previous movies in the Kung Fu Panda series, and this installment promises to bring new and hilarious panda characters to the story. Additionally, the plot of Po learning to train a village of pandas to become the ultimate band of Kung Fu Pandas sounds exciting and entertaining."
696,tt1690953,120,"['6', '4', '7', '5', '8', '9', '3', '7', '2']","['tt1496025', 'tt1308729', 'tt1978532', 'tt2345759', 'tt3732950', 'tt1690953', 'tt1886493', 'tt2044801', 'tt1071875']",471," I choose this movie because I enjoyed the first ""Despicable Me"" movie and the sequel is likely to have the same entertaining and humorous elements. Additionally, I appreciate the animation style and the lovable characters, especially the Minions. Overall, I believe ""Despicable Me 2"" will provide a fun and enjoyable movie-watching experience."
697,tt4547056,185,"['7', '6', '4', '3', '1', '8']","['tt4471456', 'tt2025690', 'tt3973198', 'tt2450186', 'tt1865393', 'tt4547056']",82," The idea of hybrid children who are both craving human flesh yet retaining their ability to think and feel is a fascinating concept. Additionally, the special bond between the school teacher and the exceptional girl adds an emotional depth to the story. The movie promises a thrilling and thought-provoking journey of survival, and I'm curious to see how"
698,tt2528814,17,"['2', '4', '6', '7', '5', '8']","['tt4009460', 'tt3832914', 'tt2345759', 'tt5254868', 'tt1600195', 'tt2528814']",383, I choose this movie because it explores the theme of faith and challenges the belief that God does not exist. I am interested in seeing how the protagonist defends his position and engages in confrontational presentations with the professor.
699,tt1201607,277,"['8', '6', '4', '7', '5', '9', '10', '8', '7', '6', '9', '7', '8', '9', '10', '6']","['tt1192628', 'tt3922818', 'tt1429433', 'tt2017561', 'tt1815862', 'tt2065968', 'tt1201607', 'tt5607028', 'tt0401729', 'tt1355638', 'tt1509767', 'tt5480340', 'tt1698647', 'tt1302011', 'tt1840309', 'tt2404233']",45," I choose this movie because I have consistently rated the previous Harry Potter movies highly and have enjoyed the magical world and the thrilling adventures of Harry and his friends. Additionally, as the final installment in the series, I am eager to see how the story concludes and how the characters' journeys come to an end."
700,tt5487524,22,"['6', '7', '3', '8', '9', '5', '7', '4', '8', '7', '6']","['tt1397514', 'tt3922818', 'tt3899796', 'tt5487524', 'tt2231461', 'tt4464394', 'tt1267299', 'tt4831420', 'tt3327624', 'tt1815862', 'tt3480796']",88, I choose this movie because I am intrigued by the concept of supernatural beings living among us in contemporary Moscow. It sounds like a unique and exciting storyline that I would love to explore.
701,tt1588173,328,"['7', '6', '4', '8', '9', '5', '9', '7', '6', '8', '7', '3', '8', '9']","['tt1924273', 'tt2756032', 'tt5368354', 'tt2883512', 'tt2065968', 'tt1715873', 'tt1478964', 'tt3553442', 'tt1650043', 'tt1666801', 'tt1462769', 'tt4877122', 'tt4651520', 'tt1588173']",193," The idea of a zombie regaining his humanity and forming a warm relationship with a human is fascinating. Additionally, the movie explores themes of acceptance, friendship, and finding common ground between different groups. It offers a fresh take on the zombie genre and promises an interesting and heartfelt story."
702,tt1234721,71,"['2', '4', '3', '3', '2']","['tt1349482', 'tt1234721', 'tt1978532', 'tt2429074', 'tt0089538']",604," I choose this movie because it has a rating of 4, which is the highest among the movies I have rated so far. Additionally, I am intrigued by the futuristic concept of a part-man, part-robot police officer and the potential moral and ethical dilemmas that may arise from it."
703,tt1650062,538,"['8', '6', '7', '9', '5', '8', '9', '4']","['tt2119532', 'tt3270538', 'tt1210819', 'tt1650062', 'tt1937133', 'tt2008513', 'tt2304915', 'tt1540128']",553," I choose this movie because it has the highest rating among the movies I have viewed so far and it has an intriguing plot. The combination of a catastrophic train crash, mysterious events, and a group of friends trying to uncover the truth sounds like a thrilling and suspenseful storyline. I am interested in watching a movie that keeps me on the edge of my seat and Super 8 seems like it would deliver on that front."
704,tt1410063,450,"['6', '7', '8', '9', '10']","['tt2493486', 'tt1216491', 'tt2267968', 'tt2404425', 'tt1410063']",547," 

I choose this movie because it combines historical context with a compelling story of sacrifice and honor. The plot of the movie, set during the second Sino-Japanese war, follows a mortician who becomes the protector of a group of convent girl students and prostitutes from the invading Japanese army. 

Given my previous ratings and preferences for movies with strong storytelling and meaningful themes, ""The Flowers of War"" stands out as a movie that"
705,tt1972663,546,"['8', '6', '7', '9', '4', '5', '9', '8', '9', '7', '8']","['tt3626804', 'tt2014338', 'tt1091863', 'tt6769208', 'tt1972663', 'tt4393514', 'tt3327994', 'tt2246565', 'tt5804038', 'tt1999192', 'tt5342766']",603," The reason for selecting this movie is because I am interested in exploring the psychology behind crime and understanding the motives that drive individuals to commit such acts. This documentary delves into the complex dynamics surrounding a triple murder case, providing insights into the minds of the perpetrators and the impact on the victims and their families. It offers a thought-provoking examination of the human capacity for violence and the role of society in addressing such crimes."
706,tt0816692,381,"['9', '7', '6', '3', '8', '10', '9', '8', '7', '6', '9', '5', '4']","['tt0114709', 'tt1978532', 'tt4299972', 'tt0089538', 'tt2429074', 'tt0816692', 'tt2278388', 'tt1677561', 'tt1234721', 'tt1837709', 'tt1631867', 'tt2172934', 'tt1349482']",62," I choose this movie because it has the highest rating among the movies I have viewed so far, with a rating of 10. Additionally, the plot of ""Interstellar"" intrigues me as it involves interstellar travel, the survival of humanity, and the exploration of new worlds. The concept of a newly discovered wormhole and the quest to find a planet suitable for human life fascinates me. I am drawn"
707,tt1192628,100,"['8', '6', '7', '9', '8', '5', '7', '4', '6', '3']","['tt1192628', 'tt0401729', 'tt1397514', 'tt5607028', 'tt3922818', 'tt1815862', 'tt3416828', 'tt2404233', 'tt2381991', 'tt2379386']",191," The reason for selecting this movie is because it has the highest rating of 8 among the movies that were presented. Additionally, I am intrigued by the plot description of a pet chameleon taking on the role of a hero and sheriff in an old western town. The concept of an animated film with adventure and humor appeals to me, making it an enjoyable choice for a movie night."
708,tt2338151,536,"['5', '3', '4', '7', '2', '8', '6', '9', '8', '10', '7']","['tt2061702', 'tt0990407', 'tt1462769', 'tt0800369', 'tt2735292', 'tt1839492', 'tt2027128', 'tt3731562', 'tt1935859', 'tt2338151', 'tt0829150']",316," I choose this movie because it has received a rating of 10, which indicates that it is highly recommended. Additionally, the plot description mentions that it is a comedy of ideas and a unique exploration of complex philosophies. This intrigues me as I enjoy thought-provoking movies that challenge my perspective."
709,tt1837709,254,"['6', '3', '4', '7', '9', '8', '7', '5', '6', '9']","['tt1978532', 'tt2962876', 'tt1349482', 'tt2429074', 'tt1677561', 'tt1837709', 'tt2493486', 'tt1234721', 'tt4073952', 'tt2404425']",549," I choose this movie because it has a rating of 8, which is one of the highest ratings among the movies I have viewed. Additionally, the plot description of ""Winter's Tale"" intrigues me with its elements of love, fantasy, and the exploration of the human imagination. The story seems to offer a unique and captivating experience, making it a compelling choice for me to watch."
710,tt2883512,317,"['7', '6', '4', '8', '9', '10', '2', '3', '5', '9', '7', '6', '8', '9', '7', '10', '8']","['tt1666801', 'tt1397514', 'tt1935929', 'tt1430607', 'tt2065968', 'tt1588173', 'tt4009460', 'tt2828996', 'tt4877122', 'tt1478964', 'tt3553442', 'tt2546038', 'tt1650043', 'tt1462769', 'tt1924273', 'tt2883512', 'tt2756032']",232," Additionally, the plot of the movie is intriguing as it follows the journey of a renowned chef who rediscovers his passion for cooking and finds a deeper connection with his family. This theme resonates with my previous preferences for movies that explore personal growth and meaningful relationships."
711,tt2756032,518,"['7', '6', '8', '9', '8', '7', '7', '9', '6', '8']","['tt5368354', 'tt3553442', 'tt1588173', 'tt2883512', 'tt1478964', 'tt1462769', 'tt2756032', 'tt2065968', 'tt1666801', 'tt1924273']",529," I choose this movie because it has a rating of 7, which is relatively high among the movies I have rated. Additionally, the plot description intrigues me with its mention of a troubled couple and bizarre circumstances. I am curious to see how the story unfolds and how the characters navigate their situation."
712,tt3270538,446,"['8', '6', '7', '9', '10']","['tt1650062', 'tt2304915', 'tt1937118', 'tt1499658', 'tt3270538']",271," I choose this movie because it addresses a topic that I am deeply interested in - the concentration of wealth and power in the hands of a select few. The plot description suggests that the movie provides insightful analysis and commentary on this issue, and I believe it will offer valuable perspectives and provoke thought."
713,tt2404425,376,"['7', '6', '8', '9', '5', '7', '4', '6']","['tt2429074', 'tt2962876', 'tt1677561', 'tt2404425', 'tt1837709', 'tt4073952', 'tt1349482', 'tt1978532']",520, I choose this movie because I am intrigued by the historical context and the theme of seeking justice for art stolen during World War II. The plot seems compelling and I am interested to see how the protagonist fights to regain what was rightfully hers.
714,tt3262342,474,"['5', '4', '3', '2', '1', '4', '6', '7', '8', '9', '3', '10', '7', '6', '8', '5', '9']","['tt5129510', 'tt2025690', 'tt3210686', 'tt2528814', 'tt5368354', 'tt2094064', 'tt0970179', 'tt1430607', 'tt2347134', 'tt2042568', 'tt0479997', 'tt3262342', 'tt4193394', 'tt2756032', 'tt1462769', 'tt3231054', 'tt5555502']",131," I choose this movie because it received a rating of 10, which indicates that it was highly appreciated. Additionally, the plot of the movie, which revolves around the life and art of Vincent van Gogh, intrigues me. I am fascinated by the idea of exploring the psyche and fate of such a renowned artist. The unique animation style of the film, consisting of hand-painted frames in the style of Van G"
715,tt1677561,266,"['6', '4', '7', '5', '8', '9', '8', '6', '7']","['tt2429074', 'tt1837709', 'tt4073952', 'tt1234721', 'tt1677561', 'tt2404425', 'tt2962876', 'tt1978532', 'tt1349482']",609," I would choose this movie because it has the highest rating among the movies I have viewed so far. Additionally, the plot description of ""Colorful"" intrigues me with its exploration of life's mysteries and the concept of second chances. I am interested in watching a thought-provoking and emotionally engaging film, and ""Colorful"" seems to offer that."
716,tt4912910,391,"['6', '5', '7', '3', '8', '9', '8', '7', '6', '10', '9', '8']","['tt1428538', 'tt1854564', 'tt2172934', 'tt2382009', 'tt3247714', 'tt1196948', 'tt2962876', 'tt1509767', 'tt1666801', 'tt4912910', 'tt1588173', 'tt2025690']",384," I choose this movie because it has the highest rating among all the movies I have viewed, receiving a rating of 10. Additionally, I am a fan of action-packed films and enjoy the Mission: Impossible series. The plot of ""Mission: Impossible - Fallout"" intrigues me with its suspenseful storyline and the mission to retrieve the stolen plutonium cores. The high ratings and my personal preference for action films"
717,tt1837709,76,"['6', '4', '7', '8', '9', '7', '8', '6', '9', '8']","['tt0089538', 'tt1349482', 'tt2429074', 'tt4073952', 'tt1837709', 'tt2493486', 'tt2548208', 'tt1978532', 'tt2172934', 'tt1234721']",484," I choose this movie because it has a captivating plot involving love, destiny, and the power of imagination. The story of Peter Lake and Beverly Penn, two individuals from different backgrounds, coming together amidst the backdrop of a magical New York City during winter, intrigues me. The idea of a love story that transcends time and defies fate is something that appeals to my romantic side. Additionally, the performances"
718,tt1397514,12,"['4', '3', '8', '7', '9', '6', '1', '5', '2', '3']","['tt4877122', 'tt4126340', 'tt2883512', 'tt2546038', 'tt1430607', 'tt1588173', 'tt4009460', 'tt1397514', 'tt2828996', 'tt1935929']",589," I choose this movie because I enjoy adventure and fantasy films, and the plot of discovering a mysterious island based on the works of Jules Verne sounds intriguing. Additionally, having Dwayne ""The Rock"" Johnson in the cast adds to the appeal."
719,tt1631867,269,"['6', '4', '8', '3', '2', '9', '7']","['tt1349482', 'tt2429074', 'tt0114709', 'tt4299972', 'tt0089538', 'tt1631867', 'tt1978532']",277," I choose this movie because it has the highest rating among the ones I have viewed so far, with a rating of 9. Additionally, the plot of the movie intrigues me as it combines action, science fiction, and a unique time loop concept. I am interested in seeing how the protagonist, Major William Cage, develops his skills and strategizes to defeat the alien race."
720,tt1397514,91,"['6', '7', '4', '3', '8', '9', '5', '2', '7', '1']","['tt1620680', 'tt3778644', 'tt1397514', 'tt1267299', 'tt4547056', 'tt3896198', 'tt1698647', 'tt4464394', 'tt3480796', 'tt3899796']",7," 

The reason I choose this movie is because I enjoy adventure films with a touch of mystery. The plot of this movie revolves around exploring a mysterious island and finding a legendary Vernian. This concept intrigues me and I am curious to see how the characters navigate through unexpected problems and challenges."
721,tt6769208,535,"['7', '6', '8', '9', '7', '8', '9', '10', '7', '8', '9']","['tt5804038', 'tt3626804', 'tt1972663', 'tt2014338', 'tt4393514', 'tt1942884', 'tt2246565', 'tt6769208', 'tt5342766', 'tt2008513', 'tt3327994']",38," I choose this movie because I have always been fascinated by the wonders of the ocean and the diverse marine life. The documentary promises to showcase revolutionary segments and highlight the impact of human activities on the world's oceans. As someone who values environmental conservation, I am eager to learn more about the challenges our oceans face and the incredible creatures that inhabit them."
722,tt2347134,59,"['6', '7', '8', '5', '4', '7', '5', '6', '8', '9', '3']","['tt3247714', 'tt4116284', 'tt5607028', 'tt1815862', 'tt2379386', 'tt1397514', 'tt4464394', 'tt2381991', 'tt1496025', 'tt2347134', 'tt4651410']",254," I choose this movie because I am intrigued by the idea of a reinterpretation of Clint Eastwood's ""Unforgiven"" set in a Japanese period. The combination of a classic Western story with a Japanese twist sounds unique and interesting. Additionally, the presence of Ken Watanabe as the lead actor adds to my interest in the film."
723,tt5362988,423,"['6', '7', '5', '4', '3', '8', '9', '10', '2', '9', '6']","['tt3062096', 'tt1600196', 'tt4471456', 'tt2450186', 'tt1865393', 'tt2025690', 'tt5362988', 'tt4547056', 'tt3973198', 'tt4912910', 'tt2059171']",345," I would choose this movie because it received a high rating of 9, indicating that it is likely to be a well-made and engaging film. Additionally, the plot description of a murder mystery set in a harsh and unforgiving environment sounds intriguing and suspenseful."
724,tt2094064,426,"['7', '3', '6', '8', '9', '7', '8', '9', '4', '7', '5', '9']","['tt2053425', 'tt3832914', 'tt3231054', 'tt2347134', 'tt2042568', 'tt2094064', 'tt2025690', 'tt1430607', 'tt5129510', 'tt5555502', 'tt3210686', 'tt1091191']",599," I choose this movie because I have consistently rated movies with strong storytelling and compelling characters highly. ""Inside Llewyn Davis"" offers a unique and introspective look into the life of a struggling folk singer, navigating personal and professional challenges. The film's setting in the Greenwich Village folk scene of 1961 adds to its appeal for me as a fan of period pieces. Overall, I believe ""Inside Llewyn"
725,tt1446714,83,"['7', '6', '8', '4', '5', '6', '9', '8', '7', '6', '9', '3', '10', '5', '7']","['tt1815862', 'tt1620680', 'tt3896198', 'tt4464394', 'tt3480796', 'tt1698647', 'tt4547056', 'tt1298554', 'tt3922818', 'tt4788944', 'tt3778644', 'tt3899796', 'tt1446714', 'tt1397514', 'tt2231461']",494," I choose this movie because it has a rating of 10, indicating that it is highly regarded. Additionally, the plot description about exploring deep space, investigating extraterrestrial species, and uncovering enigmas sounds intriguing and captivating. I am interested in the exploration of fundamental questions of human existence, making ""Prometheus"" my top choice."
726,tt2429074,71,"['6', '7', '5', '8', '4']","['tt1349482', 'tt1234721', 'tt1978532', 'tt2429074', 'tt0089538']",375,"B.F."" with a rating of 8. 

I choose this movie because it explores themes of friendship, identity, and acceptance. The plot revolves around Tanner, who is outted as gay and becomes the ""Gay Best Friend"" to the popular clique queens in high school. I am interested in watching this movie because it tackles important issues of LGBTQ+ representation and the complexities of teenage relationships. I believe it will provide a"
727,tt0816692,529,"['8', '7', '9', '10', '6']","['tt1631867', 'tt4299972', 'tt2278388', 'tt0816692', 'tt0114709']",543," I choose this movie because I am intrigued by the concept of interstellar travel and the exploration of new worlds. The plot of Earth's future being in jeopardy and the search for a habitable planet fascinates me. Additionally, the high rating of 10 suggests that it is a highly acclaimed film, further piquing my interest."
728,tt1714915,429,"['7', '6', '8', '9', '7', '9', '6', '8', '9', '8', '7']","['tt1742044', 'tt1855199', 'tt1682180', 'tt2076220', 'tt2404425', 'tt1714915', 'tt3553442', 'tt2053463', 'tt1600196', 'tt3205376', 'tt1216491']",124," I choose this movie because I have consistently rated movies with unique and unconventional storytelling highly. ""Only Lovers Left Alive"" offers a fresh take on the vampire genre, set against a backdrop of desolation and decay. The film explores themes of love, art, and the human condition in a thought-provoking manner. Additionally, the stellar performances and atmospheric cinematography further enhance the overall experience."
729,tt2883512,368,"['6', '7', '4', '3', '8', '9', '7', '10', '5', '8', '9']","['tt3553442', 'tt2756032', 'tt1924273', 'tt1397514', 'tt2065968', 'tt1462769', 'tt1478964', 'tt1588173', 'tt5368354', 'tt1666801', 'tt2883512']",167," I choose this movie because it combines my love for food and personal growth. The story of a talented chef who rediscovers his passion for cooking and finds a deeper connection with his family resonates with me. The journey across America in a food truck, serving up delicious food and creating a traveling sensation, sounds like an exciting and heartwarming adventure. I am drawn to the themes of pursuing one's passion, finding fulfillment,"
730,tt2911666,422,"['6', '4', '7', '3', '8', '9', '9', '10', '2', '9', '5', '8']","['tt2450186', 'tt2059171', 'tt0790724', 'tt3973198', 'tt1600196', 'tt2911666', 'tt4547056', 'tt4912910', 'tt1865393', 'tt5362988', 'tt4471456', 'tt2025690']",181," I choose this movie because it has the highest rating among the movies I have viewed so far. Additionally, I am intrigued by the plot of a former assassin seeking revenge and the action-packed nature of the film."
731,tt5804038,539,"['7', '6', '8', '9', '5', '7', '8', '10', '9', '9']","['tt1999192', 'tt4229236', 'tt3626804', 'tt1972663', 'tt3327994', 'tt4393514', 'tt5342766', 'tt1091863', 'tt5804038', 'tt6769208']",219," I choose this movie because it explores important social and historical themes through the perspective of James Baldwin and his unfinished manuscript. It delves into the lives and assassinations of Medgar Evers, Malcolm X, and Martin Luther King Jr., providing a unique and personal account of their experiences. As someone who appreciates thought-provoking documentaries and the exploration of social issues, I am drawn to this film's subject"
732,tt0970179,304,"['2', '3', '4', '3', '5', '4', '3', '5', '2', '4', '3', '3', '1', '4', '3', '3', '5', '4', '4', '2', '1', '5']","['tt1935929', 'tt3874544', 'tt2096673', 'tt3231054', 'tt3411444', 'tt1302011', 'tt5184298', 'tt1865505', 'tt5480340', 'tt1430607', 'tt2100546', 'tt1402488', 'tt4009460', 'tt1429433', 'tt1216475', 'tt2235542', 'tt2452042', 'tt2112281', 'tt2865120', 'tt3416828', 'tt4877122', 'tt0970179']",118," Additionally, the plot of ""Hugo"" seems intriguing and captivating, with elements of mystery and adventure. The story revolves around a young orphan boy on a quest to unlock the secrets of an automaton and discover his own connection to the past. This combination of an engaging storyline and positive rating makes ""Hugo"""
733,tt2278388,43,"['6', '7', '3', '2', '8', '9', '10', '10', '7']","['tt1978532', 'tt4299972', 'tt1349482', 'tt0089538', 'tt2429074', 'tt1631867', 'tt2278388', 'tt0114709', 'tt1234721']",98," I choose this movie because it has received a rating of 10, which indicates that it is highly regarded. Additionally, the plot description of the movie intrigues me as it promises adventure, humor, and a unique story set in a historical backdrop. I am particularly interested in the characters of M. Gustave and Zero Moustafa and their friendship. Overall, ""The Grand Budapest Hotel"" seems like an entertaining and"
734,tt1430607,86,"['1', '1', '7', '8', '6', '2', '9', '3', '4', '5']","['tt1935929', 'tt4009460', 'tt1588173', 'tt1478964', 'tt3553442', 'tt2828996', 'tt1430607', 'tt2546038', 'tt4877122', 'tt1397514']",328," I would choose this movie because it offers a unique and heartwarming take on the story of Santa Claus and Christmas. The concept of exploring the behind-the-scenes operations of Santa's delivery system is intriguing, and the focus on family and the mission of the unlikely hero, Arthur, adds depth to the story. The high rating of 9 also indicates that it is well-received by viewers, further piquing my interest"
735,tt0816692,522,"['7', '6', '8', '9', '10', '7', '9', '8', '10', '5', '6', '9', '10', '7', '4', '10', '9', '6']","['tt1837709', 'tt2548208', 'tt1234721', 'tt2493486', 'tt2404425', 'tt2962876', 'tt2278388', 'tt1677561', 'tt0816692', 'tt1978532', 'tt2429074', 'tt4324274', 'tt4299972', 'tt4073952', 'tt1349482', 'tt1631867', 'tt0114709', 'tt2172934']",479," I choose this movie because it received a rating of 10, which indicates that it is highly recommended. Additionally, I am intrigued by the plot involving Earth's future, interstellar travel, and the search for a new habitable planet. The concept of exploring the unknown and the potential for saving humanity captivates my interest."
736,tt4229236,498,"['7', '6', '8', '9', '7', '8', '9', '8', '9', '7']","['tt1942884', 'tt3626804', 'tt2014338', 'tt1223236', 'tt5342766', 'tt4229236', 'tt2246565', 'tt1605782', 'tt1091863', 'tt1999192']",334," I find the story of Kurt Cobain and the rise and fall of Nirvana intriguing. As a fan of their music and the grunge movement, I am interested in learning more about Cobain's life and the impact he had on the music industry. The documentary seems like a comprehensive and authorized exploration of his journey, and I believe it would provide valuable insights into"
737,tt2883512,308,"['8', '7', '6', '9', '7', '5', '8', '9', '10', '6', '4']","['tt3553442', 'tt1478964', 'tt1666801', 'tt2065968', 'tt1924273', 'tt1650043', 'tt2756032', 'tt1588173', 'tt2883512', 'tt1462769', 'tt5368354']",512," I choose this movie because it received a rating of 10, indicating that it was highly enjoyable for the user. Additionally, the plot of ""Chef"" revolves around a chef rediscovering his passion for cooking and embarking on a journey of self-discovery. This theme aligns with the user's previous preferences for movies that involve personal growth and overcoming challenges. Therefore, ""Chef"" seems like a fitting choice for the user to"
738,tt2246565,427,"['6', '4', '8', '7', '9', '7', '8', '6', '9', '7', '8', '9']","['tt1605782', 'tt3626804', 'tt4229236', 'tt3327994', 'tt2014338', 'tt1714917', 'tt1091863', 'tt4393514', 'tt1999192', 'tt5342766', 'tt1223236', 'tt2246565']",198," The documentary promises to provide an in-depth look into Randi's life and his efforts to uncover the truth behind psychics, faith healers, and con-artists. As someone who appreciates skepticism and critical thinking, I am excited to watch this film and learn more about Randi's fascinating journey."
739,tt4299972,250,"['8', '6', '7', '9', '10', '8', '5', '6', '7', '6', '4', '9', '9']","['tt4073952', 'tt2429074', 'tt1234721', 'tt4299972', 'tt0816692', 'tt0114709', 'tt1837709', 'tt2493486', 'tt2962876', 'tt1978532', 'tt1349482', 'tt2404425', 'tt1677561']",582," I choose this movie because it received a rating of 9, which is one of the highest ratings among the movies I have viewed. Additionally, I am intrigued by true crime documentaries and the plot of this movie seems fascinating as it delves into the strange history of Robert Durst and his suspected involvement in multiple murders. I am interested to learn more about the evidence, interviews"
740,tt1631867,19,"['6', '3', '8', '4', '7', '5', '6', '4', '9', '2', '10']","['tt5487524', 'tt4831420', 'tt2231461', 'tt3899796', 'tt1815862', 'tt3480796', 'tt1397514', 'tt4464394', 'tt3922818', 'tt1267299', 'tt1631867']",114,
741,tt2920540,420,"['8', '6', '7', '9', '5', '8', '7', '9', '8', '5', '7', '8', '9']","['tt2294629', 'tt2474024', 'tt1336608', 'tt1204342', 'tt4191054', 'tt2076220', 'tt1981677', 'tt2245195', 'tt2920540', 'tt4191054', 'tt1981677', 'tt2294629', 'tt1742044']",25," I choose this movie because it has a unique and intriguing plot about two aliens discovering music and forming a bluegrass duo. It seems like a fun and lighthearted film that combines elements of comedy and science fiction. Additionally, the idea of aliens exploring and appreciating human culture is an interesting concept that I find appealing."
742,tt1430607,9,"['4', '2', '3', '1', '2', '4', '5', '4', '3', '5']","['tt4877122', 'tt4009460', 'tt1715873', 'tt1935929', 'tt2828996', 'tt1397514', 'tt2546038', 'tt1478964', 'tt3553442', 'tt1430607']",39," I choose this movie because it has a rating of 5, which indicates that it is highly recommended. Additionally, the plot description mentions a story about a family in comic dysfunction and an unlikely hero, which sounds intriguing and entertaining."
743,tt1397514,161,"['7', '6', '3', '2', '8', '4', '1', '5', '7', '9', '6']","['tt1666801', 'tt2546038', 'tt2828996', 'tt1935929', 'tt1588173', 'tt4877122', 'tt4009460', 'tt4126340', 'tt1397514', 'tt1430607', 'tt1650043']",67," I choose this movie because I enjoy adventure films and I liked the previous movie in the series, ""Journey to the Center of the Earth."" The plot of ""Journey 2: The Mysterious Island"" sounds intriguing, with the characters embarking on a mission to find a legendary island. I also appreciate the presence of Dwayne ""The Rock"" Johnson in the cast. Overall"
744,tt2756032,520,"['7', '6', '8', '9', '7', '6', '5', '8', '7', '9', '8']","['tt1666801', 'tt1924273', 'tt2756032', 'tt2883512', 'tt1588173', 'tt3553442', 'tt5368354', 'tt1462769', 'tt1650043', 'tt2065968', 'tt1478964']",583," I choose this movie because it received a rating of 8 from me and it has an intriguing plot about a troubled couple and the bizarre circumstances they encounter. I am interested in exploring the complexities of their relationship and how they navigate through the challenges they face. Additionally, the positive rating suggests that it is a well-made and engaging film, which further piques my curiosity."
745,tt0816692,381,"['8', '4', '6', '3', '7', '9', '8', '9', '7', '6', '10', '5', '2']","['tt0114709', 'tt1978532', 'tt4299972', 'tt0089538', 'tt2429074', 'tt0816692', 'tt2278388', 'tt1677561', 'tt1234721', 'tt1837709', 'tt1631867', 'tt2172934', 'tt1349482']",596," I choose this movie because it has a rating of 9, which is the highest among the movies I have rated so far. Additionally, I am intrigued by the plot of Earth's future, interstellar travel, and the search for a new planet to sustain human life. The concept of exploring the unknown and the potential challenges faced by the characters captivate my interest."
746,tt0816692,541,"['8', '7', '6', '9', '10']","['tt1631867', 'tt2278388', 'tt4299972', 'tt0114709', 'tt0816692']",285," I choose this movie because I am intrigued by the concept of interstellar travel and the idea of exploring new worlds to ensure the survival of humanity. The plot of Earth's future being plagued by disasters and the search for a planet with the potential to sustain human life captivates my imagination. Additionally, the high rating of 10 suggests that the movie is highly regarded by others, further piquing my interest."
747,tt2278388,437,"['7', '6', '8', '4', '9', '7', '10', '6', '9', '5', '8', '3', '9', '7', '8', '5', '9', '10']","['tt4073952', 'tt1631867', 'tt2962876', 'tt2548208', 'tt4299972', 'tt2493486', 'tt2278388', 'tt1978532', 'tt0816692', 'tt2429074', 'tt1234721', 'tt0089538', 'tt1837709', 'tt2172934', 'tt1677561', 'tt1349482', 'tt2404425', 'tt0114709']",371," This movie received a rating of 10 from me. I choose this movie because I enjoy Wes Anderson's unique visual style and storytelling. The film has a star-studded cast, including Ralph Fiennes, and the plot of a legendary concierge and his friendship with a young lobby boy in a European hotel during a changing time period intrigues me. Additionally, the combination"
748,tt1840309,228,"['6', '4', '8', '7', '9', '8', '5', '7', '9', '8', '3', '6', '7', '9', '5', '7']","['tt1815862', 'tt1429433', 'tt1201607', 'tt5607028', 'tt2017561', 'tt1840309', 'tt0401729', 'tt1302011', 'tt2065968', 'tt3922818', 'tt2404233', 'tt1509767', 'tt1698647', 'tt1192628', 'tt5480340', 'tt1355638']",318,""" Additionally, the plot of ""Journey to the West"" intrigues me with its focus on a quest to meet the legendary Monkey King and the complex feelings experienced by the protagonist. Overall, it seems like"
749,tt3832914,17,"['1', '2', '3', '4', '2', '1']","['tt4009460', 'tt3832914', 'tt2345759', 'tt5254868', 'tt1600195', 'tt2528814']",235," The plot of ""War Room"" seems to revolve around a couple's struggle to save their marriage and find faith. This theme resonates with me, and I am curious to see how the power of prayer and renewed faith can transform their lives."
750,tt1978532,129,"['7', '3', '6', '4', '8', '2']","['tt1234721', 'tt1349482', 'tt1837709', 'tt2429074', 'tt1978532', 'tt0089538']",37," I choose this movie because it has a high rating of 8, which indicates that it is likely to be enjoyable. Additionally, the plot of friends trying to find a wife for their socially inappropriate friend sounds intriguing and promises comedic moments. I am interested in seeing how the characters navigate their problems and if they find a suitable match for Barry."
751,tt2209418,332,"['7', '4', '6', '3', '1', '8', '5', '9', '7', '8', '10', '9', '6', '7', '2']","['tt1243974', 'tt2073520', 'tt1937118', 'tt5368354', 'tt2322441', 'tt2053425', 'tt1540128', 'tt2756032', 'tt1067774', 'tt2870808', 'tt2209418', 'tt1714915', 'tt2034031', 'tt1710417', 'tt4465564']",293," I choose this movie because I have rated it with a 10, indicating that I highly enjoyed it. The reason I want to watch ""Before Midnight"" is because I have previously rated movies like ""Rust and Bone"" and ""Only Lovers Left Alive"" with high ratings as well, which suggests that I have a preference for thought-provoking and emotionally engaging films. ""Before Midnight"" is known for its deep"
752,tt2576852,197,"['4', '3', '2', '5', '1', '4', '3', '5', '2', '4', '3']","['tt1691917', 'tt5480340', 'tt1402488', 'tt1623288', 'tt4877122', 'tt2576852', 'tt3416828', 'tt3262342', 'tt2293640', 'tt1690953', 'tt2865120']",54," I would choose this movie because it offers a unique and captivating story about a princess found in a bamboo and her journey through life. The plot seems intriguing and I am interested in exploring the themes of love, identity, and the pursuit of happiness. Additionally, the animation style of the film, which is inspired by traditional Japanese art, adds to its appeal."
753,tt1631867,269,"['2', '3', '8', '7', '4', '9', '6']","['tt1349482', 'tt2429074', 'tt0114709', 'tt4299972', 'tt0089538', 'tt1631867', 'tt1978532']",317," I choose this movie because it has a rating of 9, which is the highest among the movies I have rated so far. Additionally, the plot of the movie, with its time loop and intense action, sounds intriguing and unique. I am drawn to the idea of Major William Cage's character evolving and becoming more skilled with each battle. Overall, the combination of high ratings and an exciting plot makes me want to watch Edge of Tomorrow"
754,tt5362988,487,"['8', '6', '7', '4', '5', '3', '9', '6', '10', '7', '6', '9', '8', '7', '4']","['tt5254868', 'tt4912910', 'tt3247714', 'tt2059171', 'tt3480796', 'tt3732950', 'tt2911666', 'tt1829012', 'tt5362988', 'tt1600196', 'tt3973198', 'tt2025690', 'tt0790724', 'tt3062096', 'tt4126568']",548," Additionally, I am drawn to the intriguing plot centered around a murder investigation in a remote and unforgiving setting. The combination of mystery, suspense, and the pursuit of justice makes it a compelling choice for me to watch."
755,tt2404425,458,"['6', '4', '8', '7', '5']","['tt2962876', 'tt1677561', 'tt2404425', 'tt4073952', 'tt1978532']",226," I choose this movie because it has a rating of 8, which is the highest among the movies I have viewed so far. Additionally, the plot of the movie seems intriguing and meaningful, as it revolves around seeking justice for the art theft perpetrated by the Nazis during World War II. I am interested in historical dramas and stories that shed light on important events, so Woman in Gold aligns with my preferences."
756,tt1677561,280,"['6', '7', '4', '8', '9', '5', '7', '7', '9', '8']","['tt2493486', 'tt2404425', 'tt2429074', 'tt1978532', 'tt1837709', 'tt1349482', 'tt4073952', 'tt1234721', 'tt1677561', 'tt2962876']",447," I choose this movie because it has a unique and intriguing plot that explores themes of redemption, self-discovery, and the complexities of life. The concept of a soul getting a second chance and having to uncover the secrets of its past life and the reasons behind someone's suicide is captivating. Additionally, the exploration of different shades of grey and colors in the real world adds depth to the story. I am excited to watch ""Colorful"
757,tt1201607,208,"['7', '6', '4', '3', '8', '9', '7', '10', '5', '9', '8']","['tt1509767', 'tt1618442', 'tt1397514', 'tt1815862', 'tt5607028', 'tt1355638', 'tt3922818', 'tt1201607', 'tt2404233', 'tt1192628', 'tt1840309']",363," I choose this movie because it has the highest rating among the movies I have viewed so far, and I have always been a fan of the Harry Potter series. Additionally, I am intrigued by the plot of the final battle against Voldemort and the resolution of the story."
758,tt2278388,548,"['8', '6', '7', '9', '8', '7', '5', '10', '9', '6']","['tt4073952', 'tt1631867', 'tt0816692', 'tt1677561', 'tt2404425', 'tt2962876', 'tt4299972', 'tt0114709', 'tt2278388', 'tt4324274']",127," 

I choose this movie because it has received a high rating of 9 from me, indicating that I thoroughly enjoyed it. The plot description of the adventures of M. Gustave, the legendary concierge, and his friendship with Zero Moustafa intrigues me. Additionally, the backdrop of a changing continent adds an interesting layer to the story. Overall, I am drawn to the combination of adventure, humor, and unique characters"
759,tt2962876,264,"['6', '5', '7', '8', '9', '7', '6', '4', '8', '9']","['tt1837709', 'tt4073952', 'tt2404425', 'tt2962876', 'tt2493486', 'tt1234721', 'tt1978532', 'tt1349482', 'tt2429074', 'tt1677561']",477," I choose this movie because it explores a unique and compelling story about a young man with Tourette Syndrome and his journey of self-discovery. The plot of the film, centered around Vincent's experiences in a clinic and his road trip with two other individuals facing their own challenges, promises to be both heartwarming and thought-provoking. Given my previous ratings and preferences for movies with depth and meaningful storytelling"
760,tt4912910,391,"['6', '3', '7', '2', '8', '9', '10', '8', '5', '9', '7', '9']","['tt1428538', 'tt1854564', 'tt2172934', 'tt2382009', 'tt3247714', 'tt1196948', 'tt2962876', 'tt1509767', 'tt1666801', 'tt4912910', 'tt1588173', 'tt2025690']",558," I rate it 9 out of 10. The reason I choose this movie is because I have previously enjoyed action-packed movies like ""Saving Private Ryan"" and ""The Three Musketeers"". ""Mission: Impossible - Fallout"" seems to have a thrilling plot involving espionage, high-stakes missions, and suspenseful action sequences. Additionally, the Mission: Impossible franchise has a reputation for delivering exciting and"
761,tt2802144,337,"['6', '7', '8', '4', '5', '7', '9', '8', '9', '10']","['tt0803096', 'tt1232829', 'tt4116284', 'tt1428538', 'tt1502404', 'tt1496025', 'tt1618442', 'tt4853102', 'tt2267968', 'tt2802144']",442," I choose this movie because it received a rating of 10, which is the highest rating I have given so far. Additionally, I am drawn to the plot of the movie, which involves a secret organization, action-packed scenes, and a storyline centered around a young man's journey to become a hero and protect the world. The combination of a thrilling plot, engaging characters, and positive reviews make"
762,tt1839492,523,"['8', '6', '7', '9', '8', '4', '9', '5', '6', '9']","['tt2576852', 'tt3564794', 'tt2061702', 'tt2338151', 'tt1462769', 'tt2404233', 'tt1935859', 'tt2379386', 'tt2381991', 'tt1839492']",92," I choose this movie because I am intrigued by the concept of a character coming to life through the power of writing. As someone who appreciates creativity and storytelling, the idea of being able to shape and control a person's actions through writing is fascinating. It presents an interesting exploration of power, relationships, and the boundaries between fiction and reality."
763,tt0816692,351,"['7', '6', '4', '8', '9', '7', '5', '8', '10', '9\n\nReason for selecting ""Toy Story"": I would like to watch ""Toy Story"" because it is a classic animated film that has received high ratings and critical acclaim. It explores the imaginative world of toys coming to life and the importance of friendship and loyalty. The storyline is engaging and appeals to both children and adults. Additionally, as someone who rated ""The Jinx: The Life and Deaths of Robert Durst"" highly, I appreciate compelling storytelling, and ""Toy Story"" offers a captivating and', '7', '6\n\nReason for selecting ""Iliza Shlesinger: Freezing Hot"": After watching a variety of movies with different genres and themes, I feel like taking a break from intense plots and exploring some comedy. ""Iliza Shlesinger: Freezing Hot"" seems like a good choice as it offers a humorous perspective on the dynamics between men and women. I appreciate Iliza Shlesinger\'s wit and comedic style, and I believe this stand-up special will provide an enjoyable and lighthe', '8\n\nReason for selecting ""G.B.F."": After exploring different genres and themes, I am intrigued by the plot of ""G.B.F."" It offers a fresh perspective on high school dynamics and the concept of a ""Gay Best Friend."" The film seems to address themes of identity, acceptance, and friendship in a comedic and entertaining way. I appreciate movies that challenge social norms and promote inclusivity, and based on the plot, I believe ""G.B.F."" will provide an enjoyable and thought']","['tt4299972', 'tt1978532', 'tt1349482', 'tt2404425', 'tt1837709', 'tt2493486', 'tt1234721', 'tt2962876', 'tt0816692', 'tt0114709', 'tt1677561', 'tt4073952', 'tt2429074']",112," I rated it a 10, which is the highest rating among the movies I have viewed. I am drawn to the futuristic and adventurous plot of exploring interstellar travel to ensure the survival of humanity. The concept of a newly discovered wormhole and the quest for a habitable planet fascinates me. Additionally, the film has received critical acclaim and is known for its stunning visuals"
764,tt4912910,97,"['8', '5', '2', '6', '9', '7', '10', '3', '8', '7']","['tt2911666', 'tt3480796', 'tt3181822', 'tt3732950', 'tt1600196', 'tt5254868', 'tt4912910', 'tt4126568', 'tt3247714', 'tt1829012']",320," I choose this movie because it has the highest rating among the movies I have viewed, receiving a rating of 10. Additionally, I am a fan of action-packed films and the Mission: Impossible series. The plot of ""Mission: Impossible - Fallout"" intrigues me with its high-stakes mission and the thrilling pursuit of the plutonium cores. I am excited to see the intense action sequences and the clever"
765,tt2404425,255,"['6', '3', '7', '8', '4', '5', '7', '9', '8', '6']","['tt1677561', 'tt4073952', 'tt2493486', 'tt1837709', 'tt1349482', 'tt1978532', 'tt2429074', 'tt2404425', 'tt2962876', 'tt1234721']",179," I would choose this movie because it has the highest rating among the movies I have viewed so far (9). Additionally, the plot of ""Woman in Gold"" is intriguing as it revolves around a woman seeking justice and reclaiming a painting stolen by the Nazis during World War II. The story seems to have historical and emotional depth, making it a compelling choice for me to watch."
766,tt0816692,230,"['7', '6', '8', '4', '9', '10', '5', '2', '9', '7', '6', '8', '10', '7', '3']","['tt1978532', 'tt2172934', 'tt1234721', 'tt4073952', 'tt1677561', 'tt2404425', 'tt2429074', 'tt1349482', 'tt2962876', 'tt2493486', 'tt1837709', 'tt2548208', 'tt0816692', 'tt4324274', 'tt0089538']",501," Additionally, the plot of the movie, which revolves around the exploration of space and the search for a habitable planet, appeals to my interest in science fiction and exploration. The concept of interstellar travel and the potential for humanity's survival in the face of adversity is intriguing to me."
767,tt0816692,34,"['6', '7', '9', '8', '7', '5', '6', '4', '9', '10', '8', '3', '10\n\nReason for selection: I would select ""Interstellar"" because I am fascinated by space exploration and the concept of interstellar travel. The idea of venturing into the unknown and discovering new worlds is incredibly intriguing to me. Additionally, the film has received critical acclaim for its stunning visuals and thought-provoking storyline, which further piques my interest. I am excited to watch ""Interstellar"" and be taken on a thrilling journey through space.', '7\n\nReason for selection: I would select ""Someone Marry Barry"" because I enjoy comedies and the premise of friends trying to find a wife for their socially inappropriate friend sounds like it could lead to hilarious situations. The idea of two similar individuals coming together and potentially causing even more chaos adds an interesting twist to the story. I expect the film to provide plenty of laughs and entertainment.', '9\n\nReason for selection: I would select ""Woman in Gold"" because I am interested in historical dramas and stories related to World War II. The plot of a woman fighting to reclaim a painting stolen by the Nazis not only highlights the importance of preserving cultural heritage, but also sheds light on the injustices committed during that time. The film\'s focus on seeking justice and confronting the past resonates with me, and I anticipate a powerful and thought-provoking story.', '6', '7', '8']","['tt2429074', 'tt1234721', 'tt4299972', 'tt2278388', 'tt2962876', 'tt1837709', 'tt4324274', 'tt0089538', 'tt1631867', 'tt0114709', 'tt1677561', 'tt1349482', 'tt0816692', 'tt1978532', 'tt2404425', 'tt2548208', 'tt2172934', 'tt2493486']",23," The idea of venturing into the unknown and discovering new worlds is incredibly intriguing to me. Additionally, the film has received critical acclaim for its stunning visuals and thought-provoking storyline, which further piques my interest. I am excited to watch ""Interstellar"" and be taken on a thrilling journey through space."
768,tt1935859,536,"['5', '2', '4', '3', '1', '5', '4', '7', '8', '9', '6']","['tt2061702', 'tt0990407', 'tt1462769', 'tt0800369', 'tt2735292', 'tt1839492', 'tt2027128', 'tt3731562', 'tt1935859', 'tt2338151', 'tt0829150']",534," I choose this movie because it combines elements of mystery, fantasy, and adventure, which are genres that I enjoy. The plot of the movie intrigues me, as it involves a protagonist discovering a magical place and uncovering a mystery that spans different worlds and times. Additionally, the idea of peculiar children with special powers adds an extra layer of fascination to the story. Overall, I believe"
769,tt3896198,301,"['6', '7', '3', '8', '4', '9', '5', '6', '9', '8', '7', '9']","['tt4788944', 'tt1825683', 'tt1698647', 'tt1298554', 'tt2808986', 'tt3778644', 'tt2231461', 'tt1620680', 'tt3896198', 'tt2660888', 'tt1446714', 'tt4547056']",483," 2"" with imdbID tt3896198. I choose this movie because it has received a high rating from me (9) and it aligns with my previous preferences for action-packed and entertaining films. Additionally, I enjoyed the first installment of the Guardians of the Galaxy series, so I am excited to continue the story and see how the characters develop further."
770,tt0816692,505,"['6', '4', '7', '9', '8', '5', '6', '7', '9', '5', '8', '7', '4', '8', '6', '10', '9', '7']","['tt1978532', 'tt1234721', 'tt2404425', 'tt0114709', 'tt1677561', 'tt1837709', 'tt2172934', 'tt2429074', 'tt1631867', 'tt2548208', 'tt4073952', 'tt2493486', 'tt1349482', 'tt4299972', 'tt4324274', 'tt0816692', 'tt2278388', 'tt2962876']",329," I choose this movie because it combines elements of science fiction, adventure, and exploration, which are genres that I enjoy. The concept of interstellar travel and the exploration of new planets fascinates me. Additionally, the film has received critical acclaim for its visual effects, storytelling, and thought-provoking themes about the future of humanity. Overall, ""Interstellar"" offers a captivating and immersive cinematic experience that I am eager"
771,tt6769208,532,"['8', '7', '6', '9', '8', '7', '9', '10', '6', '9']","['tt5804038', 'tt1972663', 'tt4393514', 'tt2014338', 'tt3327994', 'tt3626804', 'tt2246565', 'tt1091863', 'tt1999192', 'tt6769208']",138," I choose this movie because I have always been fascinated by the wonders of the ocean and the incredible diversity of marine life. The sequel/reboot aspect of the film, along with its focus on mankind's impact on the oceans, adds an important and thought-provoking element to the documentary. The inclusion of revolutionary segments and the narration by David Attenborough further enhance the viewing experience. Overall, ""Blue Planet II"" promises"
772,tt1714917,508,"['7', '6', '8', '9', '7', '8', '9', '6', '9', '7', '8']","['tt3626804', 'tt3270538', 'tt1605782', 'tt1417592', 'tt2014338', 'tt5342766', 'tt1714917', 'tt1223236', 'tt1091863', 'tt2304915', 'tt2125666']",450," I am particularly interested in learning more about the legendary punk band The Stooges and their impact on the music industry. The documentary promises to provide an in-depth look at their story, which aligns with my previous preferences for music-related content."
773,tt2404425,402,"['7', '6', '8', '9', '4', '10', '7']","['tt1978532', 'tt2962876', 'tt4073952', 'tt2404425', 'tt1349482', 'tt1677561', 'tt2429074']",74, I choose this movie because it has a compelling plot that revolves around seeking justice for the atrocities committed during World War II. The story of Maria Altmann's quest to reclaim her aunt's stolen painting from the Nazis resonates with me and I appreciate movies that shed light on historical events and the pursuit of truth and justice.
774,tt1588173,257,"['8', '6', '7', '5', '9', '7', '4', '6', '8', '2', '3', '9', '7', '6', '10\n\nThe reason I want to watch ""Chef"" and selected it is because it tells a heartwarming story of a chef rediscovering his passion for cooking and finding a deeper connection with his family. The movie explores themes of artistic freedom, following one\'s instincts, and the importance of pursuing one\'s true passion. As someone who appreciates films that inspire and uplift, ""Chef"" seems like the perfect choice for a movie night.', '8\n\nThe reason I want to watch ""The Odd Life of Timothy Green"" and selected it is because it offers a unique and heartwarming story about the joys and challenges of parenthood. The concept of a child magically appearing in a couple\'s life and teaching them valuable lessons is intriguing. I am interested in exploring the themes of love, family, and the unexpected ways in which children can change our lives. The movie promises to be a touching and emotional journey, and I look forward to experiencing', '3', '9\n\nThe reason I want to watch ""Bad Moms"" and selected it is because it offers a refreshing and comedic take on the challenges of motherhood. I appreciate movies that explore the pressures and expectations placed on mothers and how they navigate their own identities and desires amidst these responsibilities. ""Bad Moms"" promises to be a hilarious and relatable film that showcases the importance of self-care and breaking free from societal norms. I\'m excited to see the dynamic between the main characters and their journey towards liberation and', '8\n\nThe reason I want to watch ""Ghost Graduation"" and selected it is because it combines elements of supernatural mystery and comedy in a unique and intriguing way. The concept of a teacher who can see and interact with student poltergeists adds an interesting twist to the story. I am curious to see how Modesto\'s ability to communicate with the spirits and his efforts to help them find peace will unfold. Additionally, the blend of ""The Sixth Sense"" and ""The Breakfast Club"" promises']","['tt2756032', 'tt1666801', 'tt1430607', 'tt3553442', 'tt1478964', 'tt2065968', 'tt5368354', 'tt1650043', 'tt2546038', 'tt4009460', 'tt1935929', 'tt1588173', 'tt1397514', 'tt1715873', 'tt2883512', 'tt1462769', 'tt2828996', 'tt4651520', 'tt1924273']",281," 

I choose this movie because it has received a high rating of 9, indicating that it is highly enjoyable and well-regarded. Additionally, the plot of ""Warm Bodies"" intrigues me as it offers a unique twist on the zombie genre, exploring themes of love, redemption, and the power of human connection. The idea of a zombie regaining his humanity and forming a warm relationship with a human is both intriguing and"
775,tt1462769,178,"['7', '6', '2', '8', '9']","['tt1924273', 'tt1588173', 'tt4877122', 'tt1462769', 'tt1430607']",115, The concept of a couple unexpectedly becoming parents to a child with unique characteristics is interesting and I am curious to see how they navigate through parenthood and what lessons they learn along the way.
776,tt3521164,175,"['4', '3', '2', '1', '5', '4', '1', '5', '3', '4', '3', '2']","['tt1690953', 'tt1430607', 'tt2865120', 'tt1615918', 'tt3411444', 'tt1430626', 'tt4877122', 'tt3521164', 'tt2576852', 'tt1623288', 'tt2452042', 'tt3416828']",136," I choose this movie because it has the highest rating among the movies I have rated so far. Additionally, the plot of ""Moana"" intrigues me as it combines elements of adventure, mythology, and a strong female protagonist. I am interested in exploring the Pacific setting and the journey of Moana as she sets out to save her island."
777,tt3262342,444,"['7', '6', '3', '8', '9', '7', '10', '5', '8', '9']","['tt1091191', 'tt2756032', 'tt5368354', 'tt1462769', 'tt4193394', 'tt2094064', 'tt3262342', 'tt5555502', 'tt2025690', 'tt2042568']",225," Additionally, the plot of ""Loving Vincent"" intrigues me as it explores the life and mysterious death of Vincent van Gogh through a unique artistic style. I am drawn to the idea of unraveling the psyche and fate of such a renowned artist and delving into the interpretations of his life and work"
778,tt1430607,15,"['6', '3', '8', '2', '4', '3', '9', '5', '7', '4']","['tt1397514', 'tt4126340', 'tt2546038', 'tt4009460', 'tt2828996', 'tt1935929', 'tt1430607', 'tt4877122', 'tt1243974', 'tt1798603']",329,
779,tt1631867,19,"['6', '3', '7', '2', '4', '5', '3', '4', '8', '7', '9']","['tt5487524', 'tt4831420', 'tt2231461', 'tt3899796', 'tt1815862', 'tt3480796', 'tt1397514', 'tt4464394', 'tt3922818', 'tt1267299', 'tt1631867']",125," I choose this movie because it has a high rating and the plot seems intriguing. The idea of a time loop and the protagonist becoming more skilled with each repetition adds an interesting twist to the story. Additionally, the involvement of aliens and the concept of a seemingly unbeatable enemy make it an exciting and action-packed film."
780,tt4912910,502,"['7', '5', '6', '8', '4', '7', '9', '10', '10\n\nReason: I would like to watch ""John Wick"" because I have consistently enjoyed action movies with intense and well-choreographed fight scenes. The plot description of John Wick as a legendary hitman seeking revenge against those who wronged him is intriguing and promises an adrenaline-filled experience. Additionally, the high rating indicates that it is a well-received movie, further piquing my interest to see what makes it stand out among other action films.', '8\n\nReason: I would like to watch ""The Finest Hours"" because I am drawn to stories of courage, resilience, and survival against all odds. The plot description of a group of Coast Guard members risking their lives to rescue stranded sailors in treacherous conditions is both thrilling and inspiring. Additionally, the historical context of the movie adds an extra layer of interest, as it is based on a true story. The high rating suggests that it is a well-executed film that effectively captures the', '9\n\nReason: I would like to watch ""Mission: Impossible - Fallout"" because I have always enjoyed the Mission: Impossible franchise for its high-octane action sequences, intricate plots, and thrilling espionage elements. The plot description of Ethan Hunt and his team going on a mission to prevent a dangerous organization from acquiring plutonium cores sounds incredibly exciting and full of suspense. Additionally, the high rating suggests that the film delivers on its promises of thrilling action and engaging storytelling.', '6', '5']","['tt0790724', 'tt3480796', 'tt1829012', 'tt3062096', 'tt5254868', 'tt2059171', 'tt1600196', 'tt5362988', 'tt2911666', 'tt2025690', 'tt4912910', 'tt3247714', 'tt3732950']",433," I choose this movie because I have consistently enjoyed the Mission: Impossible franchise and the plot description of Ethan Hunt and his team trying to prevent a dangerous organization from acquiring plutonium cores sounds incredibly thrilling. Additionally, the high rating suggests that it delivers on its promises of exciting action and engaging storytelling."
781,tt1192628,100,"['8', '6', '7', '9', '8', '5', '7', '4', '6', '3']","['tt1192628', 'tt0401729', 'tt1397514', 'tt5607028', 'tt3922818', 'tt1815862', 'tt3416828', 'tt2404233', 'tt2381991', 'tt2379386']",572," I choose this movie because I enjoy animated films with adventure and humor. The plot of Rango, with a chameleon taking on the role of a hero and a sheriff in a western town, sounds entertaining and unique. Additionally, I appreciate the voice acting talents of Johnny Depp, who portrays the main character. Overall, I believe Rango would provide an enjoyable and entertaining movie-watching experience."
782,tt1430607,20,"['4', '3', '5', '1', '4', '3', '2', '1', '4', '5']","['tt4877122', 'tt1478964', 'tt3553442', 'tt4009460', 'tt2546038', 'tt1715873', 'tt1935929', 'tt2828996', 'tt1397514', 'tt1430607']",217,
783,tt1478964,354,"['7', '4', '6', '8', '5', '9', '3', '2', '7']","['tt2883512', 'tt1666801', 'tt2546038', 'tt1478964', 'tt3553442', 'tt1588173', 'tt1650043', 'tt1935929', 'tt4651520']",5," I choose this movie because I enjoy action-packed films with a unique twist. The idea of a group of inner-city kids forming an alliance to defend their neighborhood against savage alien creatures sounds exciting and intriguing. Additionally, the setting of a South London apartment complex adds an interesting backdrop to the story."
784,tt1588173,213,"['8', '6', '2', '7', '4', '3', '5', '9', '7', '6', '9', '7', '8', '7', '9', '4', '6']","['tt2883512', 'tt1430607', 'tt4877122', 'tt2756032', 'tt1397514', 'tt1935929', 'tt5368354', 'tt1588173', 'tt3553442', 'tt1666801', 'tt1478964', 'tt1924273', 'tt2065968', 'tt4651520', 'tt1462769', 'tt2828996', 'tt1650043']",2," I choose this movie because it has the highest rating among the movies I have viewed so far. Additionally, I am intrigued by the unique premise of a zombie protagonist regaining his humanity and forming a connection with a human. The blend of romance and post-apocalyptic elements seems captivating and I am curious to see how the story unfolds."
785,tt2267968,231,"['6', '4', '8', '7', '9', '5', '10', '7', '6', '8', '9', '7', '8', '7', '9']","['tt4464394', 'tt1815862', 'tt2347134', 'tt2381991', 'tt5607028', 'tt1397514', 'tt2802144', 'tt3247714', 'tt1937133', 'tt2027128', 'tt4116284', 'tt1428538', 'tt1232829', 'tt1496025', 'tt2267968']",510," I choose this movie because I have enjoyed the previous installments of the Kung Fu Panda series and the plot of this movie sounds entertaining. Additionally, the idea of Po having to train a group of pandas to become skilled warriors adds an interesting twist to the story."
786,tt3896198,13,"['5', '1', '1', '4', '4', '3', '2', '5', '3', '5', '4', '2']","['tt1815862', 'tt3899796', 'tt4831420', 'tt1397514', 'tt1446714', 'tt3922818', 'tt3480796', 'tt3896198', 'tt2231461', 'tt3498820', 'tt3778644', 'tt4464394']",436," 2"" with imdbID tt3896198. I choose this movie because I enjoy action-packed superhero films, and I particularly enjoyed the first Guardians of the Galaxy movie. The sequel promises to continue the thrilling adventures of the Guardians team, with new allies and enemies. Additionally, the comedic elements and the unique soundtrack of the first movie made it a fun and entertaining experience."
787,tt2278388,338,"['6', '3', '2', '8', '9', '4', '7', '10', '9', '5', '8', '6', '7', '3', '9', '8', '7', '10\n\nReason for selection: I would like to watch ""The Grand Budapest Hotel"" because it is a highly rated and critically acclaimed film. The combination of its unique storytelling, visually stunning cinematography, and the exceptional performances of the cast, particularly Ralph Fiennes as M. Gustave, make it a captivating and enjoyable watch. Additionally, the film\'s setting in a luxurious European hotel during the interwar period adds an element of charm and nostalgia. Overall, ""The Grand Budapest Hotel"" promises to']","['tt2429074', 'tt1978532', 'tt1349482', 'tt0816692', 'tt1631867', 'tt2548208', 'tt2172934', 'tt0114709', 'tt1677561', 'tt1234721', 'tt2404425', 'tt4324274', 'tt2962876', 'tt0089538', 'tt1837709', 'tt4299972', 'tt2493486', 'tt2278388']",216," The unique storytelling, visually stunning cinematography, and exceptional performances make it a captivating and enjoyable watch. Additionally, the film's setting in a luxurious European hotel during the interwar period adds an element of charm and nostalgia. Overall, ""The Grand Budapest Hotel"" promises to provide a delightful and immersive cinematic experience."
788,tt1462769,364,"['7', '2', '6', '8', '1', '4', '9', '10', '3', '2', '7', '1', '9', '5', '8', '6', '8', '9', '7']","['tt1430607', 'tt4877122', 'tt3553442', 'tt1588173', 'tt1935929', 'tt5368354', 'tt1243974', 'tt1462769', 'tt1798603', 'tt2828996', 'tt2546038', 'tt4009460', 'tt2065968', 'tt1397514', 'tt1666801', 'tt1924273', 'tt2756032', 'tt2883512', 'tt1478964']",428," I choose this movie because it has the highest rating among the movies I have viewed, and it seems to have an interesting and heartwarming plot about a couple learning about parenthood through a unique and unexpected experience."
789,tt1855199,449,"['6', '7', '8', '9', '7', '5', '9']","['tt2044801', 'tt5184298', 'tt2494362', 'tt3205376', 'tt2231253', 'tt2293640', 'tt1855199']",414," 

I choose this movie because it has received a high rating of 9 from me and it aligns with my previous preferences. I enjoy intense and gritty crime dramas, and ""End of Watch"" seems to fit that description. The plot description suggests a thrilling and suspenseful story set in South Central Los Angeles, with a focus on the challenges faced by street cops and their encounters with dangerous criminal organizations. The film also delves into"
790,tt4116284,180,"['6', '4', '8', '7', '9', '8', '9', '7', '10', '6', '5', '9']","['tt1397514', 'tt1815862', 'tt2347134', 'tt2381991', 'tt3247714', 'tt1232829', 'tt2267968', 'tt1496025', 'tt4116284', 'tt1428538', 'tt4464394', 'tt5607028']",244," I choose this movie because it has a rating of 10, which indicates that it is highly enjoyable and entertaining. Additionally, I am a fan of animated movies and the comedic take on the Batman character in this film appeals to me. The idea of Batman learning to work with others and lighten up adds an interesting twist to the story. Overall, I believe ""The Lego Batman Movie"" would be a fun and enjoyable watch"
791,tt2177771,445,"['7', '6', '8', '9', '7']","['tt1682180', 'tt2053463', 'tt2094064', 'tt2177771', 'tt0816442']",142,""" I choose this movie because it combines my interest in history and action. The plot of the movie, based on a true story, about a group of individuals tasked with rescuing artistic masterpieces from Nazi thieves during World War II, intrigues me. Additionally, the idea of risking their lives to protect and defend mankind's greatest achievements adds a sense of adventure and importance to the story."
792,tt2493486,403,"['6', '4', '7', '8', '5', '9', '3', '9', '7', '8']","['tt2404425', 'tt1677561', 'tt1978532', 'tt2429074', 'tt1234721', 'tt2493486', 'tt1349482', 'tt1837709', 'tt4073952', 'tt2962876']",327," I choose this movie because it has the highest rating among the ones I have rated so far. Additionally, I am drawn to the plot of a fallen warrior seeking vengeance against a corrupt ruler. The theme of loyalty, honor, and justice appeals to me, making me want to watch this movie."
793,tt3498820,232,"['7', '4', '6', '8', '5', '9', '7', '6', '3', '9', '8', '2', '7', '10', '9']","['tt3896198', 'tt1698647', 'tt1620680', 'tt1825683', 'tt3480796', 'tt1446714', 'tt3922818', 'tt2231461', 'tt3899796', 'tt4547056', 'tt1298554', 'tt2808986', 'tt4788944', 'tt3778644', 'tt3498820']",59," I choose this movie because I have enjoyed previous Marvel movies and I am intrigued by the concept of superheroes being divided and fighting against each other. The plot seems to be filled with action, suspense, and the introduction of new characters. Additionally, the conflict between Iron Man and Captain America adds an interesting dynamic to the story. Overall, it seems like a thrilling and entertaining movie that I would love to watch."
794,tt2576852,243,"['7', '6', '8', '9', '8', '7', '9', '6', '7', '5', '6', '9', '6', '8']","['tt1935859', 'tt1854564', 'tt1865505', 'tt3564794', 'tt2576852', 'tt0990407', 'tt1839492', 'tt1837709', 'tt0829150', 'tt1071875', 'tt2381991', 'tt5607028', 'tt0816462', 'tt0770828']",504," I choose this movie because it has a unique and captivating plot based on Japanese folklore. The animation style is visually stunning, and the story explores themes of love, sacrifice, and the pursuit of happiness. As someone who appreciates fantasy and folklore, I am drawn to the enchanting tale of a princess who challenges societal expectations and seeks her own path."
795,tt2042568,428,"['7', '6', '8', '9', '4', '5', '7', '8', '9', '10', '9']","['tt2053425', 'tt1430607', 'tt2042568', 'tt2094064', 'tt5129510', 'tt3832914', 'tt3231054', 'tt2025690', 'tt5555502', 'tt2347134', 'tt1091191']",474," I would select this movie because I have consistently rated movies with a focus on character-driven stories and emotional depth. ""Inside Llewyn Davis"" offers a unique and introspective look into the life of a struggling folk singer, which aligns with my previous preferences for movies that explore personal struggles and the pursuit of artistic passion. Additionally, the setting of Greenwich Village in 1961 adds an interesting historical context"
796,tt2140423,274,"['3', '2', '4', '4', '2', '3', '5', '4', '2', '3']","['tt3832914', 'tt3231054', 'tt2756032', 'tt2094064', 'tt2140423', 'tt0479997', 'tt2347134', 'tt4193394', 'tt5368354', 'tt1243974']",18," Even though it has a lower rating, I am intrigued by the plot of a young woman seeking vengeance against her captors. The idea of her being a prime suspect in the investigation adds an interesting twist. I am drawn to the suspense and the potential for a thrilling storyline."
797,tt5607028,180,"['7', '4', '9', '6', '8', '7', '9', '5', '8', '6', '3', '9']","['tt1397514', 'tt1815862', 'tt2347134', 'tt2381991', 'tt3247714', 'tt1232829', 'tt2267968', 'tt1496025', 'tt4116284', 'tt1428538', 'tt4464394', 'tt5607028']",287," I choose this movie because I am a fan of fantasy and adventure genres, and the plot of ""Fullmetal Alchemist"" intrigues me. The concept of alchemy in a reality where it is highly developed and respected, along with the journey of the Elric brothers to find the philosopher's stone to restore their bodies, sounds like an exciting and captivating story. Additionally, the combination of action, mystery, and"
798,tt2278388,543,"['8', '4', '7', '9', '6', '7', '8', '5', '9', '3', '7', '6', '10', '9', '8', '10\n\nReason for selection: Toy Story is a classic animated film that has stood the test of time. The combination of heartwarming storytelling, memorable characters, and groundbreaking animation makes it a must-watch for both children and adults. Additionally, the theme of friendship and loyalty resonates with me, and I appreciate the creativity and imagination that went into bringing the toys to life.', '6', '7']","['tt2429074', 'tt2548208', 'tt2404425', 'tt0816692', 'tt1234721', 'tt2962876', 'tt2172934', 'tt4073952', 'tt1677561', 'tt1349482', 'tt2493486', 'tt1837709', 'tt2278388', 'tt1631867', 'tt4299972', 'tt0114709', 'tt1978532', 'tt4324274']",548," Additionally, I am drawn to the unique and visually stunning storytelling style of Wes Anderson, the director of the film. The plot of the movie, set in a fictional European hotel between the wars, promises a mix of adventure, mystery, and humor. I am intrigued by the ensemble cast and the promise of a captivating story set against the"
799,tt1430607,260,"['7', '8', '2', '9', '1', '3', '6', '10', '5', '4']","['tt1397514', 'tt2883512', 'tt4877122', 'tt1462769', 'tt4009460', 'tt4126340', 'tt1924273', 'tt1430607', 'tt1666801', 'tt2828996']",92," Additionally, the plot of the movie intrigues me as it offers a unique and imaginative take on how Santa Claus delivers presents. I am also drawn to the underlying story about family and the unlikely hero, Arthur, who has an important mission to complete. Overall, ""Arthur Christmas"" seems like an entertaining and heartw"
800,tt1201607,386,"['6', '7', '8', '9', '5', '7', '10', '4', '8', '6']","['tt1302011', 'tt1192628', 'tt1840309', 'tt1509767', 'tt5607028', 'tt3922818', 'tt1201607', 'tt1815862', 'tt0401729', 'tt1355638']",444," I choose this movie because it has the highest rating among the movies I have viewed so far (rated 10). Additionally, as a fan of the Harry Potter series, I am drawn to the epic conclusion of the story and the intense battle between Harry and Voldemort. I am excited to see how all the plotlines and character arcs come together in this final installment."
801,tt1596365,170,"['7', '6', '8', '5', '4', '9', '3', '8', '2', '1', '7']","['tt1441395', 'tt0905372', 'tt1714915', 'tt3067274', 'tt3487994', 'tt1596365', 'tt4796122', 'tt3705412', 'tt3099498', 'tt3201722', 'tt4094724']",463," I choose this movie because I enjoy atmospheric horror films and the plot of a vengeful ghost seeking revenge intrigues me. Additionally, the setting of a remote village and a haunted house adds to the eerie atmosphere."
802,tt1618442,177,"['7', '3', '8', '4', '9', '6', '7', '5', '2', '9', '4', '6', '5', '7', '3', '8', '9', '6', '4', '7', '7']","['tt4116284', 'tt2808986', 'tt2267968', 'tt0825283', 'tt5607028', 'tt2802144', 'tt2347134', 'tt2027128', 'tt4651410', 'tt1618442', 'tt1815862', 'tt1496025', 'tt1937133', 'tt1397514', 'tt4464394', 'tt1232829', 'tt4853102', 'tt1428538', 'tt2379386', 'tt2458106', 'tt2381991']",190," I choose this movie because it combines elements of fantasy, action, and adventure, which are genres that I enjoy. The plot about a lone warrior battling supernatural creatures and seeking to protect humanity intrigues me. Additionally, the presence of a legendary protagonist and the concept of immortality add an interesting twist to the story."
803,tt1631867,43,"['6', '4', '3', '2', '7', '9', '8', '10', '6']","['tt1978532', 'tt4299972', 'tt1349482', 'tt0089538', 'tt2429074', 'tt1631867', 'tt2278388', 'tt0114709', 'tt1234721']",548,""" I choose this movie because it has the highest rating among the movies I have viewed, with a rating of 9. Additionally, the plot of the movie intrigues me as it combines science fiction, action, and time-loop elements. The idea of a character repeating the same battle and gradually improving their skills is fascinating. Overall, the high rating and interesting plot make ""Edge of Tomorrow"" my top choice"
804,tt0816692,476,"['8', '7', '6', '9', '5', '10', '7', '8', '9', '7', '10', '6', '10', '7', '8', '6', '9']","['tt2278388', 'tt1677561', 'tt2429074', 'tt2404425', 'tt4324274', 'tt1631867', 'tt2493486', 'tt2172934', 'tt2962876', 'tt4299972', 'tt0114709', 'tt1978532', 'tt0816692', 'tt2548208', 'tt1234721', 'tt4073952', 'tt1837709']",575," Additionally, the plot of ""Interstellar"" about exploring space and searching for a new habitable planet to ensure humanity's survival is intriguing to me. I am also drawn to the film's exploration of time and the unknown."
805,tt1478964,365,"['7.5', '6.5', '5.5', '6.0', '8.0', '7.0', '5.0', '8.5', '9.0', '9.5']","['tt3553442', 'tt2065968', 'tt1715873', 'tt1650043', 'tt1430607', 'tt1924273', 'tt5368354', 'tt2546038', 'tt1588173', 'tt1478964']",363," Additionally, I am intrigued by the concept of a group of inner-city kids forming an alliance to defend their turf against savage alien creatures. The unique blend of sci-fi and urban setting makes it an exciting and engaging choice for me."
806,tt0970179,497,"['6', '3', '7', '8', '4', '9', '7', '9', '10', '5']","['tt2094064', 'tt0479997', 'tt2042568', 'tt2025690', 'tt2140423', 'tt1091191', 'tt5555502', 'tt1430607', 'tt0970179', 'tt5129510']",431," I am drawn to this movie because it combines elements of mystery, adventure, and history. The story of an orphan boy living in a train station, his quest to unlock the secrets of an automaton, and the connection to the legendary filmmaker George Melies intrigues me. Additionally, the setting of 1930s Paris adds an extra layer of charm and"
807,tt1748122,331,"['6', '3', '8', '4', '7', '5', '2', '7', '9', '10']","['tt1473832', 'tt2073520', 'tt2209418', 'tt1710417', 'tt1441952', 'tt1067774', 'tt1540128', 'tt2870808', 'tt2053425', 'tt1748122']",20," Additionally, the plot of two young individuals falling in love and running away together in a whimsical setting appeals to my preference for romantic and adventurous stories. The idea of various factions of the town mobilizing to search for them adds an intriguing element to the plot. Overall, ""Moonrise Kingdom"" seems like"
808,tt0816692,94,"['9', '7', '8', '6', '5', '7', '4', '9', '6', '10', '5', '3', '8', '2', '10', '7', '6']","['tt2278388', 'tt2404425', 'tt1677561', 'tt2493486', 'tt4324274', 'tt1234721', 'tt1978532', 'tt2962876', 'tt2548208', 'tt0816692', 'tt4073952', 'tt1349482', 'tt1837709', 'tt0089538', 'tt0114709', 'tt2172934', 'tt2429074']",368," The concept of interstellar travel and the exploration of new worlds adds an exciting element to the plot. Additionally, the film has received widespread acclaim for its stunning visuals, compelling performances, and emotional depth. Overall, ""Interstellar"" promises to be a thrilling and immersive cinematic experience."
809,tt2883512,368,"['7', '6', '8', '5', '9', '7', '9', '8', '4', '7', '10']","['tt3553442', 'tt2756032', 'tt1924273', 'tt1397514', 'tt2065968', 'tt1462769', 'tt1478964', 'tt1588173', 'tt5368354', 'tt1666801', 'tt2883512']",340," I choose this movie because it received a rating of 10, which indicates that it is highly recommended. Additionally, the plot of the movie, which revolves around a chef rediscovering his passion for cooking and finding a deeper connection with his life and family, sounds intriguing and heartwarming. As someone who enjoys movies about personal growth and self-discovery, ""Chef"" seems like a great choice."
810,tt1748122,526,"['7', '6', '4', '2', '9', '8', '6', '9', '7', '8']","['tt1441952', 'tt1243974', 'tt1540128', 'tt4465564', 'tt1748122', 'tt1710417', 'tt1067774', 'tt2209418', 'tt2870808', 'tt2073520']",326," I choose this movie because it has a rating of 9, which is the highest among the movies I have rated so far. Additionally, I am drawn to the plot of two young individuals falling in love and running away together, causing chaos in their town. The idea of a whimsical and adventurous story set in the 1960s appeals to me, and I am interested in seeing how the town reacts to their"
811,tt1430607,87,"['7', '2', '6', '9', '8', '5', '3', '4', '10', '7', '1']","['tt1588173', 'tt1935929', 'tt2546038', 'tt2883512', 'tt1478964', 'tt1666801', 'tt4877122', 'tt1397514', 'tt1430607', 'tt3553442', 'tt2828996']",240," I choose this movie because it has the highest rating among the movies I have viewed, receiving a rating of 10. Additionally, the plot of ""Arthur Christmas"" is intriguing as it offers a unique and imaginative answer to the question of how Santa delivers presents in one night. The focus on family dynamics and the mission that Arthur must complete also adds depth to the story. Overall, ""Arthur Christmas"" seems like an entertaining and"
812,tt0816692,34,"['6', '7', '8', '9', '7', '5', '6', '4', '9', '10', '8', '3', '10\n\nReason: I would like to watch ""Interstellar"" because it explores the concept of interstellar travel and the survival of humanity. The idea of venturing into the unknown and discovering new planets to sustain human life is fascinating to me. Additionally, the film has received critical acclaim for its stunning visuals and thought-provoking storyline, which makes me even more excited to watch it.', '7', '9\n\nReason: I would like to watch ""Woman in Gold"" because it tells a compelling and important story about seeking justice and reclaiming stolen art. The historical context of the Nazi plunder during World War II adds depth and significance to the narrative. Additionally, the film features acclaimed performances, particularly by Helen Mirren, which further piques my interest. I believe it will be a thought-provoking and emotionally impactful movie experience.', '6', '7', '8']","['tt2429074', 'tt1234721', 'tt4299972', 'tt2278388', 'tt2962876', 'tt1837709', 'tt4324274', 'tt0089538', 'tt1631867', 'tt0114709', 'tt1677561', 'tt1349482', 'tt0816692', 'tt1978532', 'tt2404425', 'tt2548208', 'tt2172934', 'tt2493486']",551," The film's storyline and stunning visuals have received critical acclaim, making it an intriguing and visually captivating choice. Additionally, the exploration of space and the unknown is a topic that personally interests me, making ""Interstellar"" a movie I would be excited to watch."
813,tt6769208,514,"['7', '5', '8', '9', '6', '7', '9', '8', '7', '6']","['tt1417592', 'tt4393514', 'tt2125666', 'tt3270538', 'tt2304915', 'tt1714917', 'tt6769208', 'tt3327994', 'tt1091863', 'tt1972663']",10," The documentary series not only showcases the stunning marine life but also sheds light on the impact of human activities on the oceans. As someone who values environmental conservation, I believe watching ""Blue Planet II"" will not only be visually captivating but also provide valuable insights into the importance of preserving our oceans."
814,tt2025690,150,"['8', '6', '7', '4', '9', '5', '8']","['tt4547056', 'tt4471456', 'tt2450186', 'tt1865393', 'tt2059171', 'tt3973198', 'tt2025690']",431," I choose this movie because I enjoy stories of bravery and survival in challenging situations. The plot of the movie, where the Coast Guard members set out to rescue stranded sailors in a dangerous storm, appeals to my interest in thrilling and suspenseful narratives. Additionally, the historical aspect of the movie, being based on a true story, adds to its appeal for me."
815,tt2404425,409,"['8', '7', '6', '4', '9', '7', '5', '9', '8', '6', '9']","['tt2429074', 'tt0816692', 'tt1837709', 'tt1349482', 'tt2962876', 'tt2493486', 'tt1978532', 'tt1677561', 'tt1234721', 'tt4073952', 'tt2404425']",437," I choose this movie because it explores a compelling and important historical event, focusing on the restitution of stolen art during World War II. The story of Maria Altmann's fight to reclaim her aunt's painting from the Nazis is not only a tale of personal justice but also sheds light on the broader themes of loss, resilience, and the impact of war. With a rating of 9, it indicates that I highly appreciate movies that delve"
816,tt1441395,21,"['7', '3', '8', '2', '6', '4', '5', '1', '9', '10']","['tt4094724', 'tt3067274', 'tt1596365', 'tt2828996', 'tt2581244', 'tt2140423', 'tt4796122', 'tt3899796', 'tt0905372', 'tt1441395']",398," The plot description intrigues me as it explores the concept of an alien entity discovering its own humanity. This unique storyline, combined with the positive rating, makes me curious to watch and experience the tragic and terrifying consequences unfold."
817,tt2048770,99,"['6', '4', '7', '8', '9', '5', '7', '6', '8', '7']","['tt3181822', 'tt1712170', 'tt1658837', 'tt5173032', 'tt1650062', 'tt1957938', 'tt2048770', 'tt2044801', 'tt1837709', 'tt1829012']",438, I choose this movie because I am intrigued by the concept of time travel and the mystery surrounding the protagonist's genius husband's disappearance. The idea of unlocking the mystery of quantum physics and its connection to time is fascinating to me. I am excited to see how the story unfolds and how the protagonist's son plays a role in unraveling the secrets of time.
818,tt1618442,371,"['7', '6', '8', '5', '7', '9', '8']","['tt2267968', 'tt1232829', 'tt4116284', 'tt1618442', 'tt1496025', 'tt2802144', 'tt4853102']",587," The plot of the movie seems exciting and I am curious to see how the protagonist, Kaulder, deals with his immortality and seeks revenge against the resurrected Queen Witch."
819,tt1430607,144,"['6', '7', '5', '8', '9', '4', '10', '3', '2', '7']","['tt3210686', 'tt2094064', 'tt3231054', 'tt2053425', 'tt2347134', 'tt3832914', 'tt1430607', 'tt1243974', 'tt2528814', 'tt2140423']",217," I choose this movie because it has the highest rating among the ones I have viewed so far, with a rating of 10. Additionally, the plot of ""Arthur Christmas"" intrigues me as it offers a unique and imaginative explanation for how Santa Claus delivers presents in one night. I am also drawn to the idea of a family in comic dysfunction and an unlikely hero, which adds an element of humor and heart to"
820,tt1234721,436,"['6', '4', '7', '8', '9', '10', '7', '8', '5']","['tt2429074', 'tt1978532', 'tt4073952', 'tt1234721', 'tt2962876', 'tt2404425', 'tt1677561', 'tt1837709', 'tt1349482']",224," I choose this movie because it received a rating of 8, which is the highest among the movies I have rated so far. Additionally, I am intrigued by the futuristic plot and the concept of a part-man, part-robot police officer. The idea of exploring the themes of justice and the struggle between man and machine sounds compelling to me."
821,tt5607028,534,"['7', '6', '8', '5', '9', '4', '7', '3', '10', '9', '6']","['tt1935859', 'tt2576852', 'tt1839492', 'tt2381991', 'tt0829150', 'tt2379386', 'tt1462769', 'tt2735292', 'tt5607028', 'tt0770828', 'tt2404233']",593," I choose this movie because I have always been a fan of the anime series and the concept of alchemy. The story of two brothers on a quest to find the philosopher's stone and regain their lost bodies is intriguing and filled with action and adventure. Additionally, the idea of a world where alchemy exists and is a respected practice is fascinating to me. Overall, I am excited to watch Fullmetal Alchemist and see how the"
822,tt1631867,48,"['6', '3', '7', '4', '9']","['tt1349482', 'tt4299972', 'tt1978532', 'tt0089538', 'tt1631867']",89," I choose this movie because it has a high rating of 9 and the plot sounds intriguing. The idea of a time loop and the protagonist learning from each battle to defeat the enemy is captivating. Additionally, the presence of Tom Cruise and Emily Blunt in the lead roles adds to the appeal."
823,tt2267968,193,"['6', '7', '8', '5', '7', '4', '9', '8', '6', '9']","['tt2808986', 'tt1618442', 'tt1232829', 'tt2027128', 'tt0803096', 'tt0825283', 'tt1428538', 'tt2458106', 'tt1937133', 'tt2267968']",345," I choose this movie because I have enjoyed the previous installments of the Kung Fu Panda series and have given them high ratings. The combination of humor, action, and heartwarming moments in the previous movies has made them a favorite of mine. Additionally, the plot of ""Kung Fu Panda 3"" seems intriguing, with the introduction of new panda characters and the challenge of training them to fight"
824,tt3262342,296,"['4', '2', '3', '3', '6', '7', '8', '5', '9', '7']","['tt2808986', 'tt2735292', 'tt1855199', 'tt4226388', 'tt2379713', 'tt1345836', 'tt3402236', 'tt1937133', 'tt3262342', 'tt2295196']",63," I choose this movie because it offers a unique and visually stunning experience. The entire film is hand-painted in the style of Vincent van Gogh's artwork, which adds a captivating and immersive element to the storytelling. The plot revolves around the mysterious circumstances surrounding van Gogh's death, and as a fan of his artwork, I am intrigued to see how the film explores his life and the impact of his art. Additionally"
825,tt1588173,410,"['2', '3', '4', '3', '5', '4', '1', '5', '2', '3', '5']","['tt4877122', 'tt2828996', 'tt1666801', 'tt1650043', 'tt1397514', 'tt1430607', 'tt4009460', 'tt2546038', 'tt1935929', 'tt4126340', 'tt1588173']",540," I choose this movie because it has a unique and intriguing premise. The idea of a zombie regaining his humanity and forming a warm relationship with a human is a fresh take on the zombie genre. The plot also promises a mix of romance, action, and a struggle for a better world, which sounds engaging and entertaining."
826,tt1677561,347,"['6', '7', '8', '7', '9']","['tt4073952', 'tt2404425', 'tt2962876', 'tt1978532', 'tt1677561']",585," I choose this movie because it has a unique and intriguing plot that explores deep themes of life, death, and redemption. The concept of a soul being given a second chance in the body of a troubled teenager is fascinating, and I am curious to see how the story unfolds and how the mysteries surrounding the soul's past and the reasons for Makoto's suicide are revealed."
827,tt0816692,545,"['6', '4', '7', '8', '9', '5', '10', '3', '9', '6', '10', '10\n\nReason for selection: I would like to watch ""Interstellar"" because it combines elements of science fiction and exploration, which are genres I enjoy. The concept of interstellar travel and the exploration of new worlds is intriguing to me. Additionally, the idea of a team of astronauts facing the challenges of space and searching for a new home for humanity adds a sense of adventure and suspense to the story. Overall, I believe ""Interstellar"" will provide an immersive and thought-provoking experience.', '7', '8', '9\n\nReason for selection: I would like to watch ""Woman in Gold"" because it tells a powerful and important story about seeking justice and reclaiming what was stolen during a dark period in history. The film explores the historical context of Nazi art theft during World War II and the personal journey of Maria Altmann as she fights to regain her family\'s stolen artwork. The themes of resilience, determination, and the pursuit of justice resonate with me. Additionally, the film stars Helen Mirren, whose', '8', '10\n\nReason for selection: I would like to watch ""The Grand Budapest Hotel"" because it offers a unique and visually stunning cinematic experience. The film is directed by Wes Anderson, known for his distinctive style and attention to detail. The plot, set in a whimsical and charming European hotel, promises a mix of adventure, humor, and mystery. The stellar cast, including Ralph Fiennes and Tony Revolori, adds to the appeal. Overall, ""The Grand Budapest Hotel"" seems like a', '7']","['tt1978532', 'tt1677561', 'tt1234721', 'tt2962876', 'tt2493486', 'tt2429074', 'tt0114709', 'tt1349482', 'tt1837709', 'tt2548208', 'tt1631867', 'tt0816692', 'tt4299972', 'tt2172934', 'tt2404425', 'tt4324274', 'tt2278388', 'tt4073952']",530," I choose this movie because it combines elements of science fiction and exploration, which are genres I enjoy. The concept of interstellar travel and the exploration of new worlds is intriguing to me. Additionally, the film has received a high rating and positive reviews, indicating that it offers a captivating and thought-provoking experience."
828,tt1631867,6,"['8', '7', '6', '4', '5', '3', '9', '8', '10', '9', '7']","['tt3896198', 'tt2660888', 'tt3778644', 'tt1620680', 'tt3480796', 'tt2231461', 'tt1825683', 'tt1446714', 'tt1631867', 'tt3498820', 'tt5544384']",499,
829,tt1600196,502,"['7', '4', '6', '8', '5', '9', '10', 'I rate it 9.', 'I rate it 8.', 'I rate it 7.', 'I rate it 9.', 'I rate it 6.', 'I rate it 5.']","['tt0790724', 'tt3480796', 'tt1829012', 'tt3062096', 'tt5254868', 'tt2059171', 'tt1600196', 'tt5362988', 'tt2911666', 'tt2025690', 'tt4912910', 'tt3247714', 'tt3732950']",552," It received a rating of 10, which indicates that I found it highly enjoyable and engaging. Additionally, the plot description of a bartender getting involved in a covert scheme and being entangled in a robbery and investigation intrigues me. The combination of crime, suspense, and exploring the neighborhood's past sounds like a compelling story that I would be interested in watching."
830,tt1837709,352,"['7', '6', '8', '9', '5', '4', '7', '8', '3', '6']","['tt2493486', 'tt2962876', 'tt1234721', 'tt2404425', 'tt4073952', 'tt2429074', 'tt1837709', 'tt1677561', 'tt1349482', 'tt1978532']",359," Additionally, the plot of ""Winter's Tale"" intrigues me with its blend of romance and fantasy set in the backdrop of New York City. The idea of a love story between a burglar and a dying girl, intertwined with elements of magic and mystery, piques my curiosity and makes me want to watch"
831,tt1588173,365,"['7', '6', '5', '6', '8', '7', '4', '9', '10\n\nReason for selection: I would like to watch ""Warm Bodies"" because it offers a unique twist on the zombie genre. The idea of a zombie regaining his humanity and forming a warm relationship with a human is intriguing. I am curious to see how the story unfolds and how R and Julie navigate the challenges they face in their quest for a better world.', '9\n\nReason for selection: I would like to watch ""Attack the Block"" because it combines elements of sci-fi, action, and comedy in a unique way. The concept of a group of inner-city kids defending their neighborhood against alien invaders sounds exciting and entertaining. I am curious to see how they use their resourcefulness and teamwork to fight off the savage creatures and turn their apartment complex into an intergalactic war-zone.']","['tt3553442', 'tt2065968', 'tt1715873', 'tt1650043', 'tt1430607', 'tt1924273', 'tt5368354', 'tt2546038', 'tt1588173', 'tt1478964']",148, The idea of a zombie regaining his humanity and forming a warm relationship with a human is intriguing. I am curious to see how the story unfolds and how R and Julie navigate the challenges they face in their quest for a better world.
832,tt1462769,520,"['6', '7', '8', '9', '7', '6', '4', '8', '5', '9', '9']","['tt1666801', 'tt1924273', 'tt2756032', 'tt2883512', 'tt1588173', 'tt3553442', 'tt5368354', 'tt1462769', 'tt1650043', 'tt2065968', 'tt1478964']",606," Additionally, the plot of the movie intrigues me as it explores the concept of parenthood and the unexpected joys and challenges that come with it. I am curious to see how the characters navigate their journey of raising a child who mysteriously enters their lives."
833,tt4547056,185,"['6', '7', '4', '3', '2', '9']","['tt4471456', 'tt2025690', 'tt3973198', 'tt2450186', 'tt1865393', 'tt4547056']",64," The idea of a dystopian future and the unique concept of hybrid children with both human and flesh-eating tendencies creates a compelling and thought-provoking story. I am curious to see how the characters navigate their survival and how Melanie, the exceptional girl, grapples with her identity."
834,tt1478964,310,"['7', '6', '4', '8', '9', '5', '10', '7', '9', '8', '6', '8', '9']","['tt1666801', 'tt1924273', 'tt1650043', 'tt2546038', 'tt2756032', 'tt5368354', 'tt1478964', 'tt3553442', 'tt2883512', 'tt1588173', 'tt1462769', 'tt4651520', 'tt2065968']",242," I choose this movie because it combines elements of science fiction and action, which I enjoy. The plot of a group of inner-city kids forming an unlikely alliance to defend their neighborhood against alien creatures sounds exciting and unique. Additionally, the setting of a South London apartment complex adds an interesting dynamic to the story."
835,tt1441395,104,"['2', '4', '5', '6', '3', '7', '4', '2', '3', '6', '8', '9', '7', '1', '3', '5']","['tt3099498', 'tt4126568', 'tt1596365', 'tt1714915', 'tt3899796', 'tt3067274', 'tt3732950', 'tt4796122', 'tt4464394', 'tt2140423', 'tt4094724', 'tt1441395', 'tt0905372', 'tt3201722', 'tt2828996', 'tt3705412']",194," I rate it a 9. 

I select ""Under the Skin"" because it stands out among the other movies with its unique and thought-provoking plot. The idea of an alien entity discovering its humanity and the consequences that follow intrigue me. The film explores complex themes and offers a different perspective on the concept of identity. I am drawn to its depth and the potential for an"
836,tt6769208,504,"['6', '7', '8', '9', '7', '9', '8', '7', '8', '9', '7', '8', '9', '7', '8', '9', '10', '8', '6', '7', '9']","['tt2304915', 'tt1417592', 'tt5359048', 'tt5804038', 'tt3626804', 'tt3270538', 'tt2246565', 'tt5342766', 'tt2014338', 'tt1942884', 'tt1972663', 'tt1091863', 'tt3327994', 'tt1605782', 'tt1714917', 'tt4393514', 'tt6769208', 'tt1559038', 'tt1999192', 'tt1223236', 'tt4229236']",477," I choose this documentary because I have always been fascinated by the wonders of the ocean and the diverse marine life it holds. The sequel/reboot of the original ""Blue Planet"" series promises to provide groundbreaking and visually stunning footage, along with a focus on the impact of human activities on the world's oceans. As someone who is interested in environmental issues, I believe this documentary will not only entertain me but also educate me about"
837,tt3262342,474,"['6', '7', '4', '5', '6', '8', '9', '7', '8', '7', '5', '9', '8', '7', '6', '9', '8']","['tt5129510', 'tt2025690', 'tt3210686', 'tt2528814', 'tt5368354', 'tt2094064', 'tt0970179', 'tt1430607', 'tt2347134', 'tt2042568', 'tt0479997', 'tt3262342', 'tt4193394', 'tt2756032', 'tt1462769', 'tt3231054', 'tt5555502']",539," I choose this movie because it received a rating of 9, which is the highest among the movies I have rated so far. Additionally, the plot of ""Loving Vincent"" intrigues me as it explores the life and mysterious death of Vincent van Gogh through a unique animation style. As a fan of van Gogh's art, I am interested in delving deeper into his psyche and understanding the complexities behind his"
838,tt2429074,262,"['6', '3', '7', '8', '4', '9', '7', '5', '6']","['tt1677561', 'tt1837709', 'tt2429074', 'tt2404425', 'tt1349482', 'tt2962876', 'tt1234721', 'tt1978532', 'tt4073952']",157,"B.F."" This is because I have previously rated it with a 7, which is one of the highest ratings I have given so far. Additionally, the plot of ""G.B.F."" about social warfare and the protagonist's struggle to choose between popularity and true friendship seems interesting and relatable. I am curious to see how the story unfolds and how the character navigates through these conflicts."
839,tt2017561,239,"['7', '6', '8', '9', '5', '7', '4', '9', '10', '6', '8', '9', '10', '8']","['tt1397514', 'tt1698647', 'tt3922818', 'tt1509767', 'tt2404233', 'tt1355638', 'tt1429433', 'tt2017561', 'tt1840309', 'tt1815862', 'tt5480340', 'tt0401729', 'tt5607028', 'tt1192628']",86," I choose this movie because I am intrigued by the concept of a Buddhist hero on a quest to meet the legendary Monkey King. The plot seems adventurous and filled with mythical elements, which I find appealing. Additionally, based on my previous ratings, I have shown a preference for movies with elements of fantasy and adventure, and ""Journey to the West"" aligns with those preferences."
840,tt1446714,83,"['4', '3', '5', '2', '3', '4', '5', '4', '3', '2', '5', '1', '5', '3', '4']","['tt1815862', 'tt1620680', 'tt3896198', 'tt4464394', 'tt3480796', 'tt1698647', 'tt4547056', 'tt1298554', 'tt3922818', 'tt4788944', 'tt3778644', 'tt3899796', 'tt1446714', 'tt1397514', 'tt2231461']",513," I choose this movie because I am intrigued by the concept of exploring the existence of superior extraterrestrial species and the fundamental questions of human existence. The plot seems captivating, and I am curious to see how the story unfolds and what discoveries are made during the deep-space scientific expedition."
841,tt2883512,93,"['3', '2', '4', '1', '3', '4', '2', '5', '5', '3', '5', '2', '4', '2']","['tt2828996', 'tt1935929', 'tt1588173', 'tt4009460', 'tt1397514', 'tt2546038', 'tt4126340', 'tt1243974', 'tt1430607', 'tt1650043', 'tt2883512', 'tt1798603', 'tt1666801', 'tt4877122']",261," I choose this movie because it has received a rating of 5, which is the highest among the movies I have rated. Additionally, the plot of ""Chef"" resonates with me as it tells the story of a talented chef rediscovering his passion for cooking and finding a deeper connection with his life and family. I am intrigued by the journey of self-discovery and the exploration of personal fulfillment in the movie."
842,tt1690953,120,"['7', '4', '6', '8', '5', '9', '3', '7', '6']","['tt1496025', 'tt1308729', 'tt1978532', 'tt2345759', 'tt3732950', 'tt1690953', 'tt1886493', 'tt2044801', 'tt1071875']",252," This movie received a rating of 9, which is the highest among the options given. The reason for selecting this movie is because it is an animated comedy film that is known for its humor, heartwarming moments, and entertaining storyline. Additionally, as someone who enjoyed movies like ""Inside Out"" and ""Zootopia,"" which also have elements of comedy and animation, """
843,tt2061702,486,"['6', '8', '7', '9', '5']","['tt1809398', 'tt3896198', 'tt3411444', 'tt2061702', 'tt1473832']",555," I choose this movie because I have consistently rated movies with a more fantasy or supernatural element higher in the past. This movie seems to have a unique and intriguing plot about a friendship between a human and a spirit, and I am interested to see how the story unfolds."
844,tt2756032,311,"['6', '2', '7', '8', '1', '9', '10', '5', '3', '7', '9', '4', '10', '2', '8', '6', '3', '7', '9']","['tt4651520', 'tt4877122', 'tt1924273', 'tt1478964', 'tt4009460', 'tt1462769', 'tt1588173', 'tt1397514', 'tt5368354', 'tt1715873', 'tt2883512', 'tt2546038', 'tt1430607', 'tt1935929', 'tt3553442', 'tt1650043', 'tt2828996', 'tt1666801', 'tt2756032']",119," I choose this movie because it has a high rating of 9, indicating that it is highly regarded by viewers. The plot description intrigues me as it promises a unique and mysterious story revolving around a troubled couple. I am curious to see how the bizarre circumstances further complicate their situation."
845,tt1978532,71,"['2', '3', '2', '4', '1']","['tt1349482', 'tt1234721', 'tt1978532', 'tt2429074', 'tt0089538']",231,"B.F."" with a rating of 4. 

I choose this movie because it explores the theme of friendship and acceptance. The plot revolves around a high school student who is outed as gay and becomes the center of attention for three popular girls who want to use him as their ""Gay Best Friend."" This movie seems interesting as it tackles important issues such as identity, peer pressure, and the true meaning of friendship."
846,tt2883512,142,"['6', '4', '7', '8', '3', '9', '10', '7', '2', '9', '5', '8', '1', '3', '9', '7', '10', '6', '7']","['tt4126340', 'tt1798603', 'tt1666801', 'tt1397514', 'tt5368354', 'tt1588173', 'tt1430607', 'tt1924273', 'tt2828996', 'tt1478964', 'tt1935929', 'tt1462769', 'tt4009460', 'tt4877122', 'tt2546038', 'tt3553442', 'tt2883512', 'tt1243974', 'tt1650043']",468," I choose this movie because it has a rating of 10, which indicates that it is highly regarded. Additionally, the plot of the movie resonates with me as it explores the protagonist's journey of rediscovering his passion for cooking and finding deeper connections with his family. I am drawn to stories that involve personal growth and meaningful relationships, and ""Chef"" seems to offer that."
847,tt2304915,521,"['8', '6', '7', '9', '8', '7', '9']","['tt3270538', 'tt1605782', 'tt1223236', 'tt1714917', 'tt2304915', 'tt1417592', 'tt2125666']",207," I choose this movie because I have a particular interest in documentaries that explore complex political situations and personal journeys. The plot of ""The Green Prince"" intrigues me as it delves into the story of a Palestinian man who becomes an informant for the Israeli security service. I am curious to learn more about the moral dilemmas, conflicts, and personal growth that the protagonist experiences throughout the film."
848,tt1714917,508,"['6', '7', '8', '9', '7', '8', '9', '6', '7', '9', '8']","['tt3626804', 'tt3270538', 'tt1605782', 'tt1417592', 'tt2014338', 'tt5342766', 'tt1714917', 'tt1223236', 'tt1091863', 'tt2304915', 'tt2125666']",445," The Stooges are known for their raw and energetic punk sound, and I am excited to learn more about their story and their contribution to the music industry."
849,tt1192628,216,"['6', '5', '7', '4', '8', '9', '3', '10', '7', '8', '5']","['tt1840309', 'tt1509767', 'tt2065968', 'tt1429433', 'tt1698647', 'tt5480340', 'tt1815862', 'tt1192628', 'tt0401729', 'tt2017561', 'tt1355638']",502," I choose this movie because it received a rating of 10, which is the highest rating among the movies I have viewed so far. Additionally, I am drawn to the plot description of Rango, a chameleon taking on the role of a hero and sheriff in an old western town. The idea of a unique and adventurous protagonist in a quirky setting appeals to me."
850,tt1937133,206,"['7', '3', '8', '6', '9']","['tt1715873', 'tt1210819', 'tt2091935', 'tt1540128', 'tt1937133']",60," I enjoyed the plot of two mismatched cops teaming up to solve a murder case, which adds an element of suspense and intrigue. The movie promises to be an exciting and engaging watch, and I am particularly interested in seeing how the two cops overcome their differences to work together and solve the crime."
851,tt4912910,97,"['6', '3', '2', '4', '8', '7', '9', '5', '7', '6']","['tt2911666', 'tt3480796', 'tt3181822', 'tt3732950', 'tt1600196', 'tt5254868', 'tt4912910', 'tt4126568', 'tt3247714', 'tt1829012']",453," I choose this movie because it has the highest rating among the movies I have viewed, with a rating of 9. Additionally, I am a fan of action-packed films and the ""Mission: Impossible"" series in particular. The plot of ""Fallout"" seems thrilling and engaging, with Ethan Hunt and his team on a mission to save the world from a dangerous organization. I am excited to see the intense"
852,tt1748122,302,"['8', '7', '6', '9', '5', '4', '9', '7', '8', '6', '9', '7']","['tt2034031', 'tt2091935', 'tt2870808', 'tt1748122', 'tt5368354', 'tt1540128', 'tt2209418', 'tt1937118', 'tt4513674', 'tt2073520', 'tt1714915', 'tt2756032']",555," I choose this movie because it has a rating of 9, which is the highest among the movies I have rated so far. Additionally, I am intrigued by the plot set in the 1960s and the idea of young love and the chaos it brings to a small town. The unique setting and the promise of a heartfelt and whimsical story make me want to watch and experience the world of Moonrise Kingdom."
853,tt2172934,76,"['2', '3', '4', '5', '7', '6', '8', '7', '9', '6']","['tt0089538', 'tt1349482', 'tt2429074', 'tt4073952', 'tt1837709', 'tt2493486', 'tt2548208', 'tt1978532', 'tt2172934', 'tt1234721']",265," The plot of a spy wanting to reconnect with his family while dealing with a dangerous mission intrigues me, and I am curious to see how the story unfolds and if he can successfully balance his personal and professional life."
854,tt1430607,1,"['2', '4', '1', '3', '5', '3', '4', '4', '2', '5', '5']","['tt4877122', 'tt1478964', 'tt4009460', 'tt1935929', 'tt3553442', 'tt1397514', 'tt2546038', 'tt1666801', 'tt2828996', 'tt1588173', 'tt1430607']",591," I choose this movie because it has a rating of 5, which is the highest among the movies I have viewed. Additionally, the plot of ""Arthur Christmas"" intrigues me as it combines the magic of Christmas with a story about family and an unlikely hero. I am interested to see how the movie explores the concept of Santa's operation and how Arthur's mission unfolds."
855,tt1631867,19,"['7', '3', '6', '2', '4', '5', '8', '3', '9', '7', '10']","['tt5487524', 'tt4831420', 'tt2231461', 'tt3899796', 'tt1815862', 'tt3480796', 'tt1397514', 'tt4464394', 'tt3922818', 'tt1267299', 'tt1631867']",454," I choose this movie because it has a rating of 10, indicating that it is highly recommended. The plot of the movie, with its time loop and intense action, sounds intriguing and engaging. Additionally, the presence of Tom Cruise and Emily Blunt in the lead roles adds to my interest in watching this film."
856,tt1430607,12,"['1', '2', '4', '3', '5', '4', '1', '3', '2', '1']","['tt4877122', 'tt4126340', 'tt2883512', 'tt2546038', 'tt1430607', 'tt1588173', 'tt4009460', 'tt1397514', 'tt2828996', 'tt1935929']",383," I choose this movie because it has the highest rating among the movies I have viewed, receiving a rating of 5."
857,tt3896198,301,"['5', '6', '3', '8', '7', '9', '4', '6', '10', '8', '7', '9']","['tt4788944', 'tt1825683', 'tt1698647', 'tt1298554', 'tt2808986', 'tt3778644', 'tt2231461', 'tt1620680', 'tt3896198', 'tt2660888', 'tt1446714', 'tt4547056']",469," 2"" with imdbID tt3896198. I choose this movie because it received a rating of 10, which indicates that I highly enjoyed it. Additionally, I am a fan of the Marvel Cinematic Universe and the first ""Guardians of the Galaxy"" movie. I am excited to see the continuation of the story and the interactions between the lovable characters."
858,tt1478964,199,"['8', '6', '4', '7', '9', '8', '3', '10', '5', '2', '1', '6', '9', '7', '8', '9', '7']","['tt4651520', 'tt2756032', 'tt1924273', 'tt2546038', 'tt1478964', 'tt1430607', 'tt1935929', 'tt2883512', 'tt1397514', 'tt2828996', 'tt4877122', 'tt5368354', 'tt2065968', 'tt1650043', 'tt3553442', 'tt1588173', 'tt1666801']",75," I choose this movie because it has the highest rating among the movies I have viewed so far, with a rating of 9. Additionally, the plot of ""Attack the Block"" intrigues me as it combines elements of science fiction and action, with a unique twist of a group of tough inner city kids defending their turf against alien creatures. The concept sounds exciting and I am curious to see how the"
859,tt1588173,218,"['5', '2', '4', '8', '9', '7', '6', '3', '7', '8', '9']","['tt2828996', 'tt1935929', 'tt2546038', 'tt1478964', 'tt2883512', 'tt1666801', 'tt1397514', 'tt4877122', 'tt1924273', 'tt1588173', 'tt3553442']",421," I choose this movie because I have previously rated it with an 8, which is one of the highest ratings I have given so far. I enjoyed the unique concept of a zombie regaining his humanity and forming a warm relationship with a human. The movie combines elements of romance, comedy, and post-apocalyptic themes, which I find intriguing. Additionally, the idea of bridging the differences between humans and zombies to fight for"
860,tt1865505,297,"['1', '2', '3', '2', '4', '2', '5', '3', '4', '3', '2', '4', '5', '5', '3', '4', '3', '4', '3', '5']","['tt4009460', 'tt1429433', 'tt3874544', 'tt1935929', 'tt2235542', 'tt4877122', 'tt2096673', 'tt2100546', 'tt2452042', 'tt2112281', 'tt4592572', 'tt1216475', 'tt1865505', 'tt1430607', 'tt5480340', 'tt3231054', 'tt3416828', 'tt1402488', 'tt5184298', 'tt3411444']",190," I choose this movie because it has a rating of 5, which is the highest among the movies I have rated so far. Additionally, the plot of ""Song of the Sea"" intrigues me as it tells the story of a child who is the last of the selkies and embarks on a journey to free fairy creatures trapped in the modern world. I am drawn to the magical and mythical elements of"
861,tt2048770,99,"['6', '4', '7', '8', '9', '5', '7', '6', '8', '7']","['tt3181822', 'tt1712170', 'tt1658837', 'tt5173032', 'tt1650062', 'tt1957938', 'tt2048770', 'tt2044801', 'tt1837709', 'tt1829012']",572, I choose this movie because I am intrigued by the concept of time travel and the mystery surrounding the protagonist's husband's disappearance. The idea of unlocking the secrets of quantum physics and the potential consequences of altering time fascinate me. I am eager to see how the story unfolds and how the protagonist navigates through the complexities of time.
862,tt2548208,4,"['7', '3', '6', '8', '2', '4', '1', '9', '5', '6']","['tt4853102', 'tt1615918', 'tt4126568', 'tt2548208', 'tt2828996', 'tt3899796', 'tt4009460', 'tt0401729', 'tt1600195', 'tt0472181']",429," I chose this movie because it has a high rating of 8, indicating that it is likely to be enjoyable."
863,tt2017561,160,"['6', '4', '8', '9', '7', '5', '8', '6', '7', '9', '8', '5', '6', '4', '7', '6']","['tt1509767', 'tt1698647', 'tt2017561', 'tt5607028', 'tt2065968', 'tt1355638', 'tt3922818', 'tt5480340', 'tt0401729', 'tt1192628', 'tt1840309', 'tt2381991', 'tt2404233', 'tt2379386', 'tt1815862', 'tt1397514']",528," The reason for selecting this movie is because it received a high rating of 9, indicating that it is highly enjoyable and well-regarded. Additionally, it aligns with the user's previous preferences as it falls under the genre of adventure and fantasy. The plot description of the movie also seems intriguing, with elements of alchemy, a quest, and a search for a mythical stone"
864,tt1714915,11,"['5', '4', '2', '3', '1', '4', '3', '5', '5', '2', '3', '4', '3', '4', '2', '3']","['tt3099498', 'tt3705412', 'tt2828996', 'tt1596365', 'tt3201722', 'tt2140423', 'tt0905372', 'tt1714915', 'tt1441395', 'tt4796122', 'tt4126568', 'tt3067274', 'tt4094724', 'tt3732950', 'tt3899796', 'tt4464394']",524," I choose this movie because it received a rating of 5, which is the highest rating among the movies I have viewed. Additionally, the plot description of two resilient and wise outsiders navigating their love story against the backdrop of a collapsing modern world intrigues me."
865,tt1499658,3,"['7', '3', '6', '4', '8', '5', '6', '7', '9', '2']","['tt2172934', 'tt1829012', 'tt4442130', 'tt4651410', 'tt2347134', 'tt2167202', 'tt2679042', 'tt2134170', 'tt1499658', 'tt2140423']",42," I choose this movie because it has a high rating of 9, indicating that it is highly enjoyable and entertaining. Additionally, the plot of the movie, which revolves around three individuals plotting to kill their horrible bosses, sounds intriguing and promises a lot of humor and excitement."
866,tt4547056,83,"['6', '7', '5', '4', '2', '3', '8', '7', '9', '5', '6', '8', '9', '10', '7']","['tt1620680', 'tt3896198', 'tt3480796', 'tt1397514', 'tt3899796', 'tt4464394', 'tt1446714', 'tt2231461', 'tt3778644', 'tt4788944', 'tt1815862', 'tt3922818', 'tt1298554', 'tt4547056', 'tt1698647']",67," I choose this movie because it has a unique and intriguing plot set in a dystopian future. The idea of hybrid children who retain their ability to think and feel, but also crave human flesh, adds an interesting twist to the typical zombie genre. The strong performances and the exploration of complex themes make it a compelling choice for me."
867,tt2429074,348,"['7', '6', '8', '5', '9', '3', '7', '6']","['tt1837709', 'tt1677561', 'tt2962876', 'tt2429074', 'tt2404425', 'tt1349482', 'tt4073952', 'tt1978532']",270,"B.F. The reason I choose this movie is because it explores the theme of acceptance and friendship, which aligns with my previous preferences for movies that touch on personal growth and relationships. Additionally, the plot of G.B.F. seems to offer a unique perspective on high school dynamics and the challenges faced by the main character."
868,tt2576852,175,"['7', '6', '4', '3', '8', '9', '2', '10', '9\n\nReason: I would like to watch ""The Tale of The Princess Kaguya"" because it offers a unique and enchanting story based on Japanese folklore. The animation style is visually stunning, and I am intrigued by the journey of the princess and the challenges she faces. Additionally, the film explores themes of love, identity, and the pursuit of happiness, which I find compelling.', '8\n\nReason: I would like to watch ""ParaNorman"" because it combines elements of humor, adventure, and supernatural elements. The premise of a young boy who can communicate with the dead and is tasked with saving his town from a curse is intriguing. I appreciate the unique animation style and the themes of acceptance and bravery that the movie explores. Additionally, the mix of humor and darker elements adds depth to the story.', '5', '6']","['tt1690953', 'tt1430607', 'tt2865120', 'tt1615918', 'tt3411444', 'tt1430626', 'tt4877122', 'tt3521164', 'tt2576852', 'tt1623288', 'tt2452042', 'tt3416828']",20," I choose this movie because it offers a unique and enchanting story based on Japanese folklore. The animation style is visually stunning, and I am intrigued by the journey of the princess and the challenges she faces. Additionally, the film explores themes of love, identity, and the pursuit of happiness, which I find compelling."
869,tt1631867,339,"['8', '3', '7', '6', '5', '4', '9', '10', '8']","['tt2278388', 'tt0089538', 'tt1234721', 'tt2429074', 'tt1978532', 'tt1349482', 'tt4299972', 'tt1631867', 'tt0114709']",562," Additionally, I am drawn to the plot of the movie, which involves a unique concept of time looping and a thrilling battle against an alien race. The idea of the protagonist gaining increasing skills and knowledge with each repeated encounter is intriguing and promises an exciting and engaging storyline."
870,tt1355638,183,"['6', '3', '8', '7', '5', '9', '4', '9', '8', '6']","['tt1698647', 'tt2404233', 'tt3922818', 'tt2017561', 'tt5480340', 'tt1355638', 'tt3416828', 'tt2065968', 'tt1840309', 'tt3480796']",582," I choose this movie because it has a unique and intriguing plot set in 1920s Algiers. The story revolves around a talking cat, a quest for a hidden tribe, and the search for a mythical city in Africa. The combination of adventure, mystery, and cultural elements makes it a fascinating choice for me."
871,tt3262342,165,"['7', '6', '8', '9', '6', '4', '7', '5', '9', '8']","['tt3402236', 'tt6768578', 'tt2295196', 'tt2053463', 'tt1937133', 'tt2735292', 'tt1499658', 'tt2808986', 'tt3262342', 'tt2379713']",109," Additionally, the unique concept of the movie, which is the first fully painted feature film, intrigues me. I am interested in exploring the life and art of Vincent van Gogh through the perspective of those who knew him, and the mystery surrounding his death adds an extra layer of intrigue."
872,tt2267968,193,"['6', '4', '8', '7', '5', '3', '9', '7', '6', '10']","['tt2808986', 'tt1618442', 'tt1232829', 'tt2027128', 'tt0803096', 'tt0825283', 'tt1428538', 'tt2458106', 'tt1937133', 'tt2267968']",555," I choose this movie because I have enjoyed the previous installments of the Kung Fu Panda series and have a preference for animated films. Additionally, the plot of Po reuniting with his long-lost panda father and training a village of pandas to become kung fu masters sounds entertaining and heartwarming."
873,tt6769208,532,"['9', '7', '6', '8', '9', '8', '9', '10', '7', '9']","['tt5804038', 'tt1972663', 'tt4393514', 'tt2014338', 'tt3327994', 'tt3626804', 'tt2246565', 'tt1091863', 'tt1999192', 'tt6769208']",305," I choose this movie because I have a strong interest in environmental issues and the impact of human activities on the planet. The documentary's focus on mankind's influence on the world's oceans through pollution and climate change resonates with my concerns. Additionally, the inclusion of revolutionary segments and the narration by David Attenborough make it even more appealing. I am excited to learn about the fascinating underwater world and gain a deeper understanding of"
874,tt1631867,362,"['7', '6', '8', '9', '4', '7', '8', '9', '8', '5', '3', '6']","['tt3498820', 'tt1446714', 'tt1825683', 'tt2660888', 'tt2231461', 'tt5544384', 'tt3778644', 'tt1631867', 'tt3896198', 'tt1620680', 'tt1267299', 'tt1815862']",268," I choose this movie because I enjoyed the concept of a time loop and the protagonist's growth and development throughout the story. The action sequences were intense and well-executed, and the chemistry between the main characters, played by Tom Cruise and Emily Blunt, was engaging. Overall, ""Edge of Tomorrow"" offers a unique and thrilling sci-fi experience that keeps you on the edge of your seat."
875,tt2380307,141,"['7', '6', '5', '8', '4', '9', '10', '7', '8', '9', '6', '8', '10', '3', '5']","['tt1623288', 'tt2293640', 'tt1691917', 'tt2576852', 'tt1615918', 'tt1430607', 'tt3521164', 'tt1430626', 'tt1302011', 'tt1690953', 'tt5184298', 'tt2065968', 'tt2380307', 'tt4877122', 'tt3416828']",556," I choose this movie because it has a rating of 10, which is the highest among the movies I have rated. Additionally, the plot of ""Coco"" is intriguing as it explores themes of family, music, and the importance of remembering our loved ones. The concept of venturing into the Land of the Dead and uncovering the truth about Miguel's family history sounds captivating and emotionally resonant. Overall, ""C"
876,tt2278388,406,"['6', '7', '4', '8', '9', '5', '7', '10', '6', '8', '9', '3', '7', '8', '10\n\nReason for selection: I would like to watch ""The Grand Budapest Hotel"" because it has received consistently high ratings and positive reviews. The plot seems intriguing, with a mix of adventure, comedy, and drama set in a visually stunning and whimsical setting. Additionally, the cast includes talented actors such as Ralph Fiennes, who I admire for his performances. Overall, it seems like a captivating and entertaining film that I would thoroughly enjoy.', '7', '6', '9\n\nReason for selection: I would like to watch ""Winter\'s Tale"" because it seems to be a unique and captivating love story set in a fantastical version of New York City. The plot, with its blend of romance, fantasy, and drama, intrigues me. Additionally, the cast, including Colin Farrell and Jessica Brown Findlay, is talented and capable of delivering compelling performances. I am drawn to the idea of exploring themes of love, fate, and the power of imagination in this']","['tt2962876', 'tt1631867', 'tt0089538', 'tt1677561', 'tt2404425', 'tt1978532', 'tt2429074', 'tt0816692', 'tt1234721', 'tt2172934', 'tt0114709', 'tt1349482', 'tt4073952', 'tt4299972', 'tt2278388', 'tt2493486', 'tt2548208', 'tt1837709']",498," I choose this movie because it has received a rating of 10, indicating that it is highly regarded by viewers. The plot, set in a visually stunning and whimsical setting, promises a mix of adventure, comedy, and drama. The talented cast, led by Ralph Fiennes, adds to my interest in watching this film. Overall, ""The Grand Budapest Hotel"" seems like a captivating and entertaining choice that align"
877,tt2231461,362,"['8', '6', '9', '7', '5', '8', '7', '9', '9', '6', '4', '5']","['tt3498820', 'tt1446714', 'tt1825683', 'tt2660888', 'tt2231461', 'tt5544384', 'tt3778644', 'tt1631867', 'tt3896198', 'tt1620680', 'tt1267299', 'tt1815862']",532," I rated it a 5, which is a decent rating but not the highest. I chose this movie because I enjoy action-packed films with thrilling sequences, and ""Rampage"" offers just that. The plot of giant mutated animals wreaking havoc in a city sounds entertaining and exciting. Additionally, I am a fan of Dwayne Johnson's performances, and"
878,tt6769208,512,"['5', '4', '3', '4', '5', '5', '4', '3', '4', '5', '4', '5', '5', '4', '3', '4', '5', '4', '5', '5', '4']","['tt1605782', 'tt5359048', 'tt3626804', 'tt2246565', 'tt4229236', 'tt1091863', 'tt1942884', 'tt5342766', 'tt1714917', 'tt6769208', 'tt1223236', 'tt1417592', 'tt3270538', 'tt1559038', 'tt1972663', 'tt1999192', 'tt4393514', 'tt2014338', 'tt2304915', 'tt5804038', 'tt3327994']",395," I choose this movie because I have consistently rated documentaries and films that explore nature and the environment highly. ""Blue Planet II"" offers a captivating and visually stunning exploration of the world's oceans, highlighting the impact of pollution and climate change. As someone who appreciates the beauty of nature and is concerned about environmental issues, this film aligns with my interests and values. Additionally, the inclusion of groundbreaking segments and the narration by"
879,tt0816692,433,"['6', '3', '7', '8', '9', '5', '10', '4', '7', '9', '8', '6', '7', '8', '10', '5', '9']","['tt2962876', 'tt1349482', 'tt1234721', 'tt2493486', 'tt0114709', 'tt4299972', 'tt2278388', 'tt1978532', 'tt2429074', 'tt1677561', 'tt2404425', 'tt2172934', 'tt4073952', 'tt1837709', 'tt0816692', 'tt2548208', 'tt1631867']",203," Additionally, the plot of the movie, involving interstellar travel and the search for a new habitable planet, appeals to my interest in science fiction and exploration. The concept of humanity's survival and the unknown possibilities of space make it an intriguing and captivating choice."
880,tt2404425,416,"['6', '4', '8', '9', '7']","['tt4073952', 'tt1978532', 'tt1677561', 'tt2404425', 'tt2962876']",275," I choose this movie because it has a compelling plot that revolves around seeking justice for the atrocities committed during World War II. The story of Maria Altmann's quest to reclaim her family's stolen artwork from the Nazis resonates with me. Additionally, the performance of Dame Helen Mirren adds to the appeal of the movie."
881,tt3896198,204,"['4', '3', '2', '1', '3', '1', '4', '5', '2', '3', '4', '5', '4']","['tt3480796', 'tt1446714', 'tt1815862', 'tt4464394', 'tt1620680', 'tt3899796', 'tt1698647', 'tt3922818', 'tt2808986', 'tt1397514', 'tt2231461', 'tt3896198', 'tt3778644']",559," 2"" with imdbID tt3896198. 

I choose this movie because I have consistently rated movies from different genres, and Guardians of the Galaxy Vol. 2 falls under the superhero and sci-fi genre, which I have enjoyed in the past. Additionally, I have given it a high rating of 5, indicating that I have a strong preference for this movie. The Guardians of the Galaxy franchise has a unique blend of action, humor"
882,tt3521164,195,"['6', '4', '8', '7', '9', '10', '5', '9', '8', '7', '3', '6', '10', '9', '4', '2', '8', '6', '5']","['tt2865120', 'tt1402488', 'tt2576852', 'tt3416828', 'tt3411444', 'tt1430607', 'tt5480340', 'tt1623288', 'tt3262342', 'tt2452042', 'tt2017020', 'tt5184298', 'tt3521164', 'tt1690953', 'tt1615918', 'tt4877122', 'tt1430626', 'tt1691917', 'tt0472181']",464," I choose this movie because it has the highest rating among the movies I have viewed, and it received a rating of 10. Additionally, the plot of ""Moana"" is intriguing as it tells the story of a young girl's journey across the Pacific to save her island. The movie is based on Polynesian mythology, which adds an element of adventure and cultural exploration. The combination of a high rating and an engaging"
883,tt3896198,13,"['4', '2', '3', '3', '4', '5', '2', '5', '3', '5', '4', '2']","['tt1815862', 'tt3899796', 'tt4831420', 'tt1397514', 'tt1446714', 'tt3922818', 'tt3480796', 'tt3896198', 'tt2231461', 'tt3498820', 'tt3778644', 'tt4464394']",596," 2"" with imdbID tt3896198. I choose this movie because I have rated it with a 5, indicating that I found it highly enjoyable and entertaining. I am a fan of superhero movies and the first ""Guardians of the Galaxy"" film was one of my favorites. Additionally, the plot of ""Vol. 2"" sounds intriguing as it delves into the backstory of Star Lord and promises action, humor, and new"
884,tt1478964,321,"['2', '3', '4', '5', '4', '5', '3', '1', '2', '1', '5']","['tt1935929', 'tt2546038', 'tt1397514', 'tt2883512', 'tt3553442', 'tt1588173', 'tt1666801', 'tt4009460', 'tt1798603', 'tt2828996', 'tt1478964']",26," The plot seems unique and exciting, and I am intrigued by the idea of an intergalactic war-zone in a South London apartment complex."
885,tt0816692,246,"['6', '4', '8', '7', '9', '10', '5', '10', '3', '7', '9', '6']","['tt4073952', 'tt2962876', 'tt1234721', 'tt2429074', 'tt2404425', 'tt1677561', 'tt2493486', 'tt0816692', 'tt1349482', 'tt1837709', 'tt0114709', 'tt1978532']",324," Additionally, I am intrigued by the plot of Earth's future, interstellar travel, and the search for a new planet to sustain human life. The concept of exploring the unknown and the potential for scientific advancements fascinates me."
886,tt1714915,121,"['7', '4', '2', '8', '6', '9', '9', '3', '5', '6']","['tt1596365', 'tt3732950', 'tt3201722', 'tt4094724', 'tt3705412', 'tt1714915', 'tt1441395', 'tt3099498', 'tt2140423', 'tt4464394']",49," I choose this movie because it received a high rating of 9, indicating that it is highly regarded by viewers. Additionally, the plot description of the movie intrigues me, as it explores the themes of love, resilience, and the challenges of surviving in a collapsing world. The combination of the unique setting, the deep emotional connection between the characters, and the exploration of existential questions make it an appealing choice for me."
887,tt1825683,18,"['8', '3', '7', '6', '9', '4', '5', '2', '7', '10', '9']","['tt5487524', 'tt3899796', 'tt1397514', 'tt1815862', 'tt3498820', 'tt1267299', 'tt4464394', 'tt4831420', 'tt3480796', 'tt1825683', 'tt3922818']",282," I choose this movie because it has received a rating of 10, which is the highest rating among the movies I have viewed. Additionally, the plot of ""Black Panther"" intrigues me as it combines elements of superhero action with cultural and political themes. I am excited to watch this highly acclaimed and culturally significant film."
888,tt1837709,128,"['7', '6', '5', '8', '9', '4']","['tt2429074', 'tt1978532', 'tt1349482', 'tt1234721', 'tt1837709', 'tt0089538']",518," I choose this movie because I have previously rated movies with romantic and dramatic elements quite highly, such as Grease and Almost Famous. Winter's Tale seems to have a captivating plot with elements of fantasy, love, and tragedy, which align with my preferences. Additionally, the concept of an extraordinary love story set in a magical version of New York City intrigues me."
889,tt2119532,538,"['8', '7', '6', '9', '5', '8', '7', '4']","['tt2119532', 'tt3270538', 'tt1210819', 'tt1650062', 'tt1937133', 'tt2008513', 'tt2304915', 'tt1540128']",574," Additionally, the plot of ""Hacksaw Ridge"" is intriguing as it tells the true story of Desmond T. Doss, a conscientious objector who displayed incredible bravery during the Battle of Okinawa. The movie explores themes of courage, faith, and the value of human life,"
890,tt2828996,4,"['7', '3', '2', '6', '4', '1', '2', '8', '5', '3']","['tt4853102', 'tt1615918', 'tt4126568', 'tt2548208', 'tt2828996', 'tt3899796', 'tt4009460', 'tt0401729', 'tt1600195', 'tt0472181']",549, I choose this movie because I enjoy horror-comedy films and the plot seems intriguing with a mix of paranormal activity and humor.
891,tt1478964,321,"['2', '3', '4', '5', '7', '8', '6', '1', '9', '3', '10']","['tt1935929', 'tt2546038', 'tt1397514', 'tt2883512', 'tt3553442', 'tt1588173', 'tt1666801', 'tt4009460', 'tt1798603', 'tt2828996', 'tt1478964']",558," I choose this movie because it combines elements of sci-fi, action, and comedy, which I enjoy. The plot of a group of unlikely heroes defending their neighborhood against alien creatures sounds exciting and entertaining. Additionally, the setting of a South London apartment complex adds a unique and gritty atmosphere to the film."
892,tt1978532,129,"['6', '2', '7', '4', '8', '3']","['tt1234721', 'tt1349482', 'tt1837709', 'tt2429074', 'tt1978532', 'tt0089538']",521," I choose this movie because it has the highest rating among the movies I have viewed so far, with a rating of 8. Additionally, the plot of the movie seems interesting as it revolves around three friends trying to find a wife for their socially inappropriate friend, but things take a twist when he meets someone just like him. This promises to be a comedic and entertaining film, and I am curious to"
893,tt2017561,319,"['7', '6', '8', '9', '5', '7', '4', '9', '6', '8']","['tt1840309', 'tt3480796', 'tt2065968', 'tt2017561', 'tt3416828', 'tt1355638', 'tt2404233', 'tt3922818', 'tt5480340', 'tt1698647']",486, The plot of a Buddhist hero on a quest to meet the legendary Monkey King sounds intriguing and I am curious to see how the story unfolds.
894,tt4547056,84,"['7', '4', '6', '8', '5', '7', '3', '6', '8', '9']","['tt4126568', 'tt1865393', 'tt2134170', 'tt2025690', 'tt3480796', 'tt5254868', 'tt3181822', 'tt3732950', 'tt4471456', 'tt4547056']",380," I choose this movie because it has a unique and intriguing plot set in a dystopian future. The concept of hybrid children who retain their ability to think and feel, yet crave human flesh, adds an interesting twist to the typical zombie genre. The strong bond between the teacher and the exceptional girl also promises a compelling emotional journey. Overall, I am drawn to the combination of suspense, thought-provoking themes, and the"
895,tt3402236,470,"['8', '7', '6', '4', '9', '8', '3', '7', '10', '5', '9', '8', '7', '9', '6', '7', '8', '6']","['tt2379713', 'tt1345836', 'tt4442130', 'tt1829012', 'tt1499658', 'tt4226388', 'tt2808986', 'tt1770734', 'tt3402236', 'tt4651410', 'tt2053463', 'tt1855199', 'tt6768578', 'tt3262342', 'tt1937133', 'tt2295196', 'tt2347134', 'tt2140423']",255," I choose this movie because it has the highest rating among the movies I have viewed so far (rating of 10). Additionally, I am intrigued by the plot of a murder mystery set on a train, with the renowned detective Hercule Poirot trying to solve the crime. The combination of suspense, mystery, and the iconic character of Poirot makes me eager to watch this movie."
896,tt0816692,351,"['7', '6', '4', '8', '9', '7', '6', '8', '10', '9', '7', '5', '8']","['tt4299972', 'tt1978532', 'tt1349482', 'tt2404425', 'tt1837709', 'tt2493486', 'tt1234721', 'tt2962876', 'tt0816692', 'tt0114709', 'tt1677561', 'tt4073952', 'tt2429074']",66," I choose this movie because it received a rating of 10, indicating that it has been highly rated. Additionally, I am intrigued by the plot of Earth's future and the concept of interstellar travel. The idea of exploring new worlds and the potential for human survival in a different environment is fascinating to me. Therefore, I am excited to watch ""Interstellar"" and experience the journey it offers."
897,tt1430607,1,"['7', '3', '8', '2', '6', '9', '4', '10', '5', '1', '2']","['tt1397514', 'tt4877122', 'tt1430607', 'tt4009460', 'tt3553442', 'tt1478964', 'tt2546038', 'tt1588173', 'tt1666801', 'tt1935929', 'tt2828996']",90,
898,tt1462769,153,"['7', '6', '3', '8', '6', '2', '4', '9', '1', '9', '10', '7', '10', '5', '9', '3', '8', '6']","['tt5368354', 'tt1588173', 'tt4126340', 'tt1666801', 'tt1650043', 'tt4009460', 'tt2828996', 'tt2756032', 'tt4877122', 'tt1462769', 'tt2065968', 'tt1397514', 'tt2883512', 'tt1924273', 'tt1478964', 'tt1935929', 'tt1430607', 'tt2546038']",297," I choose this movie because it has a rating of 9, which indicates that it is highly regarded. Additionally, the plot of the movie intrigues me as it explores the journey of a couple who unexpectedly becomes parents and the lessons they learn along the way. The concept of a child with leaves growing from his ankles adds an element of fantasy and curiosity. Overall, I believe ""The Odd Life of Timothy"
899,tt1429433,217,"['8', '6', '7', '5', '9', '8', '6', '7', '8', '6']","['tt2017561', 'tt1840309', 'tt1192628', 'tt0401729', 'tt1355638', 'tt2065968', 'tt1698647', 'tt1429433', 'tt1509767', 'tt5480340']",26," 

I choose this movie because it has a unique and interesting premise. The idea of a white gorilla being the main attraction at a zoo and wanting to become a ""normal"" gorilla intrigued me. Additionally, the inclusion of a red panda character named Jenga adds an element of quirkiness to the story. Overall, I believe this movie will provide an enjoyable and heartwarming experience."
900,tt1446714,324,"['7', '6', '8', '5', '9', '7', '6', '8', '4', '9']","['tt4547056', 'tt1698647', 'tt1298554', 'tt2231461', 'tt4788944', 'tt3896198', 'tt1620680', 'tt3778644', 'tt2808986', 'tt1446714']",434," I choose this movie because it has a rating of 9, which is the highest among the movies I have rated so far. Additionally, I am intrigued by the plot description which involves a deep-space scientific expedition, the discovery of an advanced extraterrestrial species, and the exploration of fundamental questions about human existence. The combination of a high rating and an intriguing plot makes ""Prometheus"" the movie I want to watch."
901,tt3270538,446,"['6', '3', '7', '8', '9']","['tt1650062', 'tt2304915', 'tt1937118', 'tt1499658', 'tt3270538']",518," I choose this movie because it addresses a topic that I am particularly interested in - the concentration of wealth and power in the hands of a select few. The plot description suggests that the movie provides a deep analysis of this issue and offers insights into the consequences it has on society. As someone who values social and economic equality, I believe this movie will provide valuable information and provoke thought."
902,tt1201607,277,"['8', '6', '4', '7', '5', '9', '10', '8', '7', '6', '9', '6', '8', '9', '10', '5']","['tt1192628', 'tt3922818', 'tt1429433', 'tt2017561', 'tt1815862', 'tt2065968', 'tt1201607', 'tt5607028', 'tt0401729', 'tt1355638', 'tt1509767', 'tt5480340', 'tt1698647', 'tt1302011', 'tt1840309', 'tt2404233']",415," I choose this movie because I have consistently rated the Harry Potter series highly and have enjoyed the previous installments. Additionally, as the final installment in the series, I am excited to see how the story concludes and how the characters' journeys come to an end. The combination of the magical world, the intense battle against Voldemort, and the emotional stakes make it a compelling choice for"
903,tt1201607,226,"['6', '5', '7', '8', '4', '9', '8', '7', '6', '5', '10']","['tt1192628', 'tt2065968', 'tt0401729', 'tt1509767', 'tt1429433', 'tt1840309', 'tt2017561', 'tt1355638', 'tt1698647', 'tt5480340', 'tt1201607']",397," Additionally, I have always been a fan of the Harry Potter series and this movie marks the epic conclusion to the story. I am eager to see the final battle between Harry and Voldemort, and how the characters' journeys come to an end."
904,tt0114709,270,"['7', '8', '4', '9', '6', '7']","['tt1349482', 'tt1631867', 'tt0089538', 'tt0114709', 'tt1978532', 'tt4299972']",81," I choose this movie because it received a high rating of 9 from me and it is a classic animated film that has been highly praised for its storytelling, animation, and memorable characters. Additionally, I have enjoyed previous animated movies and the concept of toys coming to life when humans are not around is intriguing to me."
905,tt5607028,119,"['Rating: 2', 'Rating: 4', 'Rating: 3', 'Rating: 4', 'Rating: 2', 'Rating: 3', 'Rating: 4', 'Rating: 3', 'Rating: 5', 'Rating: 4']","['tt1397514', 'tt1302011', 'tt1192628', 'tt3922818', 'tt2404233', 'tt1509767', 'tt1355638', 'tt1815862', 'tt5607028', 'tt1840309']",215," Additionally, I am intrigued by the plot that revolves around alchemy in a futuristic setting, and the journey of the Elric brothers to find the philosopher's stone to repair their bodies. The combination of fantasy, adventure, and the exploration of complex themes makes it an appealing choice for me."
906,tt2828996,8,"['2', '3', '2', '4', '2', '3', '4', '5', '3', '3', '2']","['tt4831420', 'tt2274570', 'tt4796122', 'tt4464394', 'tt2828996', 'tt2140423', 'tt4126568', 'tt4348012', 'tt1727776', 'tt3732950', 'tt3899796']",62," I choose this movie because it received a rating of 2, which suggests that it may not be a highly enjoyable film. However, I am curious to see if it has any redeeming qualities or if it can still provide some entertainment value despite its low rating."
907,tt1509767,119,"['7', '8', '6', '9', '4', '8', '7', '5', '9', '8']","['tt1397514', 'tt1302011', 'tt1192628', 'tt3922818', 'tt2404233', 'tt1509767', 'tt1355638', 'tt1815862', 'tt5607028', 'tt1840309']",229," I choose this movie because I have always been a fan of adventure and action films, and ""The Three Musketeers"" offers just that. The plot of the movie, with its combination of historical setting, swashbuckling sword fights, and a quest to save the Royal Family and France, appeals to my love for thrilling and heroic stories. Additionally, the concept of ""All for one and"
908,tt1588173,1,"['1', '5', '1', '2', '4', '3', '4', '3', '2', '5', '4']","['tt4877122', 'tt1478964', 'tt4009460', 'tt1935929', 'tt3553442', 'tt1397514', 'tt2546038', 'tt1666801', 'tt2828996', 'tt1588173', 'tt1430607']",343, I choose this movie because it has a unique and interesting plot about a zombie who starts regaining his humanity and forms a warm relationship with a human. The concept of zombies having emotions and the potential for redemption intrigued me.
909,tt1397514,91,"['7', '6', '8', '3', '9', '10', '5', '4', '6', '2']","['tt1620680', 'tt3778644', 'tt1397514', 'tt1267299', 'tt4547056', 'tt3896198', 'tt1698647', 'tt4464394', 'tt3480796', 'tt3899796']",575," I choose this movie because I enjoy adventure films and the plot of this movie seems intriguing. It involves a search for a mysterious island based on the works of Jules Verne, which appeals to my love for exploration and discovery. Additionally, the inclusion of Dwayne ""The Rock"" Johnson in the cast adds to the excitement and entertainment value of the film."
910,tt1690953,120,"['6', '4', '7', '5', '8', '9', '3', '8', '6']","['tt1496025', 'tt1308729', 'tt1978532', 'tt2345759', 'tt3732950', 'tt1690953', 'tt1886493', 'tt2044801', 'tt1071875']",319," I would choose this movie because it has the highest rating among the movies I have viewed so far, with a rating of 9. Additionally, I enjoy animated films and the first ""Despicable Me"" movie was entertaining, so I expect the sequel to be just as enjoyable. The comedic elements and the characters, especially the lovable minions, make it a fun and lighthearted choice for"
911,tt2576852,387,"['8', '6', '4', '7', '9', '5', '10', '8', '9', '10', '7', '9', '10', '6', '7', '3', '6', '10']","['tt2380307', 'tt3416828', 'tt2865120', 'tt2452042', 'tt2293640', 'tt1402488', 'tt2576852', 'tt1690953', 'tt2065968', 'tt1430607', 'tt1430626', 'tt1623288', 'tt3521164', 'tt5480340', 'tt5184298', 'tt4877122', 'tt1691917', 'tt3262342']",127," This movie received a rating of 10, indicating that the user highly enjoyed it.

The user has shown a preference for animated films, particularly those with engaging and unique storylines. ""The Tale of The Princess Kaguya"" fits this criteria as it is a visually stunning and emotionally captivating animated film based on Japanese"
912,tt2017561,200,"['6', '7', '5', '8', '3', '4', '9', '7', '6', '8', '7', '9']","['tt5480340', 'tt1840309', 'tt3416828', 'tt3922818', 'tt2404233', 'tt3480796', 'tt2065968', 'tt1429433', 'tt0401729', 'tt1355638', 'tt1698647', 'tt2017561']",183," I choose this movie because I have enjoyed previous movies with a similar theme and plot, such as ""Drunken Master"" and ""The Space Between Us"". The idea of a Buddhist hero on a quest, encountering demons and developing complex relationships intrigues me. Additionally, the presence of the legendary Monkey King adds an element of excitement and adventure. Overall, I believe ""Journey to the West"" will provide an"
913,tt1446714,83,"['7', '8', '6', '4', '2', '3', '9', '7', '10', '5', '6', '9', '8', '9', '7']","['tt1620680', 'tt3896198', 'tt3480796', 'tt1397514', 'tt3899796', 'tt4464394', 'tt1446714', 'tt2231461', 'tt3778644', 'tt4788944', 'tt1815862', 'tt3922818', 'tt1298554', 'tt4547056', 'tt1698647']",464," I choose this movie because it combines elements of science fiction, mystery, and exploration. The plot revolves around the search for answers to fundamental questions about human existence, which intrigues me. Additionally, the movie has received a high rating from me, indicating that I found it to be highly enjoyable and engaging."
914,tt1588173,248,"['3', '4', '5', '4', '2', '5', '3', '5', '3', '2', '4']","['tt2828996', 'tt1397514', 'tt1430607', 'tt2883512', 'tt4009460', 'tt1478964', 'tt1666801', 'tt1588173', 'tt1650043', 'tt4877122', 'tt3553442']",548," I choose this movie because I have rated it the highest among the options provided. Additionally, I am intrigued by the unique concept of a zombie regaining his humanity and forming a warm relationship with a human. The idea of bridging the differences between two seemingly opposing sides and fighting for a better world is appealing to me."
915,tt1978532,284,"['8', '4', '6', '9', '2', '7', '8', '9', '5']","['tt4073952', 'tt1234721', 'tt1837709', 'tt1677561', 'tt1349482', 'tt1978532', 'tt2962876', 'tt2404425', 'tt2429074']",497," I choose this movie because it has a higher rating compared to the others and the plot seems interesting. The idea of three friends trying to find a wife for their socially inappropriate friend, only to have him meet someone just like him, intrigues me. It promises a comedic and entertaining storyline that I am interested in watching."
916,tt6769208,512,"['6', '3', '7', '8', '9', '10', '8', '7', '9', '10', '7', '8', '9', '8', '7', '6', '9', '8', '9', '10', '9']","['tt1605782', 'tt5359048', 'tt3626804', 'tt2246565', 'tt4229236', 'tt1091863', 'tt1942884', 'tt5342766', 'tt1714917', 'tt6769208', 'tt1223236', 'tt1417592', 'tt3270538', 'tt1559038', 'tt1972663', 'tt1999192', 'tt4393514', 'tt2014338', 'tt2304915', 'tt5804038', 'tt3327994']",551," I am particularly interested in documentaries that explore the wonders of nature and the impact of human activities on our planet. ""Blue Planet II"" offers a captivating and visually stunning exploration of the world's oceans, shedding light on the effects of pollution and climate change. As someone who appreciates the beauty of nature and is concerned about environmental issues, this documentary seems like a perfect choice for"
917,tt2429074,348,"['Rating: 3', 'Rating: 4', 'Rating: 3', 'Rating: 2', 'Rating: 4', 'Rating: 2', 'Rating: 3', 'Rating: 3']","['tt1837709', 'tt1677561', 'tt2962876', 'tt2429074', 'tt2404425', 'tt1349482', 'tt4073952', 'tt1978532']",91,"B.F. The reason I choose this movie is because it explores the dynamics of high school cliques and the challenges of fitting in. As someone who has experienced the struggle of finding acceptance and navigating social hierarchies, I am interested in seeing how the protagonist deals with being labeled as the ""Gay Best Friend"" and the choices he makes in terms of popularity and true friendship."
918,tt1618442,177,"['7', '3', '8', '5', '9', '6', '7', '4', '2', '10', '1', '6', '3', '5', '4', '9', '8', '7', '2', '6', '7']","['tt4116284', 'tt2808986', 'tt2267968', 'tt0825283', 'tt5607028', 'tt2802144', 'tt2347134', 'tt2027128', 'tt4651410', 'tt1618442', 'tt1815862', 'tt1496025', 'tt1937133', 'tt1397514', 'tt4464394', 'tt1232829', 'tt4853102', 'tt1428538', 'tt2379386', 'tt2458106', 'tt2381991']",384," It received a rating of 10, which indicates a high level of enjoyment and satisfaction. Additionally, the plot description suggests an intriguing story about witches and supernatural elements, which aligns with the user's previous preferences for fantasy and action genres. The combination of a unique premise, an immortal protagonist, and a battle to save humanity makes it an exciting choice for the user."
919,tt2017561,319,"['4', '2', '5', '3', '2', '4', '3', '5', '2', '4']","['tt1840309', 'tt3480796', 'tt2065968', 'tt2017561', 'tt3416828', 'tt1355638', 'tt2404233', 'tt3922818', 'tt5480340', 'tt1698647']",120," 

Based on my previous ratings and preferences, I have enjoyed movies with adventure and fantasy elements. ""Journey to the West"" seems to offer an intriguing storyline involving a Buddhist hero, demons, and the legendary Monkey King. The plot suggests a mix of action, mythology, and character development, which appeals to my interests. Additionally, the concept of a quest to meet the Monkey King adds an element of excitement and mystery. Overall"
920,tt2883512,89,"['2', '4', '3', '4', '3', '5', '2', '1', '4', '5', '4', '5']","['tt1935929', 'tt1430607', 'tt1397514', 'tt1666801', 'tt1650043', 'tt1478964', 'tt4877122', 'tt2828996', 'tt2546038', 'tt2883512', 'tt3553442', 'tt1588173']",605," I choose this movie because it has a rating of 5, which is the highest among the movies I have rated. Additionally, the plot of ""Chef"" appeals to me as it revolves around a chef rediscovering his passion for cooking and finding a deeper connection with his life and family. As someone who enjoys food and values personal fulfillment, this movie resonates with me and I am excited to watch it."
921,tt4912910,330,"['6', '3', '7', '4', '8', '9', '10', '9', '7', '2', '5', '8']","['tt3973198', 'tt4547056', 'tt4471456', 'tt2450186', 'tt3062096', 'tt4912910', 'tt1600196', 'tt2911666', 'tt2231253', 'tt1865393', 'tt2059171', 'tt0790724']",89," I choose this movie because I have consistently rated action-packed and thrilling movies highly in the past. ""Mission: Impossible - Fallout"" is a part of a popular franchise known for its intense action sequences and gripping storyline. With a high rating of 9, it indicates that I highly enjoy this genre and expect this movie to deliver on its promise of excitement and suspense."
922,tt1825683,18,"['7', '3', '6', '4', '8', '2', '5', '3', '7', '9', '8']","['tt5487524', 'tt3899796', 'tt1397514', 'tt1815862', 'tt3498820', 'tt1267299', 'tt4464394', 'tt4831420', 'tt3480796', 'tt1825683', 'tt3922818']",93," I choose this movie because it has a high rating of 9 and it is part of the Marvel Cinematic Universe, which I enjoy. The plot also sounds interesting, with themes of royalty, technology, and the hero's journey. I am particularly intrigued by the conflict within Wakanda and the need to prevent the nation from being dragged into a world war. Overall, ""Black Panther"" seems like a thrilling and thought-pro"
923,tt1478964,61,"['6', '7', '8', '9', '7', '3', '10', '10\n\nReason for selecting ""Chef"": I would like to watch ""Chef"" because it tells the story of a talented chef who faces setbacks in his career but finds a way to rediscover his passion for cooking. The idea of a road trip across America in a food truck, serving up delicious meals and reconnecting with family, sounds both heartwarming and inspiring. I am drawn to stories that involve personal growth, pursuing one\'s passions, and the power of food to bring people together. ""', '5', '9', '2', '1', '8', '9\n\nReason for selecting ""Attack the Block"": I would like to watch ""Attack the Block"" because it offers a unique blend of action, comedy, and sci-fi elements. The concept of a group of inner-city kids defending their neighborhood against alien creatures sounds exciting and intriguing. I enjoy movies that combine different genres and provide a fresh and entertaining experience. Additionally, the setting of South London adds an interesting cultural backdrop to the story.', '7', '4']","['tt1430607', 'tt1666801', 'tt1397514', 'tt1588173', 'tt3553442', 'tt1935929', 'tt2756032', 'tt2883512', 'tt2546038', 'tt2065968', 'tt4877122', 'tt4009460', 'tt1650043', 'tt1478964', 'tt1924273', 'tt2828996']",597," The concept of a group of inner-city kids defending their neighborhood against alien creatures sounds exciting and intriguing. I enjoy movies that combine different genres and provide a fresh and entertaining experience. Additionally, the setting of South London adds an interesting cultural backdrop to the story."
924,tt2347134,3,"['8', '6', '9', '7', '5', '8', '9', '6', '7', '7']","['tt2172934', 'tt2679042', 'tt2347134', 'tt1829012', 'tt4651410', 'tt4442130', 'tt1499658', 'tt2167202', 'tt2140423', 'tt2134170']",440,
925,tt3896198,162,"['8', '7', '6', '9', '5', '10', '7', '9', '4', '8', '6', '9', '9\n\nReason: I would like to watch ""Solo: A Star Wars Story"" because I am a fan of the Star Wars franchise and I am intrigued by the opportunity to delve deeper into the backstory of one of the most iconic characters, Han Solo. The plot of a heist and the introduction of beloved characters like Chewbacca and Lando Calrissian adds excitement and adventure to the story. I am excited to witness the criminal underworld of the Star Wars universe and see how Han Solo']","['tt1298554', 'tt3922818', 'tt1397514', 'tt4788944', 'tt2231461', 'tt3896198', 'tt1698647', 'tt1620680', 'tt3899796', 'tt3480796', 'tt1815862', 'tt1446714', 'tt3778644']",39," 2"" with imdbID tt3896198. 

Reason: Among the movies I have rated, ""Guardians of the Galaxy Vol. 2"" received the highest rating of 10. I thoroughly enjoyed the first movie and I am a fan of the Marvel Cinematic Universe. The plot of uncovering Star Lord's true heritage and the team facing a new menace sounds intriguing and promises an exciting and action-packed adventure. Additionally, the humor"
926,tt3270538,158,"['8', '7', '9', '6', '8', '7', '5', '9', '7', '10', '6']","['tt1417592', 'tt1559038', 'tt1714917', 'tt2304915', 'tt1091863', 'tt1605782', 'tt2125666', 'tt1942884', 'tt5359048', 'tt3270538', 'tt1223236']",178," This documentary explores the concentration of wealth and power in society, shedding light on the inequality and policies that have contributed to it. As someone who is interested in social and political issues, this film aligns with my interests and provides valuable insights into the state of our democracy. It also features Noam Chomsky, a renowned thinker and activist, which"
927,tt0816692,229,"['6', '4', '7', '8', '9', '5', '10', '8', '7', '3', '9', '6', '9', '10', '5']","['tt2404425', 'tt1349482', 'tt1234721', 'tt2172934', 'tt2493486', 'tt4073952', 'tt1677561', 'tt4324274', 'tt2548208', 'tt0089538', 'tt2962876', 'tt2429074', 'tt1837709', 'tt0816692', 'tt1978532']",306," I choose this movie because it received a rating of 10, indicating that it is highly recommended. Additionally, the plot of exploring interstellar travel and finding a new planet for human survival sounds intriguing and captivating. The concept of facing the challenges of space exploration and the possibility of finding a new home for humanity is a topic that I find fascinating."
928,tt1631867,6,"['7', '6', '8', '4', '3', '5', '9', '8', '10', '9', '7']","['tt3896198', 'tt2660888', 'tt3778644', 'tt1620680', 'tt3480796', 'tt2231461', 'tt1825683', 'tt1446714', 'tt1631867', 'tt3498820', 'tt5544384']",505,
929,tt2278388,43,"['7', '6', '4', '2', '8', '9', '10', '10', '6']","['tt1978532', 'tt4299972', 'tt1349482', 'tt0089538', 'tt2429074', 'tt1631867', 'tt2278388', 'tt0114709', 'tt1234721']",40," I choose this movie because it has received a rating of 10, which is the highest among the movies I have viewed. Additionally, the plot of the movie, involving the adventures of M. Gustave, a legendary concierge, and Zero Moustafa, his trusted friend, intrigues me. The story of theft, recovery, and the battle for a family fortune set against the backdrop of a changing"
930,tt1741273,110,"['6', '7', '8', '7', '4', '9', '8', '7', '6', '7']","['tt2044801', 'tt5173032', 'tt1741273', 'tt1712170', 'tt3181822', 'tt1829012', 'tt1658837', 'tt2048770', 'tt1837709', 'tt1957938']",216," I rate it 8 out of 10. 

I choose this movie because I enjoy crime thrillers and mysteries, and the plot of ""Secret in Their Eyes"" seems intriguing. The idea of a cold case being reopened after many years and the characters uncovering hidden secrets piques my interest. Additionally, the presence of talented actors like Chiwetel Ejiofor and Julia Roberts adds to my anticipation"
931,tt4547056,83,"['6', '8', '4', '7', '2', '3', '9', '5', '8', '6', '7', '9', '8', '9', '7']","['tt1620680', 'tt3896198', 'tt3480796', 'tt1397514', 'tt3899796', 'tt4464394', 'tt1446714', 'tt2231461', 'tt3778644', 'tt4788944', 'tt1815862', 'tt3922818', 'tt1298554', 'tt4547056', 'tt1698647']",289," I choose this movie because it has a unique and intriguing plot set in a dystopian future. The concept of hybrid children who retain their ability to think and feel, despite craving human flesh, is fascinating. Additionally, the exploration of humanity's struggle for survival and the special bond formed between the teacher and one of the hybrid children adds depth to the story. Overall, I am drawn to the thought-provoking"
932,tt1714915,429,"['7', '6', '8', '9', '7', '9', '6', '8', '9', '7', '8']","['tt1742044', 'tt1855199', 'tt1682180', 'tt2076220', 'tt2404425', 'tt1714915', 'tt3553442', 'tt2053463', 'tt1600196', 'tt3205376', 'tt1216491']",26," I choose this movie because I have consistently rated movies with unique and unconventional plots highly, and ""Only Lovers Left Alive"" fits into that category. The combination of the romantic desolation of Detroit and Tangiers, the portrayal of timeless love, and the exploration of the characters' struggle to survive in a collapsing modern world intrigues me. Additionally, the positive rating I have given to this movie suggests that"
933,tt2053425,122,"['1', '3', '4', '3', '5', '4', '5', '4', '2', '4', '5']","['tt2140423', 'tt3210686', 'tt2025690', 'tt5555502', 'tt2053425', 'tt2756032', 'tt2347134', 'tt1091191', 'tt3231054', 'tt4193394', 'tt1430607']",142," I choose this movie because it received the highest rating of 5, indicating that I found it to be an excellent film. Additionally, the plot description intrigued me, as it explores themes of resilience, love, and the power of human connection. The story of a man and a woman overcoming their individual challenges and finding solace in each other's company resonated with me. I am drawn to movies that delve into"
934,tt2802144,294,"['6', '4', '7', '8', '5', '9', '7', '8', '9\n\nReason: I would select ""The Lego Batman Movie"" because it offers a fresh and humorous take on the Batman character. After watching several action-packed and intense movies, the lighthearted and comedic approach of this film would provide a refreshing change of pace. Additionally, the idea of Batman learning to work with others and lighten up adds an interesting dynamic to the story, making it even more appealing to watch.', '8']","['tt0803096', 'tt1428538', 'tt1496025', 'tt1618442', 'tt1502404', 'tt2802144', 'tt2267968', 'tt4853102', 'tt4116284', 'tt1232829']",520," I rate it 9 out of 10. The reason I choose this movie is because it offers a unique blend of action, comedy, and espionage. The film has a captivating storyline, well-choreographed action sequences, and memorable characters. Additionally, the stylish direction and witty dialogue make it an entertaining and enjoyable watch."
935,tt1410063,450,"['7', '8', '6', '9', '8']","['tt2493486', 'tt1216491', 'tt2267968', 'tt2404425', 'tt1410063']",171," 

Based on my previous preferences and ratings, this movie stands out to me because it explores themes of sacrifice and honor in a war-torn setting. The plot description suggests that it delves into the complexities of human nature and the challenges faced by individuals in the face of adversity. As someone who appreciates thought-provoking and emotionally impactful films, I am drawn to the potential depth and intensity of this story."
936,tt3899796,8,"['6', '3', '2', '4', '2', '5', '7', '8', '9', '7', '6']","['tt4831420', 'tt2274570', 'tt4796122', 'tt4464394', 'tt2828996', 'tt2140423', 'tt4126568', 'tt4348012', 'tt1727776', 'tt3732950', 'tt3899796']",354,
937,tt1837709,436,"['5', '4', '3', '7', '8', '9', '6', '8', '2']","['tt2429074', 'tt1978532', 'tt4073952', 'tt1234721', 'tt2962876', 'tt2404425', 'tt1677561', 'tt1837709', 'tt1349482']",151," I choose this movie because it has a rating of 8, which is one of the highest ratings among the movies I have viewed. Additionally, the plot of ""Winter's Tale"" intrigues me with its blend of fantasy, romance, and mystery. The idea of a love story set in a wintry New York City, with elements of magic and the protagonist's race against time, captivates my"
938,tt1677561,499,"['My rating for ""Wild Horses"" is 2.', 'My rating for ""The First Time"" is 3.', 'My rating for ""The Imitation Game"" is 4.', 'My rating for ""Unbroken"" is 4.', 'My rating for ""Colorful"" is 5.']","['tt4442130', 'tt1763303', 'tt2084970', 'tt1809398', 'tt1677561']",316," Additionally, the plot description of ""Colorful"" intrigues me with its exploration of life's mysteries and the concept of second chances. I am curious to see how the story unfolds and how the protagonist navigates the complexities of their existence."
939,tt6769208,504,"['8', '7', '6', '9', '8', '9', '7', '8', '9', '7', '6', '8', '9', '7', '8', '9', '10', '8', '7', '9', '8']","['tt2304915', 'tt1417592', 'tt5359048', 'tt5804038', 'tt3626804', 'tt3270538', 'tt2246565', 'tt5342766', 'tt2014338', 'tt1942884', 'tt1972663', 'tt1091863', 'tt3327994', 'tt1605782', 'tt1714917', 'tt4393514', 'tt6769208', 'tt1559038', 'tt1999192', 'tt1223236', 'tt4229236']",138," I choose this documentary because I have always been fascinated by the wonders of the ocean and the intricate ecosystems within it. The rating of 10 indicates my high level of interest and anticipation to explore the stunning visuals and learn about the impact of human activities on our oceans. I believe this documentary will provide a captivating and educational experience, allowing me to appreciate the beauty of marine life while gaining a deeper understanding of the importance of ocean conservation"
940,tt4853102,109,"['6', '7', '5', '4', '8', '9', '3', '7', '6', '9', '7', '8']","['tt1232829', 'tt2802144', 'tt0803096', 'tt2458106', 'tt2027128', 'tt2267968', 'tt2808986', 'tt1428538', 'tt1937133', 'tt4853102', 'tt0825283', 'tt1618442']",407," I choose this movie because I am a fan of Batman and the Joker, and this film explores their complex relationship in a dark and psychological manner. Additionally, ""Batman: The Killing Joke"" is known for its thought-provoking storyline and powerful performances, making it a compelling choice for me to watch."
941,tt0111161,140,"['9', '6', '7', '4', '8', '2', '5', '9', '10', '8', '3', '9', '7', '6', '1', '6', '3']","['tt5368354', 'tt2756032', 'tt1924273', 'tt1650043', 'tt2883512', 'tt1935929', 'tt1397514', 'tt1462769', 'tt1478964', 'tt1430607', 'tt4009460', 'tt1588173', 'tt3553442', 'tt2546038', 'tt4877122', 'tt1666801', 'tt2828996']",581," I choose this movie because it has a rating of 5.0, which is the highest among the movies I have rated so far. Additionally, ""The Shawshank Redemption"" is a critically acclaimed film known for its captivating story, strong performances, and themes of hope and redemption. I am intrigued by the plot and excited to watch a movie that has received such high praise."
942,tt2379713,492,"['6', '7', '8', '7', '9', '8', '9', '7', '10', '9\n\nReason for selecting ""Murder on the Orient Express"": I would like to watch ""Murder on the Orient Express"" because I have always been fascinated by detective stories and mysteries. The plot of the movie, revolving around a murder on a train and the investigation by the renowned detective Hercule Poirot, sounds intriguing and captivating. I enjoy trying to solve puzzles and uncovering the truth, so this movie seems like the perfect choice for me. Additionally, the star-studded cast and']","['tt2134170', 'tt2053463', 'tt1345836', 'tt1770734', 'tt2347134', 'tt1855199', 'tt4226388', 'tt1829012', 'tt2379713', 'tt3402236']",360," I choose this movie because I have been a fan of the James Bond franchise for a long time. I enjoy the thrilling action sequences, the intriguing spy plots, and the charismatic portrayal of James Bond by Daniel Craig. ""Spectre"" promises to be another exciting installment in the series, with the added mystery of Bond uncovering the existence of the sinister organization known as S.P.E.C.T.R.E. The involvement"
943,tt2576852,148,"['6', '7', '4', '5', '8', '6', '9', '10', '7', '3', '8']","['tt3564794', 'tt1935859', 'tt1071875', 'tt2404233', 'tt2576852', 'tt1854564', 'tt0770828', 'tt5607028', 'tt1837709', 'tt2379386', 'tt2381991']",381," I choose this movie because I have given it the highest rating of 8, indicating that I enjoyed it the most out of the movies I have rated so far. Additionally, I am drawn to the unique and enchanting plot of a princess discovered in a bamboo and the challenges she faces in her life. The story seems intriguing and I am curious to see how it unfolds."
944,tt1446714,83,"['4', '3', '5', '2', '3', '4', '5', '4', '5', '3', '5', '1', '4', '2', '4']","['tt1815862', 'tt1620680', 'tt3896198', 'tt4464394', 'tt3480796', 'tt1698647', 'tt4547056', 'tt1298554', 'tt3922818', 'tt4788944', 'tt3778644', 'tt3899796', 'tt1446714', 'tt1397514', 'tt2231461']",76, The plot promises a thrilling and thought-provoking journey as the characters delve into the mysteries of an alien civilization. I am particularly intrigued by the exploration of complex underground structures and the potential consequences that the characters may face.
945,tt1441395,184,"['7', '2', '6', '8', '4', '3', '9', '5', '7', '1', '10']","['tt1714915', 'tt3201722', 'tt3487994', 'tt1596365', 'tt3067274', 'tt2828996', 'tt0905372', 'tt3705412', 'tt4094724', 'tt3099498', 'tt1441395']",23," I choose this movie because it has received the highest rating of 10 from me. The reason I want to watch it is because it explores the concept of identity and self-discovery in a unique and thought-provoking way. The plot description suggests that the alien protagonist starts to question her own existence and develops a sense of humanity, which intrigues me. I am drawn to movies that delve into deep philosophical themes and"
946,tt1588173,1,"['3', '4', '1', '2', '4', '3', '5', '4', '2', '5', '4']","['tt4877122', 'tt1478964', 'tt4009460', 'tt1935929', 'tt3553442', 'tt1397514', 'tt2546038', 'tt1666801', 'tt2828996', 'tt1588173', 'tt1430607']",233, I choose this movie because it has a unique and intriguing plot about a zombie who starts regaining his humanity and forms a warm relationship with a human. The idea of a zombie love story with elements of comedy and action appeals to me.
947,tt1430607,87,"['4', '2', '3', '5', '4', '3', '2', '3', '5', '4', '2']","['tt1588173', 'tt1935929', 'tt2546038', 'tt2883512', 'tt1478964', 'tt1666801', 'tt4877122', 'tt1397514', 'tt1430607', 'tt3553442', 'tt2828996']",497," I choose this movie because it has received a rating of 5 from me. I am interested in watching ""Arthur Christmas"" because it offers a unique and imaginative take on the question of how Santa delivers presents in one night. Additionally, the movie promises a story about family and an unlikely hero, which intrigues me."
948,tt3553442,357,"['7', '8', '6', '5', '4', '9', '8', '7', '9', '6']","['tt1666801', 'tt2883512', 'tt2065968', 'tt1715873', 'tt5368354', 'tt3553442', 'tt2756032', 'tt1924273', 'tt1478964', 'tt1462769']",145," I choose this movie because it received a rating of 9, which is the highest among the movies I have viewed so far. Additionally, the plot of a news copywriter leaving her comfortable life to work as a reporter in war-torn Afghanistan intrigues me. I am interested in seeing how the protagonist navigates the challenges of the war and the cultural differences she encounters."
949,tt5607028,102,"['6', '3', '7', '4', '8', '9', '5', '7', '6', '9', '2']","['tt0401729', 'tt2379386', 'tt1397514', 'tt2381991', 'tt3922818', 'tt1192628', 'tt1815862', 'tt1509767', 'tt3416828', 'tt5607028', 'tt2404233']",317," Additionally, I am drawn to the plot of the movie, which involves alchemy, adventure, and the search for the philosopher's stone. As a fan of fantasy and intriguing storylines, ""Fullmetal Alchemist"" seems like a captivating choice that would provide an immersive and enjoyable viewing"
950,tt1430607,178,"['8', '6', '3', '7', '9']","['tt1924273', 'tt1588173', 'tt4877122', 'tt1462769', 'tt1430607']",488," I choose this movie because it has a high rating of 9, indicating that it is highly enjoyable and well-received. Additionally, the plot of the movie appeals to me as it offers a unique and imaginative take on the question of how Santa delivers presents. The idea of a dysfunctional family and an unlikely hero adds depth and humor to the story, making it more engaging. Overall, ""Arthur Christmas"" seems like a heart"
951,tt1727776,2,"['5', '4', '3', '2', '4', '3', '2', '4', '3', '3', '2']","['tt4831420', 'tt4348012', 'tt2274570', 'tt4464394', 'tt3732950', 'tt1727776', 'tt3899796', 'tt4126568', 'tt4796122', 'tt2140423', 'tt2828996']",469, I choose this movie because I enjoy watching zombie movies and the plot seems interesting with a mix of comedy and horror.
952,tt0970179,133,"['7', '8', '5', '9', '8', '6', '9', '10', '4', '7', '8', '9', '7', '8', '9']","['tt3210686', 'tt1091191', 'tt2528814', 'tt1430607', 'tt2025690', 'tt5129510', 'tt2042568', 'tt0970179', 'tt2140423', 'tt3231054', 'tt5555502', 'tt2053425', 'tt2756032', 'tt2347134', 'tt2094064']",194," I would choose this movie because it received a rating of 10, which indicates that I found it to be exceptional. Additionally, the plot of ""Hugo"" intrigued me as it follows the story of an orphan boy on a quest to unlock the secrets of an automaton and discover his connection to his late father. The combination of adventure, mystery, and themes of family and self-discovery make it a compelling choice"
953,tt1478964,211,"['7', '6', '3', '8', '9', '7', '5', '4', '6', '2']","['tt5368354', 'tt1924273', 'tt2828996', 'tt1478964', 'tt4651520', 'tt1666801', 'tt1462769', 'tt1397514', 'tt1650043', 'tt1935929']",6," I choose this movie because it received a rating of 8, which is one of the highest ratings among the movies I have viewed so far. Additionally, I am intrigued by the plot of a group of tough inner city kids forming an unlikely alliance to defend their turf against an invasion of savage alien creatures. The concept of turning a South London apartment complex into an intergalactic war-zone sounds"
954,tt1397514,92,"['6', '3', '7', '9', '5', '8', '4', '10', '9', '2', '1', '8', '7']","['tt1620680', 'tt4831420', 'tt3480796', 'tt3896198', 'tt1397514', 'tt2231461', 'tt1815862', 'tt1446714', 'tt3778644', 'tt4464394', 'tt3899796', 'tt3327624', 'tt1267299']",277," 2"". I choose this movie because it has a high rating of 9 and I enjoyed the first Guardians of the Galaxy movie. I am a fan of superhero movies and the plot of uncovering the truth behind Star Lord's heritage sounds intriguing. Additionally, the Guardians of the Galaxy series is known for its humor and entertaining characters, which I find appealing."
955,tt0816692,306,"['3', '2', '4', '3', '4', '5', '3', '4', '4', '5', '5', '2', '2', '5', '3', '3', '4', '5']","['tt2429074', 'tt1978532', 'tt2278388', 'tt2962876', 'tt1837709', 'tt2404425', 'tt1234721', 'tt2172934', 'tt1677561', 'tt0114709', 'tt1631867', 'tt1349482', 'tt0089538', 'tt0816692', 'tt4073952', 'tt2548208', 'tt2493486', 'tt4299972']",67," I choose this movie because it received a high rating of 5 from me, indicating that I highly enjoyed it. The plot of humanity's struggle for survival and the exploration of interstellar travel intrigued me. Additionally, the film received critical acclaim for its visuals, storytelling, and emotional depth, which further piqued my interest. Overall, ""Interstellar"" stood out to me as a captivating and thought-provoking movie that"
956,tt1631867,329,"['8', '4', '7', '6', '9', '3', '5', '2', '9']","['tt2278388', 'tt2429074', 'tt0114709', 'tt1234721', 'tt1631867', 'tt1349482', 'tt1978532', 'tt0089538', 'tt4299972']",84," I choose this movie because it received a high rating of 9 from me and it aligns with my preference for action and science fiction films. The plot of a time loop and the protagonist's increasing skill in battle intrigues me. Additionally, the presence of Tom Cruise and Emily Blunt in the lead roles adds to my interest in watching this movie."
957,tt1825683,355,"['6', '4', '7', '9', '8', '5', '6', '7', '8', '7', '9']","['tt1698647', 'tt5480340', 'tt2381991', 'tt1825683', 'tt1302011', 'tt1397514', 'tt0401729', 'tt3922818', 'tt2017561', 'tt1355638', 'tt1840309']",256," I choose this movie because it has a high rating of 9, indicating that it is highly regarded. Additionally, I have previously rated movies like ""The Matrix"" and ""Star Wars: Episode IV - A New Hope"" highly, and ""Black Panther"" shares elements of action, adventure, and a compelling storyline. The movie's exploration of themes such as identity, culture, and social justice also piques my interest"
958,tt3778644,105,"['7', '6', '3', '8', '4', '9', '2', '5', '6', '3', '7', '8']","['tt4116284', 'tt3402236', 'tt0472181', 'tt2660888', 'tt1234719', 'tt3778644', 'tt4651410', 'tt0825283', 'tt1829012', 'tt3099498', 'tt2546038', 'tt3564794']",343," Additionally, the plot revolves around a heist and the exploration of the criminal underworld, which adds an intriguing and suspenseful element to the story."
959,tt1825683,336,"['6', '4', '7', '8', '9', '7', '10', '5', '8', '9']","['tt1397514', 'tt1698647', 'tt5480340', 'tt1840309', 'tt1355638', 'tt2017561', 'tt1825683', 'tt2381991', 'tt0401729', 'tt3922818']",327," I choose this movie because it received a rating of 10, which is the highest rating I have given so far. Additionally, ""Black Panther"" is a highly acclaimed film with a compelling plot, strong performances, and groundbreaking representation. It explores themes of identity, power, and responsibility, while also delivering thrilling action sequences and a richly developed world of Wakanda. I am particularly drawn to the film's exploration of cultural heritage"
960,tt3270538,507,"['7', '6', '8', '9', '7', '9', '7', '8', '9', '6']","['tt1417592', 'tt4393514', 'tt2125666', 'tt3270538', 'tt5342766', 'tt4229236', 'tt3626804', 'tt1714917', 'tt2304915', 'tt1605782']",216," I choose this movie because it addresses the issue of wealth and power concentration, which aligns with my previous preferences for documentaries that delve into socio-political issues. It offers insights from Noam Chomsky, a renowned intellectual, and provides a critical examination of the inequalities present in our society. I am interested in understanding the dynamics of power and its impact on the majority, making this movie a compelling choice"
961,tt1462769,286,"['7', '3', '2', '1', '8', '6', '4', '9', '5', '9', '10', '8', '9', '7', '6', '3', '9', '10', '10']","['tt1924273', 'tt2828996', 'tt4126340', 'tt1935929', 'tt2756032', 'tt5368354', 'tt4877122', 'tt1666801', 'tt1650043', 'tt1462769', 'tt1588173', 'tt1430607', 'tt1478964', 'tt3553442', 'tt2546038', 'tt4009460', 'tt4651520', 'tt2065968', 'tt2883512']",186," I choose this movie because it has a unique and heartwarming storyline about a couple who unexpectedly becomes parents to a special child. It explores themes of love, family, and the power of acceptance. As someone who values emotional and touching stories, this movie resonates with me and I am curious to see how the characters navigate their journey of parenthood and personal growth."
962,tt1430607,98,"['1', '4', '2', '3', '1', '5', '2', '4', '3', '1']","['tt1935929', 'tt1430607', 'tt4877122', 'tt1798603', 'tt2828996', 'tt2546038', 'tt4126340', 'tt1397514', 'tt1243974', 'tt4009460']",214," I choose this movie because it has a rating of 4, which is one of the highest ratings among the movies I have viewed. Additionally, the plot of ""Arthur Christmas"" intrigues me as it offers a unique and imaginative take on the story of Santa Claus. I am interested in seeing how the movie explores the concept of Santa's operation and the comedic dysfunction within the family."
963,tt1690953,157,"['7', '6', '5', '4', '8', '2', '9', '7', '10', '6', '8']","['tt3262342', 'tt1430607', 'tt5184298', 'tt3416828', 'tt1690953', 'tt4877122', 'tt2576852', 'tt5480340', 'tt3521164', 'tt1402488', 'tt1430626']",45," I choose this movie because it has the highest rating among the movies I have viewed so far. Additionally, I enjoyed the first Despicable Me movie and I am familiar with the characters and the humor in the franchise. Therefore, I am interested in watching the sequel and seeing how the story continues."
964,tt0816692,246,"['7', '6', '8', '5', '9', '8', '7', '10', '4', '9', '10', '6']","['tt4073952', 'tt2962876', 'tt1234721', 'tt2429074', 'tt2404425', 'tt1677561', 'tt2493486', 'tt0816692', 'tt1349482', 'tt1837709', 'tt0114709', 'tt1978532']",269," Additionally, I am intrigued by the plot of Earth's future being riddled by disasters and the concept of interstellar travel to ensure mankind's survival. The exploration of space and the unknown is something that captivates me, making ""Interstellar"" the movie I am most interested in watching."
965,tt2278388,517,"['7', '6', '8', '5', '3', '9', '7', '8', '10', '6', '9', '4', '7', '9', '8', '6', '7', '9']","['tt0816692', 'tt4073952', 'tt1631867', 'tt2493486', 'tt1349482', 'tt2278388', 'tt2172934', 'tt1677561', 'tt0114709', 'tt1234721', 'tt4299972', 'tt1837709', 'tt2429074', 'tt2404425', 'tt4324274', 'tt2548208', 'tt1978532', 'tt2962876']",558," 

I choose this movie because it received a high rating of 9 from me, indicating that I really enjoyed it. The plot description intrigued me, as it promised an adventurous story set in a famous European hotel between the wars. Additionally, the involvement of a legendary concierge and a trusted friend added an extra layer of interest. The combination of mystery, humor, and the backdrop of a changing continent appealed to my"
966,tt1631867,339,"['6', '3', '7', '4', '5', '8', '9', '10', '9']","['tt2278388', 'tt0089538', 'tt1234721', 'tt2429074', 'tt1978532', 'tt1349482', 'tt4299972', 'tt1631867', 'tt0114709']",56," Additionally, the plot of the movie intrigues me, as it combines elements of science fiction and action with a unique time loop concept. The idea of the protagonist improving his skills with each repeated encounter and working alongside a Special Forces warrior to defeat the enemy sounds exciting and engaging."
967,tt3270538,511,"['8', '7', '6', '9', '7', '8', '9', '7', '8', '9', '7', '8', '6']","['tt2008513', 'tt1091863', 'tt1605782', 'tt1942884', 'tt1714917', 'tt4229236', 'tt3270538', 'tt5342766', 'tt2125666', 'tt2304915', 'tt1417592', 'tt1559038', 'tt1223236']",521," I rated it with a 9, which is the highest rating among the movies I have viewed. I select this movie because it tackles a significant issue of our time - the concentration of wealth and power in the hands of a few. As someone who is concerned about social and economic inequality, this documentary provides valuable insights and analysis by Noam Chomsky, a renowned"
968,tt1349482,350,"['6', '4', '7', '5', '3', '8', '9', '10', '8', '6', '9', '7', '5', '8', '6']","['tt1978532', 'tt2493486', 'tt1837709', 'tt2429074', 'tt1349482', 'tt4299972', 'tt2404425', 'tt0114709', 'tt1677561', 'tt2548208', 'tt0816692', 'tt1234721', 'tt4073952', 'tt2962876', 'tt2172934']",111," 

I choose this movie because I have previously rated it with a 3, which is the highest rating among the movies I have rated so far. Additionally, I enjoy watching movies that involve sports and competition. Despite its average rating, I am intrigued by the plot that revolves around a cheerleading competition and the struggles faced by the main character. I believe it will be an"
969,tt2802144,383,"['6', '4', '7', '8', '9', '3', '9', '10', '5', '6', '2', '4', '8', '9']","['tt4853102', 'tt1815862', 'tt1232829', 'tt2347134', 'tt2267968', 'tt4651410', 'tt1618442', 'tt2802144', 'tt1428538', 'tt2381991', 'tt2379386', 'tt4464394', 'tt1496025', 'tt4116284']",329," I choose this movie because it combines action, humor, and a unique take on the spy genre. The film has received positive reviews for its stylish direction, engaging story, and memorable characters. As someone who enjoys a good blend of action and comedy, ""Kingsman: The Secret Service"" seems like a perfect choice."
970,tt1924273,142,"['1', '2', '4', '3', '2', '5', '4', '3', '1', '5', '2', '4', '1', '3', '4', '4', '5', '3', '3']","['tt4126340', 'tt1798603', 'tt1666801', 'tt1397514', 'tt5368354', 'tt1588173', 'tt1430607', 'tt1924273', 'tt2828996', 'tt1478964', 'tt1935929', 'tt1462769', 'tt4009460', 'tt4877122', 'tt2546038', 'tt3553442', 'tt2883512', 'tt1243974', 'tt1650043']",241," I choose this movie because it has a rating of 4, which is one of the highest ratings among the movies I have viewed. Additionally, the plot of the movie about a couple who unexpectedly becomes parents and learns valuable lessons about parenthood intrigues me. I am interested in seeing how the characters navigate their journey of raising a child and discovering the true meaning of family."
971,tt0816692,477,"['6', '5', '7', '8', '9', '10', '7', '9', '4', '3', '10', '9', '8', '7', '6', '7', '8', '9']","['tt2172934', 'tt2493486', 'tt4324274', 'tt2548208', 'tt1234721', 'tt0816692', 'tt2962876', 'tt0114709', 'tt4299972', 'tt1349482', 'tt2278388', 'tt1631867', 'tt1837709', 'tt1677561', 'tt2429074', 'tt1978532', 'tt4073952', 'tt2404425']",576," I choose this movie because it received a rating of 10, which is the highest rating I gave among all the movies. Additionally, I am intrigued by the plot of Earth's future, interstellar travel, and the search for a planet that can sustain human life. The concept of exploring the unknown and the potential challenges faced by the characters in the movie fascinate me."
972,tt0114709,54,"['2', '3', '4', '2', '5', '4', '3', '5', '3']","['tt0089538', 'tt2429074', 'tt1234721', 'tt1349482', 'tt1631867', 'tt2278388', 'tt4299972', 'tt0114709', 'tt1978532']",297," I choose this movie because it has the highest rating of 5 among the movies I viewed. Additionally, ""Toy Story"" is a classic animated film that is loved by both children and adults. The movie has a heartwarming story, memorable characters, and innovative animation for its time. I would love to watch ""Toy Story"" because it brings back nostalgic memories and offers a delightful and entertaining experience."
973,tt2267968,231,"['5', '2', '4', '3', '7', '6', '8', '7', '6', '9', '10', '7', '9', '6', '8']","['tt4464394', 'tt1815862', 'tt2347134', 'tt2381991', 'tt5607028', 'tt1397514', 'tt2802144', 'tt3247714', 'tt1937133', 'tt2027128', 'tt4116284', 'tt1428538', 'tt1232829', 'tt1496025', 'tt2267968']",489," I choose this movie because I enjoy animated films and the previous movies in the Kung Fu Panda series were entertaining. Additionally, the plot of Po reuniting with his long-lost panda father and training a village of pandas to become skilled in kung fu sounds like a fun and heartwarming story."
974,tt1430607,260,"['7', '8', '4', '9', '2', '6', '8', '10', '7', '3']","['tt1397514', 'tt2883512', 'tt4877122', 'tt1462769', 'tt4009460', 'tt4126340', 'tt1924273', 'tt1430607', 'tt1666801', 'tt2828996']",451," I choose this movie because it has a rating of 10, indicating that it is highly regarded. Additionally, the plot of the movie intrigues me as it offers a unique and imaginative explanation for how Santa delivers presents. I am also drawn to the focus on family dynamics and the character of Arthur, who takes on an important mission. Overall, the combination of a high rating, an interesting plot, and the theme of Christmas"
975,tt2042568,133,"['6', '7', '4', '8', '9', '3', '10', '10', '2', '7', '8', '9', '6', '9', '8']","['tt3210686', 'tt1091191', 'tt2528814', 'tt1430607', 'tt2025690', 'tt5129510', 'tt2042568', 'tt0970179', 'tt2140423', 'tt3231054', 'tt5555502', 'tt2053425', 'tt2756032', 'tt2347134', 'tt2094064']",547," I choose this movie because it received a rating of 10, which indicates that I thoroughly enjoyed it. Additionally, the plot description of following a week in the life of a young folk singer in 1960s Greenwich Village intrigues me. I am interested in exploring the struggles and obstacles faced by the protagonist as he pursues his passion for music."
976,tt2209418,118,"['7', '6', '8', '9', '3', '10', '10', '5', '2', '9']","['tt1473832', 'tt1763303', 'tt1710417', 'tt2870808', 'tt4465564', 'tt1441952', 'tt2209418', 'tt1243974', 'tt2322441', 'tt2053425']",228," I chose this movie because it has a perfect rating of 10 and it follows the story of Jesse and Celine, a couple I have become invested in since their first meeting in Vienna. I am curious to see how their relationship has evolved over the years and how they navigate the challenges they face in this installment. Additionally, the setting in Greece adds a beautiful backdrop to their story."
977,tt4912910,423,"['4', '3', '2', '1', '1', '5', '5', '8', '6', '9', '7']","['tt3062096', 'tt1600196', 'tt4471456', 'tt2450186', 'tt1865393', 'tt2025690', 'tt5362988', 'tt4547056', 'tt3973198', 'tt4912910', 'tt2059171']",372," I would choose this movie because I have consistently rated action and thriller movies higher than other genres. Additionally, I have given it a high rating of 9, indicating that I find it to be an excellent movie in its genre. The ""Mission: Impossible"" series is known for its intense action sequences and thrilling plotlines, and ""Fallout"" is praised for its high-octane action and gripping"
978,tt0816692,419,"['7', '6', '3', '8', '9', '7', '5', '10', '8', '9', '10', '10', '9', '6', '7', '8', '4', '6']","['tt1677561', 'tt2429074', 'tt0089538', 'tt2172934', 'tt1234721', 'tt2493486', 'tt1978532', 'tt2278388', 'tt4299972', 'tt2404425', 'tt0816692', 'tt0114709', 'tt1631867', 'tt1837709', 'tt4324274', 'tt2962876', 'tt1349482', 'tt2548208']",42," I choose this movie because I have a strong preference for science fiction and adventure films, and ""Interstellar"" fits perfectly into that genre. Additionally, the plot of humanity's struggle for survival and the exploration of space intrigue me. The high rating of 10 that I gave to ""Interstellar"" reflects my excitement for the film and my anticipation of an immersive and captivating experience."
979,tt4547056,207,"['6', '7', '8', '9', '2', '7', '10', '5', '8', '4']","['tt2231461', 'tt1446714', 'tt3922818', 'tt1825683', 'tt4831420', 'tt1698647', 'tt4547056', 'tt4788944', 'tt1620680', 'tt1397514']",27," The movie's dystopian setting and unique take on the zombie genre intrigued me. Additionally, the plot revolving around a group of hybrid children with the ability to think and feel added an interesting layer to the story. I am particularly drawn to movies that explore complex themes and challenge traditional narratives, making ""The Girl with All the Gifts"" a"
980,tt3270538,493,"['8', '6', '7', '9', '7', '8', '9', '10', '8', '9', '7', '10', '8', '9', '7', '8', '9', '8', '9', '10', '8']","['tt4393514', 'tt2304915', 'tt3327994', 'tt5342766', 'tt1999192', 'tt1417592', 'tt1942884', 'tt6769208', 'tt1605782', 'tt1714917', 'tt1223236', 'tt4229236', 'tt2014338', 'tt5804038', 'tt2125666', 'tt2008513', 'tt1091863', 'tt3626804', 'tt2246565', 'tt3270538', 'tt1559038']",588," Noam Chomsky's insights and analysis provide a thought-provoking exploration of the policies and forces that have led to unprecedented inequality. As someone who values social and economic justice, this documentary resonates with my previous ratings and interests. It serves as a reminder of the importance"
981,tt1865505,443,"['8', '6', '9', '3', '7', '5', '8', '9', '4', '2', '10']","['tt1302011', 'tt1216475', 'tt2096673', 'tt4009460', 'tt2100546', 'tt2112281', 'tt3874544', 'tt1430607', 'tt1935929', 'tt4877122', 'tt1865505']",101," Additionally, I am intrigued by the plot, which involves mythical creatures and a journey to the sea. The idea of freeing fairy creatures trapped in the modern world is unique and captivating."
982,tt0816692,433,"['6', '2', '8', '7', '9', '4', '10', '5', '7', '9', '8', '6', '3', '9', '10', '5', '10']","['tt2962876', 'tt1349482', 'tt1234721', 'tt2493486', 'tt0114709', 'tt4299972', 'tt2278388', 'tt1978532', 'tt2429074', 'tt1677561', 'tt2404425', 'tt2172934', 'tt4073952', 'tt1837709', 'tt0816692', 'tt2548208', 'tt1631867']",428," I choose this movie because it combines elements of science fiction, adventure, and exploration, which are genres that I enjoy. The plot of humanity's struggle for survival and the exploration of new worlds through interstellar travel is intriguing to me. Additionally, the high rating of 10 that I gave it indicates that it is a highly acclaimed and well-received film, further piquing my interest."
983,tt2576852,138,"['1', '4', '7', '3', '8', '9', '6', '2', '5', '10', '4']","['tt4877122', 'tt1690953', 'tt1430626', 'tt3416828', 'tt1430607', 'tt3262342', 'tt2293640', 'tt5184298', 'tt2865120', 'tt2576852', 'tt5480340']",253," I would choose this movie because it has the highest rating among the movies I have viewed so far, with a rating of 10. Additionally, the plot description of the movie intrigues me as it tells the story of a princess found in a bamboo and explores themes of identity and the pursuit of memorable experiences. I am interested in watching this movie to see how these themes are portrayed and to experience"
984,tt2053425,332,"['2', '3', '4', '2', '1', '5', '3', '4', '3', '4', '5', '5', '4', '3', '2']","['tt1243974', 'tt2073520', 'tt1937118', 'tt5368354', 'tt2322441', 'tt2053425', 'tt1540128', 'tt2756032', 'tt1067774', 'tt2870808', 'tt2209418', 'tt1714915', 'tt2034031', 'tt1710417', 'tt4465564']",475," Additionally, the plot of ""Rust and Bone"" about a troubled father and a woman overcoming a tragic accident and finding the courage to go on living resonates with me. I am intrigued by the themes of resilience, love, and the exploration of the human spirit in the face of adversity."
985,tt0970179,304,"['1', '3', '4', '2', '5', '4', '3', '5', '2', '4', '2', '3', '1', '3', '4', '3', '5', '3', '4', '2', '1', '5']","['tt1935929', 'tt3874544', 'tt2096673', 'tt3231054', 'tt3411444', 'tt1302011', 'tt5184298', 'tt1865505', 'tt5480340', 'tt1430607', 'tt2100546', 'tt1402488', 'tt4009460', 'tt1429433', 'tt1216475', 'tt2235542', 'tt2452042', 'tt2112281', 'tt2865120', 'tt3416828', 'tt4877122', 'tt0970179']",89," Additionally, the plot of ""Hugo"" seems intriguing and captivating, with elements of mystery and adventure. The story revolves around the protagonist's quest to unlock the secrets of an automaton, and his journey leads him to discover connections to his own past. This combination of an engaging plot and positive reviews makes ""Hugo"" the movie I"
986,tt2404425,374,"['8', '6', '7', '5', '9', '4', '7', '6', '3', '8', '9']","['tt0816692', 'tt2962876', 'tt1677561', 'tt4073952', 'tt1837709', 'tt1978532', 'tt2493486', 'tt2429074', 'tt1349482', 'tt1234721', 'tt2404425']",176," The movie explores the historical context of Nazi art theft during World War II and the personal journey of Maria Altmann in her fight to regain her family's stolen painting. As someone who values justice and appreciates stories with historical significance, ""Woman in Gold"" resonates with me and I am eager to watch it"
987,tt2025690,322,"['7', '4', '8', '6', '9', '9', '7', '10', '5', '6']","['tt3973198', 'tt1865393', 'tt0790724', 'tt2059171', 'tt4547056', 'tt4912910', 'tt2025690', 'tt2911666', 'tt4471456', 'tt2450186']",307," I choose this movie because it has a rating of 7, which is higher than the other movies I have rated. Additionally, I am intrigued by the plot of a daring rescue mission in treacherous conditions, which promises to be a thrilling and suspenseful experience."
988,tt0114709,476,"['4.5', '3.5', '2.5', '4.0', '3.0', '4.5', '3.5', '4.0', '4.5', '3.5', '5.0', '3.0', '4.5', '3.5', '4.0', '3.5', '4.0']","['tt2278388', 'tt1677561', 'tt2429074', 'tt2404425', 'tt4324274', 'tt1631867', 'tt2493486', 'tt2172934', 'tt2962876', 'tt4299972', 'tt0114709', 'tt1978532', 'tt0816692', 'tt2548208', 'tt1234721', 'tt4073952', 'tt1837709']",567," I choose this movie because it has the highest rating among the movies I have rated so far and it is a beloved animated film that has been praised for its storytelling, animation, and memorable characters. Additionally, ""Toy Story"" has a timeless appeal and is suitable for all ages, making it a great choice for a movie night."
989,tt1677561,460,"['7', '6', '5', '8', '9', '4', '10', '7']","['tt1978532', 'tt2429074', 'tt1349482', 'tt2962876', 'tt2404425', 'tt4073952', 'tt1677561', 'tt1837709']",26," I choose this movie because it has a unique and intriguing plot that explores themes of redemption, self-discovery, and the complexities of life and death. The idea of a soul being given a second chance and having to uncover the secrets of its past life and the reasons behind someone's suicide is captivating. Additionally, the concept of navigating the different shades of grey and colors in the real world adds an interesting layer to the story."
990,tt1201607,226,"['5', '4', '3', '4', '2', '5', '4', '3', '4', '3', '5']","['tt1192628', 'tt2065968', 'tt0401729', 'tt1509767', 'tt1429433', 'tt1840309', 'tt2017561', 'tt1355638', 'tt1698647', 'tt5480340', 'tt1201607']",436," Additionally, I have always been a fan of the Harry Potter series and have enjoyed the previous movies. The final installment promises an epic conclusion to the story, with intense action and emotional moments. I am excited to see how the characters' journey unfolds and witness the ultimate battle between Harry Potter and Voldemort"
991,tt3922818,132,"['7', '6', '4', '6', '5', '3', '8', '7', '9', '7', '5']","['tt5607028', 'tt1509767', 'tt2379386', 'tt1397514', 'tt2381991', 'tt2404233', 'tt1192628', 'tt0401729', 'tt3922818', 'tt1355638', 'tt1815862']",556, I would choose this movie because it has a unique and intriguing plot about a boy who was born on Mars and his journey to Earth to uncover the truth about his father and experience the wonders of the planet he has never known. The idea of exploring the challenges and wonders of living on different planets and the emotional journey of the main character appeals to me.
992,tt1509767,119,"['6', '7', '8', '9', '4', '8', '7', '5', '9', '8']","['tt1397514', 'tt1302011', 'tt1192628', 'tt3922818', 'tt2404233', 'tt1509767', 'tt1355638', 'tt1815862', 'tt5607028', 'tt1840309']",48," I choose this movie because I enjoyed the adventurous and action-packed plot of the Musketeers trying to save the Royal Family and France. The combination of swashbuckling sword fights, intrigue, and camaraderie between the characters made it an exciting and entertaining choice for me."
993,tt1462769,520,"['7', '6', '8', '9', '7', '6', '5', '8', '7', '9', '8']","['tt1666801', 'tt1924273', 'tt2756032', 'tt2883512', 'tt1588173', 'tt3553442', 'tt5368354', 'tt1462769', 'tt1650043', 'tt2065968', 'tt1478964']",417," I choose this movie because it explores the theme of parenthood and the unexpected ways in which children come into our lives. As a widowed mother of two, I can relate to the challenges and joys of raising children on my own. The concept of Timothy, a boy with leaves growing from his ankles, entering the lives of the main characters adds a touch of magic and whimsy to the story. I"
994,tt0970179,304,"['2', '3', '5', '4', '5', '4', '3', '5', '3', '5', '2', '4', '1', '3', '4', '3', '5', '4', '4', '2', '1', '5']","['tt1935929', 'tt3874544', 'tt2096673', 'tt3231054', 'tt3411444', 'tt1302011', 'tt5184298', 'tt1865505', 'tt5480340', 'tt1430607', 'tt2100546', 'tt1402488', 'tt4009460', 'tt1429433', 'tt1216475', 'tt2235542', 'tt2452042', 'tt2112281', 'tt2865120', 'tt3416828', 'tt4877122', 'tt0970179']",477," This movie received a rating of 5, indicating that the user enjoyed it the most among the options provided. Additionally, the user has shown a preference for animated and family-friendly movies, and ""Hugo"" fits that criteria. The intriguing plot, set in 1930s Paris and involving a young orphan boy on a quest to uncover secrets, adds"
995,tt1837709,285,"['8', '6', '7', '5', '6', '9', '8', '7', '6']","['tt1677561', 'tt1978532', 'tt1837709', 'tt2429074', 'tt1349482', 'tt2404425', 'tt1234721', 'tt2962876', 'tt4073952']",441," I choose this movie because I enjoy films with elements of fantasy and romance. The plot description of a love story set in a magical version of New York City intrigues me, and I'm curious to see how the protagonist navigates the challenges of their unique circumstances. Additionally, the idea of unraveling mysteries and discovering the truth behind past sins and tragic events adds an extra layer of intrigue to the story."
996,tt2057392,241,"['7', '6', '8', '5', '9', '8', '7', '6', '9', '4']","['tt1966566', 'tt0485985', 'tt1844203', 'tt1234719', 'tt2057392', 'tt1809398', 'tt1217613', 'tt1253863', 'tt2177771', 'tt1399103']",349," I choose this movie because it received a high rating of 9 and the plot seems intriguing. The moral and political implications of modern warfare, as well as the ethical dilemma presented by the presence of a nine-year-old girl in the kill zone, make it a thought-provoking and gripping story. I am interested in exploring the complexities of the characters' decisions and the tension that arises from the international dispute."
997,tt2267968,192,"['6', '5', '4', '2', '7', '8', '9', '3', '7', '10', '5']","['tt1496025', 'tt1618442', 'tt1937133', 'tt2808986', 'tt1428538', 'tt2458106', 'tt1232829', 'tt0825283', 'tt2027128', 'tt2267968', 'tt0803096']",353," I choose this movie because it received a rating of 10, which indicates that it was highly enjoyed by the user. Additionally, the user has previously rated animated movies such as ""Pulp Fiction"" and ""Batman"" quite highly, suggesting a preference for this genre. Given the positive rating and the user's previous preferences, ""Kung Fu Panda 3"" seems like a fun and entertaining choice to watch"
998,tt3270538,158,"['6', '7', '8', '9', '7', '8', '6', '9', '7', '10', '8']","['tt1417592', 'tt1559038', 'tt1714917', 'tt2304915', 'tt1091863', 'tt1605782', 'tt2125666', 'tt1942884', 'tt5359048', 'tt3270538', 'tt1223236']",578," I choose this movie because it tackles the important issue of wealth inequality and the concentration of power in the hands of a few. As someone who values social and economic justice, this documentary resonates with my beliefs and provides valuable insights into the current state of our society."
999,tt3922818,221,"['4', '3', '5', '2', '4', '3', '5', '1', '4', '3', '4', '3', '2']","['tt5480340', 'tt2017561', 'tt5607028', 'tt1815862', 'tt1192628', 'tt0401729', 'tt3922818', 'tt2404233', 'tt1840309', 'tt1355638', 'tt1509767', 'tt1698647', 'tt1397514']",106," I rated it a 5, which indicates that I highly enjoyed it. The movie's plot about a boy born on Mars who longs to explore Earth and find his father intrigued me. The idea of a unique perspective and the desire for connection resonated with me. Additionally, the exploration of the wonders of Earth and the emotional journey of the main character added depth"
1000,tt1865505,475,"['8', '7', '6', '9', '10', '4', '3', '5', '9', '6']","['tt1302011', 'tt1430607', 'tt1620680', 'tt1865505', 'tt0970179', 'tt2112281', 'tt1216475', 'tt3874544', 'tt2096673', 'tt2100546']",328," I choose this movie because it received a high rating of 9, which indicates that it is likely to be a movie that I will enjoy. Additionally, the plot about a child who is the last of the selkies and embarks on a journey to free fairy creatures trapped in the modern world sounds intriguing and unique. I am interested in exploring the magical elements and the emotional depth that this movie may offer."
1001,tt1441395,179,"['7', '4', '8', '3', '9', '6', '7', '2', '5', '9', '8', '6', '4', '3', '6', '10', '7', '8']","['tt2581244', 'tt3487994', 'tt0816711', 'tt3099498', 'tt1714915', 'tt2345759', 'tt0905372', 'tt3201722', 'tt4796122', 'tt3705412', 'tt1596365', 'tt1727776', 'tt3067274', 'tt3899796', 'tt4464394', 'tt1441395', 'tt2140423', 'tt4094724']",18," I choose this movie because it has received a rating of 10, indicating that it is highly regarded. Additionally, the plot description intrigues me with its exploration of an alien entity discovering its own humanity. I am interested in watching a thought-provoking and unique film like ""Under the Skin""."
1002,tt1631867,24,"['7', '4', '8', '3', '6']","['tt4299972', 'tt1349482', 'tt1631867', 'tt0089538', 'tt1978532']",218," Additionally, the plot of the movie, involving a time loop and a battle against alien invaders, sounds intriguing and action-packed. I am interested in seeing how the protagonist, Major William Cage, improves his combat skills with each repeated encounter and works alongside Special Forces warrior Rita Vrataski to defeat the enemy."
1003,tt4116284,143,"['7', '6', '8', '4', '9', '3', '7', '6', '5', '9', '8', '10', '5']","['tt2802144', 'tt5607028', 'tt2347134', 'tt1397514', 'tt1428538', 'tt4464394', 'tt3247714', 'tt1496025', 'tt2381991', 'tt2267968', 'tt1232829', 'tt4116284', 'tt1815862']",286," I choose this movie because it has a rating of 10, indicating that it is highly regarded. Additionally, I am a fan of animated movies and the comedic and lighthearted nature of this film appeals to me. The idea of seeing Batman in a Lego world and exploring his character development as he learns to work with others and lighten up sounds entertaining and enjoyable."
1004,tt2278388,29,"['6', '3', '2', '8', '9', '4', '7', '10', '5']","['tt2429074', 'tt1349482', 'tt0089538', 'tt4299972', 'tt2278388', 'tt1978532', 'tt1631867', 'tt0114709', 'tt1234721']",549," I choose this movie because it has a unique and captivating plot set in a visually stunning and whimsical world. The film combines elements of comedy, drama, and adventure, making it an entertaining and engaging watch. Additionally, it boasts an impressive ensemble cast and is directed by the acclaimed filmmaker Wes Anderson. Overall, ""The Grand Budapest Hotel"" promises to be a delightful and memorable cinematic"
1005,tt1430607,125,"['2', '3', '4', '4', '1', '5', '2', '2', '4', '3', '5', '3', '4', '5']","['tt4877122', 'tt1650043', 'tt1666801', 'tt4651520', 'tt4009460', 'tt1430607', 'tt2828996', 'tt1935929', 'tt3553442', 'tt1715873', 'tt2883512', 'tt1397514', 'tt2546038', 'tt1478964']",29," I choose this movie because it received a rating of 5, which is the highest rating among the movies I have viewed. Additionally, the plot of ""Arthur Christmas"" intrigues me as it offers a unique and imaginative take on the question of how Santa delivers presents in one night. The idea of a family in comic dysfunction and an unlikely hero embarking on a mission before Christmas morning adds an element of adventure and"
1006,tt1631867,48,"['5', '2', '3', '2', '4']","['tt1349482', 'tt4299972', 'tt1978532', 'tt0089538', 'tt1631867']",273," I choose this movie because it has a unique and intriguing plot. The idea of a time loop and the protagonist having to relive the same battle repeatedly, gaining more skills each time, sounds exciting and engaging. Additionally, the presence of action and sci-fi elements adds to the appeal of the movie."
1007,tt1631867,19,"['6', '3', '7', '2', '5', '4', '6', '3', '8', '9', '10']","['tt5487524', 'tt4831420', 'tt2231461', 'tt3899796', 'tt1815862', 'tt3480796', 'tt1397514', 'tt4464394', 'tt3922818', 'tt1267299', 'tt1631867']",283," Additionally, the plot of the movie, involving a time loop and a battle against an alien race, sounds intriguing and action-packed."
1008,tt1441395,145,"['1', '2', '4', '3', '5', '4', '2', '5', '3', '2', '4']","['tt3201722', 'tt2581244', 'tt1596365', 'tt1727776', 'tt0905372', 'tt2345759', 'tt2140423', 'tt1441395', 'tt3099498', 'tt3067274', 'tt4348012']",566," Additionally, the plot description intrigues me, as it explores the concept of an alien entity discovering its humanity with tragic consequences. I am interested in the exploration of complex themes and the unique perspective that this movie offers."
1009,tt2267968,177,"['8', '6', '7', '5', '9', '10', '8', '7', '4', '9', '6', '7', '6', '7', '5', '9', '8', '6', '4', '7', '6']","['tt4116284', 'tt2808986', 'tt2267968', 'tt0825283', 'tt5607028', 'tt2802144', 'tt2347134', 'tt2027128', 'tt4651410', 'tt1618442', 'tt1815862', 'tt1496025', 'tt1937133', 'tt1397514', 'tt4464394', 'tt1232829', 'tt4853102', 'tt1428538', 'tt2379386', 'tt2458106', 'tt2381991']",183," Additionally, I am intrigued by the plot involving alchemy, the search for the philosopher's stone, and the sacrifices made by the main characters. The combination of action, adventure, and the exploration of complex themes makes it an appealing choice for me."
1010,tt2865120,88,"['8', '6', '7', '5', '4', '9', '8', '2', '3', '7']","['tt1430607', 'tt2112281', 'tt2865120', 'tt3416828', 'tt4877122', 'tt3231054', 'tt2452042', 'tt4009460', 'tt1935929', 'tt1216475']",163," I choose this movie because I enjoy animated films and the plot of two unlikely heroes saving the galaxy sounds exciting and entertaining. Additionally, the theme of heroism and friendship appeals to me."
1011,tt2304915,521,"['8', '6', '7', '9', '8', '7', '6']","['tt3270538', 'tt1605782', 'tt1223236', 'tt1714917', 'tt2304915', 'tt1417592', 'tt2125666']",163," Additionally, the plot of the movie intrigues me as it explores the complex dynamics of espionage and personal choices in a conflict-ridden region."
1012,tt3262342,456,"['6', '8', '7', '9', '10', '8', '5', '7', '9', '4']","['tt5368354', 'tt1091191', 'tt2042568', 'tt4193394', 'tt3262342', 'tt5555502', 'tt1462769', 'tt2756032', 'tt0970179', 'tt5129510']",284," As someone who appreciates art and the life of Vincent van Gogh, I am intrigued by the concept of the film, which is the world's first fully painted feature film. The plot revolving around the delivery of Vincent's final letter and the exploration of his troubled life and art is captivating to me. I am excited to immerse myself"
1013,tt1462769,286,"['7', '3', '2', '1', '8', '6', '4', '9', '5', '8', '10', '9', '7', '6', '5', '3', '9', '10', '9']","['tt1924273', 'tt2828996', 'tt4126340', 'tt1935929', 'tt2756032', 'tt5368354', 'tt4877122', 'tt1666801', 'tt1650043', 'tt1462769', 'tt1588173', 'tt1430607', 'tt1478964', 'tt3553442', 'tt2546038', 'tt4009460', 'tt4651520', 'tt2065968', 'tt2883512']",597," I choose this movie because it has a unique and heartwarming story about a couple who unexpectedly becomes parents to a special child. The concept of a child with leaves growing from his ankles is intriguing and the movie explores themes of family, love, and acceptance. It seems like a touching and emotional film that would resonate with me based on my previous ratings and preferences."
1014,tt0816692,541,"['8', '6', '7', '9', '10']","['tt1631867', 'tt2278388', 'tt4299972', 'tt0114709', 'tt0816692']",462," I choose this movie because it has the highest rating among the ones I have viewed so far, and I am particularly drawn to its intriguing plot about interstellar travel and the potential for human survival. The concept of exploring new worlds and the unknown fascinates me, and I am eager to see how the story unfolds in this highly-rated film."
1015,tt2267968,468,"['5', '2', '4', '3', '8', '2', '6', '7', '9', '8']","['tt1815862', 'tt1496025', 'tt2347134', 'tt2379386', 'tt2802144', 'tt4464394', 'tt1428538', 'tt4116284', 'tt2267968', 'tt1232829']",492," I choose this movie because I have previously enjoyed animated movies such as ""Toy Story"" and ""The Lego Batman Movie"" and have given them high ratings. ""Kung Fu Panda 3"" continues the story of Po, the lovable panda, and introduces new panda characters in a humorous and action-packed adventure. The combination of martial arts, comedy, and heartwarming moments in the previous movies has"
1016,tt2278388,405,"['8', '4', '6', '9', '7', '5', '8', '9', '6', '3', '7', '10', '7', '8', '6', '7', '9\n\nReason: I would like to watch ""The Grand Budapest Hotel"" because it has a unique and intriguing plot set in a historical backdrop. The combination of adventure, mystery, and comedy, along with the exceptional performances by the cast, particularly Ralph Fiennes as M. Gustave, make it a highly enticing movie. Additionally, the visually stunning cinematography and Wes Anderson\'s distinctive directing style add to its appeal. Overall, ""The Grand Budapest Hotel"" promises to be an entertaining and captivating film', '10\n\nReason: I would like to watch ""Toy Story"" because it is a timeless classic that revolutionized the world of animated films. The story of toys coming to life when humans are not around is incredibly imaginative and heartwarming. The film beautifully explores themes of friendship, loyalty, and acceptance. The characters, especially Woody and Buzz Lightyear, are iconic and memorable. The animation is groundbreaking for its time, and the humor appeals to both children and adults. ""Toy Story"" is not']","['tt4299972', 'tt1349482', 'tt1978532', 'tt1677561', 'tt2962876', 'tt1837709', 'tt2404425', 'tt1631867', 'tt1234721', 'tt0089538', 'tt2548208', 'tt0816692', 'tt2429074', 'tt2493486', 'tt4073952', 'tt2172934', 'tt2278388', 'tt0114709']",403," The combination of adventure, mystery, and comedy, along with the exceptional performances by the cast, particularly Ralph Fiennes as M. Gustave, make it a highly enticing movie. Additionally, the visually stunning cinematography and Wes Anderson's distinctive directing style add to its appeal. Overall, ""The Grand Budapest Hotel"" promises to be an entertaining and captivating film."
1017,tt1978532,71,"['5', '4', '3', '2', '4']","['tt0089538', 'tt1234721', 'tt1978532', 'tt1349482', 'tt2429074']",394,""" Although it received a rating of 3, it seems like a light-hearted and comedic film that revolves around the concept of finding a wife for a socially inappropriate friend. The plot description suggests that it could be an entertaining and humorous watch."
1018,tt2802144,131,"['6', '4', '2', '8', '7', '9', '5', '10', '3', '7', '8']","['tt5607028', 'tt3247714', 'tt4464394', 'tt2267968', 'tt1397514', 'tt4116284', 'tt2347134', 'tt2802144', 'tt1496025', 'tt1428538', 'tt2027128']",133," I choose this movie because it received a rating of 10, which indicates that it was highly enjoyable and engaging. Additionally, the plot description of a young man being recruited into a secret organization and embarking on a thrilling adventure appeals to me. The presence of talented actors such as Colin Firth and Taron Egerton also adds to my interest in watching this film."
1019,tt1677561,346,"['7', '6', '8', '9', '10']","['tt4073952', 'tt1978532', 'tt2962876', 'tt2404425', 'tt1677561']",46," I choose this movie because it explores deep themes of redemption, self-discovery, and the complexity of life. The plot of a soul getting a second chance in the body of a troubled teenager is intriguing and promises a unique and thought-provoking story. As someone who appreciates movies with depth and emotional resonance, ""Colorful"" seems like a perfect choice."
1020,tt1650062,313,"['7', '6', '4', '8', '7', '9', '8', '9', '10', '9\n\nReason for selection: I would like to watch ""Hanna"" because I have always been intrigued by stories involving strong and independent female characters. The plot of a teenage girl with exceptional skills and abilities, trained to be the perfect assassin, sounds captivating and unique. Additionally, the presence of talented actors such as Saoirse Ronan, Eric Bana, and Cate Blanchett adds to my interest in the movie. I am excited to see how Hanna navigates through her journey, uncovers']","['tt1957938', 'tt1670345', 'tt1600195', 'tt1216491', 'tt1658837', 'tt1974419', 'tt1401152', 'tt1682180', 'tt1650062', 'tt0993842']",378," I rate it 10. The reason I choose ""Super 8"" is because I am a fan of mystery and suspenseful movies. The plot of a group of friends witnessing a catastrophic train crash and then experiencing strange events and disappearances in their town intrigues me. I am excited to uncover the truth behind the mysterious occurrences and see how the story unfolds. The combination of a thrilling storyline and the nostalgic setting of"
1021,tt3262342,456,"['8', '7', '6', '9', '10', '7', '5', '8', '9', '4']","['tt5368354', 'tt1091191', 'tt2042568', 'tt4193394', 'tt3262342', 'tt5555502', 'tt1462769', 'tt2756032', 'tt0970179', 'tt5129510']",26," I choose this movie because it received a rating of 10, which is the highest rating among the movies I've viewed. Additionally, I am intrigued by the unique concept of the film, which explores the life and mysterious death of Vincent van Gogh through his own art. The combination of visually stunning animation and a compelling narrative makes me eager to watch and appreciate this artistic masterpiece."
1022,tt2267968,196,"['8', '6', '7', '9', '8', '5', '9', '7', '6', '10']","['tt0825283', 'tt2027128', 'tt1618442', 'tt0803096', 'tt1232829', 'tt2808986', 'tt1428538', 'tt2458106', 'tt1937133', 'tt2267968']",548," As a fan of the previous ""Kung Fu Panda"" movies, I am excited to see the continuation of Po's journey and the introduction of new panda characters. The concept of Po training a village of pandas to become kung fu warriors adds an interesting twist to the story, and the supernatural villain Kai adds a thrilling element of danger"
1023,tt6769208,495,"['5', '4', '4.5', '3.5', '4.5', '5', '4', '4.5', '5', '4.5', '4.5', '4.5', '5', '5', '4', '4.5', '4.5', '4.5', '5', '5', '4.5']","['tt5804038', 'tt1714917', 'tt1091863', 'tt1999192', 'tt3327994', 'tt2246565', 'tt1605782', 'tt2014338', 'tt3270538', 'tt4393514', 'tt2125666', 'tt2008513', 'tt1417592', 'tt6769208', 'tt5342766', 'tt1223236', 'tt1942884', 'tt3626804', 'tt2304915', 'tt4229236', 'tt1559038']",86," The documentary promises to provide a groundbreaking and captivating exploration of the world's oceans, highlighting the impact of human activities on marine life. As someone who is concerned about environmental issues, I believe this film will not only entertain me but also raise awareness about the importance of preserving our oceans."
1024,tt1509767,101,"['6', '7', '5', '4', '8', '3', '9', '10', '8', '7', '6', '5', '9', '2', '4']","['tt0401729', 'tt2017561', 'tt1397514', 'tt1815862', 'tt1355638', 'tt3416828', 'tt1509767', 'tt1840309', 'tt3922818', 'tt1192628', 'tt5480340', 'tt2381991', 'tt5607028', 'tt2379386', 'tt2404233']",148," I choose this movie because I enjoy stories set in historical settings, and the plot of ""The Three Musketeers"" intrigues me with its combination of adventure, romance, and political intrigue. The concept of a group of skilled and loyal musketeers fighting for justice and protecting the royal family appeals to me. Additionally, the presence of charismatic characters like Athos, Porthos, Aramis,"
1025,tt1825683,198,"['7', '5', '8', '6', '4', '9', '7', '10', '3']","['tt3922818', 'tt1397514', 'tt1192628', 'tt1840309', 'tt1815862', 'tt1355638', 'tt5607028', 'tt1825683', 'tt2404233']",325," This is because I have previously enjoyed movies with superhero elements and action-packed plots, such as ""Captain America: Civil War"" (which is connected to the Black Panther storyline). Additionally, ""Black Panther"" received critical acclaim for its groundbreaking representation and cultural significance. I am excited to see the vibrant and technologically advanced world of Wakanda, as well as witness the character development of"
1026,tt1677561,346,"['8', '6', '7', '9', '10']","['tt4073952', 'tt1978532', 'tt2962876', 'tt2404425', 'tt1677561']",85," I choose this movie because it has a unique and intriguing plot that explores deep themes of life, death, and redemption. The concept of a soul getting a second chance and having to uncover the secrets of its past life and the reasons behind a teenager's suicide is captivating. Additionally, the exploration of the complexities of human existence and the different shades of truth and perception make this movie highly thought-provoking. I am excited to"
1027,tt1677561,347,"['8', '7', '6', '4', '9']","['tt4073952', 'tt2404425', 'tt2962876', 'tt1978532', 'tt1677561']",554," As someone who appreciates thought-provoking and emotionally engaging stories, this movie seems like a perfect choice. The concept of a soul getting a second chance in the body of a troubled teenager and the exploration of the mysteries surrounding both the soul's past life and the reasons behind the teenager's suicide captivate my interest"
1028,tt1650062,136,"['6', '3', '7', '8', '4', '9', '7', '5', '6', '8']","['tt1837709', 'tt2382009', 'tt1957938', 'tt2076220', 'tt3181822', 'tt1650062', 'tt1401152', 'tt1712170', 'tt2044801', 'tt1216491']",359," I choose this movie because I enjoy thrilling and mysterious plots, and the combination of a catastrophic train crash, strange events, and the uncovering of a terrifying truth intrigues me. Additionally, the setting in the 1970s adds an extra layer of nostalgia and atmosphere."
1029,tt1631867,173,"['7', '4', '8', '3', '9', '10']","['tt1978532', 'tt1349482', 'tt0114709', 'tt0089538', 'tt4299972', 'tt1631867']",174," Additionally, the plot of the movie is intriguing as it combines science fiction, action, and time loop elements. The idea of a character improving their skills with each repeated encounter adds an interesting twist to the story. Overall, ""Edge of Tomorrow"" seems like an exciting and captivating movie to watch."
1030,tt1631867,316,"['1', '1', '1', '1', '8']","['tt0089538', 'tt1349482', 'tt4299972', 'tt1978532', 'tt1631867']",407," I choose this movie because it received a high rating of 8, which indicates that it is likely to be an enjoyable and well-made film. Additionally, the plot description intrigues me with its combination of action, science fiction, and time loop elements. I am drawn to the concept of a protagonist repeatedly reliving a battle and improving their skills, which promises an engaging and thrilling viewing experience."
1031,tt5607028,102,"['7', '6', '8', '5', '9', '7', '4', '8', '6', '9', '3']","['tt0401729', 'tt2379386', 'tt1397514', 'tt2381991', 'tt3922818', 'tt1192628', 'tt1815862', 'tt1509767', 'tt3416828', 'tt5607028', 'tt2404233']",128," ""Fullmetal Alchemist"" offers a unique blend of alchemy, action, and deep character development. The plot of two brothers on a quest to restore their bodies, while exploring the consequences of their actions, is captivating. Additionally, the concept of alchemy in a realistic setting adds an extra layer of intrigue"
1032,tt2246565,498,"['6', '4', '7', '8', '5', '9', '10', '7', '9', '8']","['tt1942884', 'tt3626804', 'tt2014338', 'tt1223236', 'tt5342766', 'tt4229236', 'tt2246565', 'tt1605782', 'tt1091863', 'tt1999192']",302," I choose this movie because I have a strong interest in magic and deception, and this documentary explores the fascinating life of James 'The Amazing' Randi, a renowned magician and skeptic who dedicated his life to exposing frauds and tricksters. The film promises to provide insights into Randi's investigations and his own personal journey, which intrigues me."
1033,tt4912910,485,"['8', '6', '7', '9', '7', '8', '6', '9', '5', '7']","['tt5362988', 'tt3480796', 'tt0790724', 'tt2025690', 'tt3062096', 'tt1600196', 'tt1829012', 'tt4912910', 'tt4126568', 'tt2059171']",321," I choose this movie because it has the highest rating among the movies I have viewed so far, and I have a preference for action-packed thrillers. Additionally, the plot description of the movie intrigues me with its high-stakes mission and the race against time to prevent a global catastrophe."
1034,tt1462769,286,"['6', '3', '4', '2', '8', '7', '5', '9', '8', '9', '10', '10', '9', '7', '6', '1', '8', '9', '10']","['tt1924273', 'tt2828996', 'tt4126340', 'tt1935929', 'tt2756032', 'tt5368354', 'tt4877122', 'tt1666801', 'tt1650043', 'tt1462769', 'tt1588173', 'tt1430607', 'tt1478964', 'tt3553442', 'tt2546038', 'tt4009460', 'tt4651520', 'tt2065968', 'tt2883512']",178," I choose this movie because it has a heartwarming and unique storyline about a couple who unexpectedly becomes parents to a special child. The film explores themes of love, family, and the beauty of embracing the unexpected. As someone who appreciates heartfelt and touching stories, I believe ""The Odd Life of Timothy Green"" would be a great choice to watch."
1035,tt2059171,130,"['8', '3', '6', '5', '7', '6', '4', '9', '7', '8', '5', '9', '6', '3']","['tt4912910', 'tt1829012', 'tt5254868', 'tt1886493', 'tt2059171', 'tt2134170', 'tt3732950', 'tt5362988', 'tt3062096', 'tt3247714', 'tt4126568', 'tt2025690', 'tt3480796', 'tt3181822']",268," I choose this movie because it has a rating of 7, which is one of the highest ratings among the movies I have viewed. Additionally, the plot description intrigues me as it explores the psychological aspects of a game that becomes increasingly intense and challenging. I am interested to see how the protagonist navigates through the tasks and the consequences that unfold."
1036,tt1345836,168,"['7', '6', '8', '9', '4', '3', '9', '7', '6', '8']","['tt1855199', 'tt1937133', 'tt2379713', 'tt3262342', 'tt2808986', 'tt2735292', 'tt1345836', 'tt1770734', 'tt2295196', 'tt3402236']",112," I choose this movie because I have given it a rating of 9, which indicates that I highly enjoyed it. Additionally, I have previously rated movies like ""Forrest Gump"" and ""Silence of the Lambs"" positively, and ""The Dark Knight Rises"" is a thrilling and well-executed film in the superhero genre. The plot, the performances, and the action sequences in the"
1037,tt3231054,88,"['8', '6', '7', '5', '4', '9', '10', '2', '3', '8']","['tt1430607', 'tt2112281', 'tt2865120', 'tt3416828', 'tt4877122', 'tt3231054', 'tt2452042', 'tt4009460', 'tt1935929', 'tt1216475']",229, I choose this movie because I am intrigued by the concept of exploring the story of the Resurrection from the perspective of a non-believer. It adds an interesting twist to the biblical narrative and I am curious to see how the story unfolds and how the character of Clavius navigates his journey.
1038,tt2576852,454,"['7', '6', '8', '9', '5', '4', '7', '8', '2', '9', '8', '6', '3']","['tt1623288', 'tt1430626', 'tt2380307', 'tt3521164', 'tt1691917', 'tt2865120', 'tt2576852', 'tt1690953', 'tt4877122', 'tt1430607', 'tt2293640', 'tt2452042', 'tt3416828']",578," I choose this movie because it received a rating of 7, which is one of the highest ratings among the movies I have viewed so far. Additionally, I am intrigued by the plot description, which involves a unique and enchanting story about a princess found in a bamboo. It seems like a captivating and culturally rich film that I would enjoy watching."
1039,tt1430607,93,"['2', '1', '8', '1', '7', '9', '4', '6', '10', '5', '9', '3', '7', '2']","['tt2828996', 'tt1935929', 'tt1588173', 'tt4009460', 'tt1397514', 'tt2546038', 'tt4126340', 'tt1243974', 'tt1430607', 'tt1650043', 'tt2883512', 'tt1798603', 'tt1666801', 'tt4877122']",66," I choose this movie because it has a rating of 10, which indicates that it is highly regarded. Additionally, the plot description of a heartwarming story about a family in comic dysfunction and an unlikely hero, Arthur, on a mission to save Christmas resonates with me. It seems like a delightful and uplifting film that will bring joy and holiday spirit."
1040,tt1234721,203,"['7', '6', '8', '5', '4']","['tt1192628', 'tt2293640', 'tt1234721', 'tt1430626', 'tt1216475']",469," I choose this movie because it received a high rating of 8, indicating that it is likely to be enjoyable and well-made. Additionally, I am intrigued by the plot description which involves a combination of action, science fiction, and moral dilemmas. The idea of a man transformed into a part-man, part-robot police officer and the exploration of justice within this context sounds fascinating to me."
1041,tt2042568,471,"['7', '6', '4', '8', '9', '7', '9', '8', '7', '6', '9', '8', '5', '7', '9', '8', '9', '8']","['tt2094064', 'tt3210686', 'tt5129510', 'tt3832914', 'tt2042568', 'tt2756032', 'tt1430607', 'tt4193394', 'tt2025690', 'tt3231054', 'tt3262342', 'tt2347134', 'tt2528814', 'tt2140423', 'tt1462769', 'tt5555502', 'tt1091191', 'tt2053425']",122," I choose this movie because it received a high rating from me (9) and it aligns with my previous preferences for movies like ""Shawshank Redemption"" and ""Fight Club."" I am intrigued by the setting of the Greenwich Village folk scene in the 1960s and the struggles of the young folk singer. The premise of navigating through obstacles and pursuing a passion resonates with me. Additionally,"
1042,tt1677561,499,"['2', '3', '4', '5', '3']","['tt4442130', 'tt1763303', 'tt2084970', 'tt1809398', 'tt1677561']",475," The plot seems unique and thought-provoking, and I am curious to see how the story unfolds and explores the complexities of life and death."
1043,tt2278388,543,"['6', '4', '7', '8', '5', '6', '7', '3', '9', '2', '8', '9', '10\n\nI would like to watch ""The Grand Budapest Hotel"" because it has received a perfect rating from me. The movie combines elements of comedy, adventure, and mystery, which are all genres that I enjoy. Additionally, the film has a stellar cast, including Ralph Fiennes and Tony Revolori, who I believe will deliver captivating performances. The plot revolving around the theft and recovery of a priceless painting and the battle for a family fortune sounds intriguing and promises plenty of twists and turns. Overall', '9\n\nI would like to watch ""Edge of Tomorrow"" because it has received a high rating from me. The concept of a time loop and the protagonist\'s ability to learn and improve with each repeated encounter is intriguing. The combination of action, sci-fi, and thriller elements promises an exciting and suspenseful viewing experience. Additionally, the performances of Tom Cruise and Emily Blunt are highly praised, making me even more eager to watch this film. Overall, ""Edge of Tomorrow"" seems like a thrilling', '5', '10\n\nI would like to watch ""Toy Story"" because it has received a perfect rating from me. As a fan of animated films, ""Toy Story"" is a classic that I have heard great things about. The concept of toys coming to life when humans are not around is fascinating and opens up a world of imagination. The story of Woody and Buzz embarking on an adventure to find their way back to Andy is heartwarming and filled with humor and excitement. The film has received critical acclaim', '7', '8\n\nI would like to watch ""Batman vs. Robin"" because it has received a high rating from me. As a fan of superhero movies, the conflict between Batman and his son Damian Wayne, who struggles with his father\'s moral code, sounds intriguing. The inclusion of iconic villains like the toy maker and the Court of Owls adds an extra layer of excitement to the plot. I am excited to see how the dynamic between Batman and Robin unfolds and how they work together to overcome the threats facing']","['tt2429074', 'tt2548208', 'tt2404425', 'tt0816692', 'tt1234721', 'tt2962876', 'tt2172934', 'tt4073952', 'tt1677561', 'tt1349482', 'tt2493486', 'tt1837709', 'tt2278388', 'tt1631867', 'tt4299972', 'tt0114709', 'tt1978532', 'tt4324274']",177," The combination of comedy, adventure, and mystery in the film appeals to my preferences. Additionally, the stellar cast, including Ralph Fiennes and Tony Revolori, promises captivating performances. The plot revolving around the theft and recovery of a priceless painting and the battle for a family fortune sounds intriguing and promises plenty of twists and turns. Overall, """
1044,tt1596365,181,"['8', '6', '7', '5', '2', '3', '9', '4', '9', '6', '7', '5', '8', '3', '6', '5']","['tt3705412', 'tt0905372', 'tt4094724', 'tt4126568', 'tt3201722', 'tt2828996', 'tt1596365', 'tt3099498', 'tt1714915', 'tt3067274', 'tt2140423', 'tt3487994', 'tt1441395', 'tt3899796', 'tt4464394', 'tt4796122']",326," I would choose this movie because I have consistently rated horror movies highly in the past, and ""The Woman in Black"" has a compelling plot involving a vengeful ghost and a haunting atmosphere. Additionally, the setting and the mystery surrounding the woman in black intrigued me."
1045,tt2278388,419,"['7', '6', '3', '8', '9', '7', '6', '10', '9', '8', '10', '9', '8', '5', '7', '8', '4', '6']","['tt1677561', 'tt2429074', 'tt0089538', 'tt2172934', 'tt1234721', 'tt2493486', 'tt1978532', 'tt2278388', 'tt4299972', 'tt2404425', 'tt0816692', 'tt0114709', 'tt1631867', 'tt1837709', 'tt4324274', 'tt2962876', 'tt1349482', 'tt2548208']",592," I choose this movie because it has the highest rating among the movies I have viewed so far and it aligns with my preference for unique and visually stunning films. Additionally, the plot description of the adventures of M. Gustave and Zero Moustafa in a changing continent intrigues me, and I am curious to see how they navigate the theft and recovery of a priceless painting."
1046,tt1588173,1,"['1', '5', '1', '2', '4', '3', '5', '4', '2', '5', '4']","['tt4877122', 'tt1478964', 'tt4009460', 'tt1935929', 'tt3553442', 'tt1397514', 'tt2546038', 'tt1666801', 'tt2828996', 'tt1588173', 'tt1430607']",540, The plot seems unique and I am interested to see how the characters navigate the challenges they face.
1047,tt3402236,492,"['7', '6', '8', '7', '9', '8', '8', '6', '9', '9']","['tt2134170', 'tt2053463', 'tt1345836', 'tt1770734', 'tt2347134', 'tt1855199', 'tt4226388', 'tt1829012', 'tt2379713', 'tt3402236']",375," The plot of the movie, revolving around a murder on a train and the investigation by the brilliant detective Hercule Poirot, intrigues me. I am excited to see how the mystery unfolds and how Poirot unravels the truth behind the crime."
1048,tt1840309,101,"['7', '6', '8', '5', '9', '3', '9', '10', '8', '7', '6', '4', '9', '6', '5']","['tt0401729', 'tt2017561', 'tt1397514', 'tt1815862', 'tt1355638', 'tt3416828', 'tt1509767', 'tt1840309', 'tt3922818', 'tt1192628', 'tt5480340', 'tt2381991', 'tt5607028', 'tt2379386', 'tt2404233']",28," I choose this movie because it offers a unique dystopian setting and an intriguing storyline about a young girl who doesn't fit into society's predefined categories. The concept of being divergent and the exploration of identity and self-discovery are themes that resonate with me. Additionally, the movie has received a high rating, indicating that it is well-regarded by others."
1049,tt1840309,101,"['6', '7', '5', '4', '8', '6', '9', '10', '9', '8', '7', '5', '9', '3', '6']","['tt0401729', 'tt2017561', 'tt1397514', 'tt1815862', 'tt1355638', 'tt3416828', 'tt1509767', 'tt1840309', 'tt3922818', 'tt1192628', 'tt5480340', 'tt2381991', 'tt5607028', 'tt2379386', 'tt2404233']",564," I choose this movie because it has received a high rating of 8, indicating that it is likely to be enjoyable and well-made. Additionally, the plot description of a talking cat and a quest to find a hidden tribe in Africa sounds intriguing and unique. I am interested in watching a movie that offers a combination of adventure and humor, and ""The Rabbi's Cat"" seems to fit the bill."
1050,tt2404425,279,"['5', '4', '4', '3', '2', '3', '4', '3']","['tt2962876', 'tt1677561', 'tt2404425', 'tt1837709', 'tt2429074', 'tt1349482', 'tt4073952', 'tt1978532']",479," I choose this movie because I am interested in historical dramas and stories related to World War II. The plot of Maria Altmann seeking justice for the art stolen by the Nazis intrigues me, and I am curious to see how she fights to regain what was rightfully hers."
1051,tt4912910,63,"['7', '6', '4', '8', '5', '9', '3', '7', '6', '2', '9']","['tt2911666', 'tt5254868', 'tt3732950', 'tt3062096', 'tt3480796', 'tt4912910', 'tt4126568', 'tt3247714', 'tt1829012', 'tt3181822', 'tt1600196']",481," I choose this movie because it has the highest rating among the movies I have viewed, with a rating of 9. Additionally, I am a fan of action-packed films and enjoy the Mission: Impossible series. The plot of Ethan Hunt and his team trying to stop a global threat is intriguing and promises an intense and thrilling experience."
1052,tt1714915,194,"['6', '4', '8', '3', '7', '9', '5', '2', '7', '6', '8', '1', '9', '6', '7', '8']","['tt1441395', 'tt2828996', 'tt1714915', 'tt2140423', 'tt4796122', 'tt4126568', 'tt3732950', 'tt3899796', 'tt4094724', 'tt3487994', 'tt1596365', 'tt3201722', 'tt3705412', 'tt4464394', 'tt3099498', 'tt0905372']",261," I choose this movie because it received a high rating from me (8) and it aligns with my previous preferences for movies with a unique and intriguing plot. The idea of a centuries-long love story between two immortal beings set against the backdrop of a decaying world is intriguing to me. Additionally, the exploration of existential themes and the struggle to find meaning in a changing world adds depth to the story. Overall"
1053,tt2267968,240,"['6', '4', '8', '7', '9', '5', '9', '8', '3', '10', '6', '7']","['tt4464394', 'tt2458106', 'tt2802144', 'tt2027128', 'tt5607028', 'tt0825283', 'tt4116284', 'tt1232829', 'tt2808986', 'tt2267968', 'tt1937133', 'tt1496025']",19," I choose this movie because I have consistently enjoyed the previous installments of the Kung Fu Panda series and have rated them highly. The combination of humor, action, and heartwarming moments in these films has always entertained me. Additionally, the plot of ""Kung Fu Panda 3"" introduces new panda characters and promises an epic battle against a supernatural villain, which adds to my excitement and anticipation for the"
1054,tt5804038,489,"['6', '7', '8', '9', '10', '7', '8', '9', '8', '7', '9', '8']","['tt3270538', 'tt4393514', 'tt1605782', 'tt1091863', 'tt5804038', 'tt1999192', 'tt2125666', 'tt1223236', 'tt1559038', 'tt5359048', 'tt2014338', 'tt1714917']",42," I would choose this movie because it explores important themes of race, history, and social justice through the perspective of James Baldwin. As someone who values thought-provoking and impactful documentaries, this film seems like a compelling choice that can provide valuable insights and provoke meaningful discussions."
1055,tt1978532,114,"['7', '4', '8', '3', '6', '2']","['tt1978532', 'tt2429074', 'tt1234721', 'tt1349482', 'tt1837709', 'tt0089538']",386," I choose this movie because it received a rating of 7, which is the highest among the movies I have rated so far. Additionally, the plot description of three friends plotting to find a wife for their socially inappropriate friend sounds intriguing and promises potential for comedic moments."
1056,tt2278388,437,"['8', '6', '7', '5', '9', '8', '10', '6', '9', '7', '6', '4', '8', '7', '9', '5', '9', '10']","['tt4073952', 'tt1631867', 'tt2962876', 'tt2548208', 'tt4299972', 'tt2493486', 'tt2278388', 'tt1978532', 'tt0816692', 'tt2429074', 'tt1234721', 'tt0089538', 'tt1837709', 'tt2172934', 'tt1677561', 'tt1349482', 'tt2404425', 'tt0114709']",351," This movie received a rating of 10, indicating that the user highly enjoyed it. Additionally, the user has shown a preference for movies with intriguing plots, unique storytelling, and strong character development. ""The Grand Budapest Hotel"" offers all of these elements, with its whimsical and visually stunning narrative, compelling characters, and a blend of humor and drama. The user would"
1057,tt1748122,526,"['6', '4', '3', '2', '7', '5', '8', '9', '7', '6']","['tt1441952', 'tt1243974', 'tt1540128', 'tt4465564', 'tt1748122', 'tt1710417', 'tt1067774', 'tt2209418', 'tt2870808', 'tt2073520']",519," I choose this movie because it has a rating of 7, which is one of the highest ratings among the movies I have viewed. Additionally, the plot description of two young individuals falling in love and the town being turned upside down intrigues me. I am curious to see how the story unfolds and how the characters navigate their unique situation."
1058,tt2883512,518,"['6', '4', '8', '9', '7', '5', '7', '8', '6', '7']","['tt5368354', 'tt3553442', 'tt1588173', 'tt2883512', 'tt1478964', 'tt1462769', 'tt2756032', 'tt2065968', 'tt1666801', 'tt1924273']",15," I choose this movie because it received a high rating of 9 from me and it aligns with my previous preferences. I enjoy movies that explore personal growth, rediscovering passion, and the importance of family. The plot of ""Chef"" resonates with me as it follows a talented chef who faces career setbacks but finds a new sense of purpose and connection with his family through a food truck journey. I am drawn to the themes"
1059,tt4547056,84,"['4', '2', '3', '5', '4', '3', '2', '3', '4', '5']","['tt4126568', 'tt1865393', 'tt2134170', 'tt2025690', 'tt3480796', 'tt5254868', 'tt3181822', 'tt3732950', 'tt4471456', 'tt4547056']",580," I choose this movie because it offers a unique and intriguing take on the dystopian genre. The plot revolves around a young girl named Melanie who is both a hybrid and a potential savior for humanity. I am interested in exploring the moral dilemmas and complexities presented in the film, as well as witnessing Melanie's journey of self-discovery."
1060,tt1935859,243,"['8', '6', '9', '7', '9', '5', '8', '7', '6', '4', '7', '9', '5', '8']","['tt1935859', 'tt1854564', 'tt1865505', 'tt3564794', 'tt2576852', 'tt0990407', 'tt1839492', 'tt1837709', 'tt0829150', 'tt1071875', 'tt2381991', 'tt5607028', 'tt0816462', 'tt0770828']",313," I choose this movie because it received a rating of 8, which is one of the highest ratings among the movies I have viewed so far. Additionally, the plot description of the movie intrigues me as it involves mystery, different worlds, and magical powers. I am interested in exploring the story of Jacob and his journey to Miss Peregrine's Home for Peculiar Children."
1061,tt1430607,260,"['6', '8', '3', '7', '1', '4', '9', '10', '5', '2']","['tt1397514', 'tt2883512', 'tt4877122', 'tt1462769', 'tt4009460', 'tt4126340', 'tt1924273', 'tt1430607', 'tt1666801', 'tt2828996']",532," I choose this movie because it has a rating of 10, which indicates that it is highly acclaimed. Additionally, the plot of the movie intrigues me as it offers a unique and imaginative explanation for how Santa Claus delivers presents on Christmas Eve. I am also drawn to the aspect of family and the unlikely hero, Arthur, who has an important mission to complete. Overall, the combination of a high rating, interesting plot,"
1062,tt1397514,103,"['6', '7', '4', '8', '9', '7', '8', '5', '9', '6', '7']","['tt1428538', 'tt1618442', 'tt1397514', 'tt3247714', 'tt5607028', 'tt2267968', 'tt1232829', 'tt4464394', 'tt2347134', 'tt0803096', 'tt1496025']",305," I choose this movie because it combines adventure, mystery, and family dynamics, which are all elements that I enjoy in a movie. Additionally, the plot seems intriguing with the characters embarking on a mission to find a legendary island."
1063,tt1201607,386,"['7', '6', '4', '8', '9', '7', '10', '5', '6', '8']","['tt1302011', 'tt1192628', 'tt1840309', 'tt1509767', 'tt5607028', 'tt3922818', 'tt1201607', 'tt1815862', 'tt0401729', 'tt1355638']",247," I choose this movie because it has the highest rating among the movies I have viewed so far, with a rating of 10. Additionally, I have been a fan of the Harry Potter series and have enjoyed the previous movies. I am excited to see the conclusion of the story and witness the epic battle between Harry and Voldemort."
1064,tt1596365,106,"['6', '4', '8', '7', '9', '5', '7', '6', '8', '3', '9']","['tt4796122', 'tt2828996', 'tt1596365', 'tt4094724', 'tt1441395', 'tt3067274', 'tt2581244', 'tt2140423', 'tt0816711', 'tt3899796', 'tt0905372']",240," I select this movie because I have a preference for horror movies, and based on my previous ratings, it seems to align with my taste. Additionally, the plot of a haunted house and vengeful ghost intrigues me, and I am curious to see how the story unfolds."
1065,tt3270538,446,"['7', '4', '6', '8', '9']","['tt1650062', 'tt2304915', 'tt1937118', 'tt1499658', 'tt3270538']",127,""" I choose this movie because it addresses a topic that I find very important and relevant - the concentration of wealth and power in the hands of a select few. The plot description suggests that it provides a comprehensive analysis of the issue, featuring interviews with Noam Chomsky. As someone who values social and economic justice, this movie seems like a thought-provoking and insightful choice."
1066,tt2576852,197,"['6', '4', '5', '7', '3', '8', '4', '9', '7', '9', '6']","['tt1691917', 'tt5480340', 'tt1402488', 'tt1623288', 'tt4877122', 'tt2576852', 'tt3416828', 'tt3262342', 'tt2293640', 'tt1690953', 'tt2865120']",605," I choose this movie because it has the highest rating among the movies I have viewed so far, and it has an intriguing plot about a princess found in a bamboo and her journey through life. I am interested in exploring the themes of identity, love, and the choices we make in life. The unique art style of the film, which is inspired by traditional Japanese paintings, also adds to my curiosity and desire"
1067,tt0816692,341,"['6', '7', '4', '8', '5', '7', '9', '10', '8', '6', '9']","['tt2493486', 'tt1677561', 'tt2429074', 'tt2962876', 'tt1349482', 'tt1978532', 'tt4073952', 'tt1837709', 'tt2404425', 'tt1234721', 'tt0816692']",315," The plot of exploring new worlds and the concept of interstellar travel intrigue me, and I am drawn to movies that explore the possibilities of the future. Additionally, the positive reviews and critical acclaim for ""Interstellar"" make it a promising choice for an engaging and thought-prov"
1068,tt1840309,101,"['6', '3', '7', '8', '9', '7', '5', '8', '9', '4', '9', '6', '5', '7', '3']","['tt1509767', 'tt2404233', 'tt1840309', 'tt0401729', 'tt3922818', 'tt2017561', 'tt2381991', 'tt1355638', 'tt5607028', 'tt1815862', 'tt1192628', 'tt3416828', 'tt5480340', 'tt1397514', 'tt2379386']",162," I choose this movie because it has a rating of 7, which is one of the highest among the movies I have rated. Additionally, I am intrigued by the futuristic dystopian setting and the concept of different factions representing different virtues. The idea of a protagonist who doesn't fit into any one group and the potential conflicts and challenges they face sound interesting and compelling to me."
1069,tt1829012,57,"['7', '6', '5', '3', '8', '4', '9', '2', '6', '7']","['tt4126568', 'tt5254868', 'tt2134170', 'tt1886493', 'tt2025690', 'tt3732950', 'tt1829012', 'tt3181822', 'tt3480796', 'tt3247714']",431,""" I choose this movie because I enjoy psychological thrillers and the plot of the film intrigues me. The rivalry between the manipulative boss and her protégée, escalating from stealing credit to murder, promises to provide a suspenseful and intense viewing experience."
1070,tt1748122,314,"['6', '4', '7', '8', '5', '9', '9', '7', '2', '6', '9']","['tt2073520', 'tt1067774', 'tt1710417', 'tt2053425', 'tt2870808', 'tt1748122', 'tt2209418', 'tt1473832', 'tt4465564', 'tt1540128', 'tt1441952']",138," I would choose this movie because it has a high rating of 9, which indicates that it is highly regarded by viewers. Additionally, the plot description of two young individuals falling in love and running away together in a whimsical setting appeals to my preference for romantic and adventurous stories. The idea of various factions of the town mobilizing to search for them adds an element of excitement and suspense. Overall, ""Moonrise"
1071,tt1397514,126,"['6', '4', '7', '2', '8', '9', '10', '5', '3', '7', '8', '9', '4', '10', '3', '6', '9']","['tt2546038', 'tt3553442', 'tt1715873', 'tt4009460', 'tt1666801', 'tt1478964', 'tt1430607', 'tt1462769', 'tt4877122', 'tt1397514', 'tt1924273', 'tt4651520', 'tt2828996', 'tt1588173', 'tt1935929', 'tt1650043', 'tt2883512']",415," I choose this movie because I enjoy adventure films and the plot of exploring a mysterious island sounds intriguing. Additionally, I have given it a rating of 7, which indicates that I believe it will be an enjoyable watch."
1072,tt1837709,403,"['7', '8', '6', '9', '7', '8', '4', '9', '5', '8']","['tt2404425', 'tt1677561', 'tt1978532', 'tt2429074', 'tt1234721', 'tt2493486', 'tt1349482', 'tt1837709', 'tt4073952', 'tt2962876']",444," I choose this movie because it has a rating of 9, which is the highest among the movies I have rated so far. Additionally, the plot description of ""Winter's Tale"" intrigues me with its blend of romance and fantasy elements. The idea of a love story set in a wintry New York City, with a touch of magic and the struggle against mortality, appeals to my preference for unique and captivating storytelling"
1073,tt2756032,212,"['6', '4', '3', '7', '5', '8', '2', '9', '1', '10', '10', '7', '9', '6', '3', '8', '5']","['tt1430607', 'tt1462769', 'tt2546038', 'tt2065968', 'tt1650043', 'tt1397514', 'tt2828996', 'tt1924273', 'tt4009460', 'tt1588173', 'tt2883512', 'tt3553442', 'tt1478964', 'tt1666801', 'tt4877122', 'tt2756032', 'tt5368354']",240," I choose this movie because it has a rating of 8, which is one of the highest ratings among the movies I have viewed. Additionally, the plot intrigues me with its promise of a troubled couple facing bizarre circumstances during their getaway. I am curious to see how these circumstances will further complicate their situation and what twists and turns the story will take."
1074,tt0816692,545,"['7', '6', '8', '9', '7', '5', '10', '4', '9', '6', '10', '10\n\nReason: I would like to watch ""Interstellar"" because I have always been fascinated by space exploration and the concept of interstellar travel. The idea of humanity searching for a new habitable planet and the challenges they face during their journey is intriguing to me. Additionally, the film has received critical acclaim for its stunning visuals and thought-provoking storyline, which further piques my interest. Overall, ""Interstellar"" combines my interest in space with a compelling narrative, making it the perfect', '7', '6', '9\n\nReason: I would like to watch ""Woman in Gold"" because it tells a compelling and important story about seeking justice and reclaiming what was stolen during a dark period in history. The film explores the impact of Nazi art theft and the emotional journey of Maria Altmann as she fights to regain her family\'s precious painting. The historical significance, combined with the powerful performances of the cast, particularly Helen Mirren, make ""Woman in Gold"" a film that I am eager to watch.', '8', '10\n\nReason: I would like to watch ""The Grand Budapest Hotel"" because it is a visually stunning and whimsical film set in a charming and eccentric hotel. The story promises to be filled with adventure, mystery, and colorful characters. Additionally, the film boasts a stellar cast, including Ralph Fiennes, who I admire as an actor. The combination of Wes Anderson\'s unique directorial style and the intriguing plot make ""The Grand Budapest Hotel"" a highly anticipated movie for me.', '7']","['tt1978532', 'tt1677561', 'tt1234721', 'tt2962876', 'tt2493486', 'tt2429074', 'tt0114709', 'tt1349482', 'tt1837709', 'tt2548208', 'tt1631867', 'tt0816692', 'tt4299972', 'tt2172934', 'tt2404425', 'tt4324274', 'tt2278388', 'tt4073952']",58," The film's storyline, which involves humanity searching for a new habitable planet, intrigues me. Additionally, ""Interstellar"" has received critical acclaim for its stunning visuals and thought-provoking narrative. The combination of my interest in space and the film's compelling storyline makes ""Interstellar"" the movie I would choose to watch."
1075,tt4299972,250,"['6', '4', '7', '9', '8', '10', '5', '7', '8', '6', '3', '9', '9']","['tt4073952', 'tt2429074', 'tt1234721', 'tt4299972', 'tt0816692', 'tt0114709', 'tt1837709', 'tt2493486', 'tt2962876', 'tt1978532', 'tt1349482', 'tt2404425', 'tt1677561']",367, I choose this movie because it received a high rating of 9 from me and it aligns with my previous preferences for documentaries and true crime stories. I am intrigued by the story of Robert Durst and the extensive research and evidence presented in the documentary. The in-depth interviews and uncovering of hidden documents make it a compelling and gripping watch.
1076,tt2042568,435,"['6', '7', '5', '8', '4', '9', '10', '7', '3', '8']","['tt1243974', 'tt4193394', 'tt1462769', 'tt5555502', 'tt3832914', 'tt2042568', 'tt2347134', 'tt2094064', 'tt5129510', 'tt2756032']",491," I choose this movie because it received a high rating of 9 from me, indicating that I found it to be an exceptional film. I was intrigued by the plot description of following a week in the life of a young folk singer navigating the Greenwich Village folk scene in 1961. As a fan of music and period dramas, I believe this movie will provide a unique and captivating story set in a specific time and place."
1077,tt1397514,176,"['6', '7', '8', '9', '4', '7', '5', '6', '7', '8', '9', '6']","['tt5480340', 'tt2065968', 'tt1302011', 'tt5607028', 'tt1815862', 'tt2017561', 'tt1429433', 'tt0401729', 'tt1397514', 'tt1840309', 'tt1509767', 'tt1698647']",153," I choose this movie because I enjoyed the previous installment, ""Journey to the Center of the Earth"", and I am intrigued by the idea of exploring a mysterious island. The adventure and the quest to find Sean's grandfather add an exciting element to the story. Additionally, the presence of Dwayne ""The Rock"" Johnson in the cast adds to the appeal of the movie."
1078,tt2347134,3,"['4', '6', '8', '7', '5', '6', '9', '7', '8', '6']","['tt2172934', 'tt2679042', 'tt2347134', 'tt1829012', 'tt4651410', 'tt4442130', 'tt1499658', 'tt2167202', 'tt2140423', 'tt2134170']",255," I choose this movie because I am intrigued by the concept of reinterpreting Clint Eastwood's Oscar-winning film as a Japanese period film. The plot of a former assassin forced to break his promise and take up the sword once more in the late 1800s intrigues me. Additionally, the presence of Ken Watanabe as the lead actor adds to my interest in watching this movie."
1079,tt3262342,442,"['7', '8', '6', '5', '7', '9', '8', '6', '8', '9', '10', '7']","['tt3521164', 'tt2380307', 'tt2065968', 'tt5184298', 'tt1402488', 'tt1623288', 'tt1430626', 'tt1691917', 'tt2293640', 'tt1690953', 'tt3262342', 'tt5480340']",463," The movie explores the life and art of Vincent van Gogh in a unique and visually stunning way, as it is entirely animated using oil paintings in the style of van Gogh himself. The intriguing plot and the portrayal of van Gogh's troubled life make it a compelling and thought-provoking film. I am particularly interested in"
1080,tt1631867,378,"['7', '6', '8', '9', '8', '9', '7', '6', '8', '5', '7']","['tt1298554', 'tt4788944', 'tt1698647', 'tt1825683', 'tt3778644', 'tt1631867', 'tt2660888', 'tt1620680', 'tt4547056', 'tt2808986', 'tt2231461']",423," I choose this movie because I enjoy science fiction and action films, and the concept of a time loop and the protagonist gradually improving their skills intrigues me. Additionally, the presence of Emily Blunt as a strong female character adds to my interest in the movie."
1081,tt4912910,391,"['7', '6', '8', '4', '9', '10', '9', '7', '5', '10', '8', '9']","['tt1428538', 'tt1854564', 'tt2172934', 'tt2382009', 'tt3247714', 'tt1196948', 'tt2962876', 'tt1509767', 'tt1666801', 'tt4912910', 'tt1588173', 'tt2025690']",415," Additionally, I am a fan of action-packed movies and the ""Mission: Impossible"" franchise. The plot of the movie, involving a high-stakes mission and the race against time to prevent a catastrophic event, appeals to my preference for thrilling and suspenseful narratives."
1082,tt3262342,165,"['8', '6', '7', '9', '5', '4', '8', '7', '9', '6']","['tt3402236', 'tt6768578', 'tt2295196', 'tt2053463', 'tt1937133', 'tt2735292', 'tt1499658', 'tt2808986', 'tt3262342', 'tt2379713']",245," Additionally, the plot of ""Loving Vincent"" intrigues me as it explores the life and mysterious death of Vincent van Gogh through the perspective of a postman delivering his final letter. The unique animation style, which consists of hand-painted frames in the style of van Gogh's paintings, adds to the visual"
1083,tt1837709,285,"['6', '4', '7', '5', '3', '8', '6', '9', '7']","['tt1677561', 'tt1978532', 'tt1837709', 'tt2429074', 'tt1349482', 'tt2404425', 'tt1234721', 'tt2962876', 'tt4073952']",330," I choose this movie because it received a rating of 7, which is higher than the other movies I have rated so far. Additionally, the plot description of a love story set in a magical and imaginative version of New York City intrigues me. I am drawn to the idea of uncovering mysteries and exploring the shades of gray in the story."
1084,tt1588173,318,"['8', '6', '9', '7', '4', '2', '5', '3', '1', '10']","['tt3553442', 'tt1397514', 'tt1478964', 'tt2883512', 'tt2546038', 'tt2828996', 'tt1666801', 'tt1935929', 'tt1798603', 'tt1588173']",136," Additionally, the plot of ""Warm Bodies"" appeals to me as it combines elements of romance, comedy, and a unique twist on the zombie genre. The idea of a zombie regaining his humanity and forming a warm relationship with a human is intriguing and offers a fresh perspective."
1085,tt2802144,353,"['6', '4', '7', '8', '9', '7', '5', '6', '8', '9']","['tt2267968', 'tt1428538', 'tt0803096', 'tt2802144', 'tt4116284', 'tt1232829', 'tt1496025', 'tt1502404', 'tt1618442', 'tt4853102']",402," I choose this movie because I have previously rated it with an 8, which is one of my highest ratings. I enjoyed the action-packed plot, the charismatic characters, and the unique blend of humor and espionage. The movie offers a fresh take on the spy genre and has received positive reviews for its stylish visuals and entertaining storyline. Overall, I am excited to watch ""Kingsman: The Secret Service"
1086,tt2883512,325,"['7', '6', '8', '9', '4', '5', '7', '9', '3', '2', '10', '9', '8', '7']","['tt2546038', 'tt1397514', 'tt1666801', 'tt2756032', 'tt4877122', 'tt5368354', 'tt1924273', 'tt1588173', 'tt2828996', 'tt1935929', 'tt2883512', 'tt1462769', 'tt1478964', 'tt3553442']",152," Additionally, the plot of ""Chef"" resonated with me as it tells the story of a chef rediscovering his passion for cooking and finding a deeper connection with his family. As someone who appreciates good food and values family relationships, this movie appeals to my personal preferences and interests."
1087,tt2576852,293,"['8', '6', '7', '9', '4', '5', '3', '8', '9', '6', '7', '9', '8', '6', '9', '7', '8', '9', '8', '7', '6', '9', '5']","['tt1865505', 'tt1839492', 'tt1462769', 'tt2338151', 'tt1071875', 'tt1854564', 'tt2735292', 'tt1667353', 'tt2061702', 'tt2404233', 'tt0829150', 'tt1935859', 'tt1837709', 'tt0990407', 'tt5607028', 'tt1496025', 'tt3564794', 'tt2576852', 'tt0800369', 'tt3731562', 'tt2381991', 'tt0770828', 'tt2379386']",361," I rated it with a 9, making it the highest-rated movie among the options. I choose this movie because it offers a unique and enchanting story, rooted in Japanese folklore and beautifully animated. The tale of a princess found in a bamboo and her journey through life is a captivating and emotional experience. The film's artistic style and profound themes make it a compelling"
1088,tt1840309,355,"['7', '6', '4', '9', '8', '5', '7', '9', '6', '7', '8']","['tt1698647', 'tt5480340', 'tt2381991', 'tt1825683', 'tt1302011', 'tt1397514', 'tt0401729', 'tt3922818', 'tt2017561', 'tt1355638', 'tt1840309']",446," I choose this movie because I have previously rated it with an 8, indicating that I found it to be a highly enjoyable and engaging film. Additionally, the plot description intrigues me with its futuristic dystopian setting and the concept of individuals who do not fit into a specific faction. I am curious to see how the protagonist, Tris, navigates her unique situation and the conflicts that arise within"
1089,tt1430607,358,"['7', '3', '8', '6', '4', '5', '2', '9', '7', '6', '8', '9', '3', '10', '6', '4', '9', '8']","['tt2546038', 'tt4877122', 'tt2883512', 'tt2065968', 'tt1666801', 'tt1397514', 'tt4009460', 'tt1462769', 'tt2756032', 'tt5368354', 'tt1924273', 'tt1588173', 'tt1935929', 'tt1430607', 'tt1650043', 'tt4126340', 'tt3553442', 'tt1478964']",317," Additionally, the plot of the movie is intriguing as it reveals the behind-the-scenes operations of Santa's delivery of presents and focuses on a heartwarming story about family and an unlikely hero. The combination of a high rating and an interesting plot makes ""Arthur Christmas"" the movie I would like to watch."
1090,tt1234721,76,"['5', '2', '3', '4', '7', '6', '8', '9', '10', '8']","['tt0089538', 'tt1349482', 'tt2429074', 'tt4073952', 'tt1837709', 'tt2493486', 'tt2548208', 'tt1978532', 'tt2172934', 'tt1234721']",472," 

I choose this movie because it combines elements of action, science fiction, and a thought-provoking storyline. The concept of a man becoming part-robot and the ethical implications surrounding it intrigue me. Additionally, the idea of a protagonist fighting against corruption and seeking justice resonates with me. Overall, ""RoboCop"" seems like an engaging and thrilling movie that I would enjoy"
1091,tt1588173,1,"['8', '3', '9', '1', '7', '6', '4', '10', '5', '2', '3']","['tt1397514', 'tt4877122', 'tt1430607', 'tt4009460', 'tt3553442', 'tt1478964', 'tt2546038', 'tt1588173', 'tt1666801', 'tt1935929', 'tt2828996']",386," I choose this movie because it received a rating of 10, indicating that it was highly enjoyed by the user. Additionally, the plot description of a zombie regaining his humanity and forming a warm relationship with a human sounds intriguing and unique."
1092,tt1345836,116,"['2', '3', '4', '3', '4', '5', '2', '5', '4', '5']","['tt2735292', 'tt1937133', 'tt3402236', 'tt2295196', 'tt1770734', 'tt1855199', 'tt2808986', 'tt2379713', 'tt3262342', 'tt1345836']",123," 

I choose this movie because I have consistently rated movies in the action and thriller genres higher, such as ""Fight Club"" and ""Inception."" ""The Dark Knight Rises"" is a highly acclaimed superhero film with intense action sequences and a gripping storyline. Additionally, I have enjoyed the previous movies in the Batman trilogy, which increases my interest in this film. The combination of the engaging plot, strong performances, and my"
1093,tt2025690,244,"['6', '7', '8', '5', '9', '4', '9', '8', '7', '9', '8', '7']","['tt3210686', 'tt3231054', 'tt2347134', 'tt2528814', 'tt1430607', 'tt5368354', 'tt1462769', 'tt2756032', 'tt0479997', 'tt2025690', 'tt2042568', 'tt5555502']",540," I choose this movie because it tells a gripping and inspiring true story of courage and determination. The plot of rescuing stranded sailors in treacherous conditions is both thrilling and heartwarming. Additionally, the historical setting adds depth to the story."
1094,tt2267968,166,"['6', '4', '3', '7', '8', '9', '5', '7', '6', '8', '5', '7', '9']","['tt1428538', 'tt0825283', 'tt2458106', 'tt2027128', 'tt4116284', 'tt1618442', 'tt2808986', 'tt1502404', 'tt1496025', 'tt1232829', 'tt1937133', 'tt0803096', 'tt2267968']",378," I choose this movie because I have always enjoyed the Kung Fu Panda series and the previous movies have been highly entertaining. The combination of humor, action, and heartwarming moments in the previous films has made them enjoyable to watch. Additionally, the idea of Po learning to train a village full of pandas sounds like a fun and exciting adventure."
1095,tt2802144,337,"['6', '7', '8', '5', '4', '7', '6', '9', '8', '9']","['tt0803096', 'tt1232829', 'tt4116284', 'tt1428538', 'tt1502404', 'tt1496025', 'tt1618442', 'tt4853102', 'tt2267968', 'tt2802144']",297," I choose this movie because it combines action, humor, and a unique twist on the spy genre. The story is engaging, the characters are well-developed, and the action sequences are thrilling. Additionally, the film has received positive reviews and has a strong cast, including Colin Firth and Taron Egerton. Overall, ""Kingsman: The Secret Service"" offers an entertaining and enjoyable movie"
1096,tt3262342,392,"['8', '7', '6', '9', '5', '4', '10', '9', '3', '2']","['tt2380307', 'tt1623288', 'tt1690953', 'tt3262342', 'tt5184298', 'tt5480340', 'tt2065968', 'tt3521164', 'tt1402488', 'tt1691917']",266," I rate it 9 out of 10. I am particularly drawn to this movie because it offers a unique and visually stunning artistic experience. The film explores the life and mysterious death of Vincent van Gogh, delving into his psyche and the truth behind his art. As someone who appreciates art and enjoys delving into the complexities of artists' lives, ""Loving Vincent"" intrigues me. The hand"
1097,tt2125666,521,"['8', '6', '7', '9', '8', '7', '9']","['tt3270538', 'tt1605782', 'tt1223236', 'tt1714917', 'tt2304915', 'tt1417592', 'tt2125666']",174," I choose this movie because it explores the consequences of the economic crisis and the downfall of a wealthy family. As someone who values social and economic awareness, I am interested in understanding the impact of the sub-prime mortgage collapse and how it affected individuals and their extravagant lifestyles. Additionally, the film offers a critical examination of materialism and superficial values, which aligns with my personal interests in exploring the complexities of wealth and"
1098,tt3402236,288,"['6', '7', '4', '8', '5', '6', '9', '7', '8', '3', '9', '10']","['tt1829012', 'tt4442130', 'tt4651410', 'tt1855199', 'tt2167202', 'tt2679042', 'tt2140423', 'tt1937133', 'tt2053463', 'tt2808986', 'tt2172934', 'tt3402236']",99," I choose this movie because I am a fan of mystery and detective stories, and the plot of this movie intrigues me. The idea of solving a murder mystery on a train with a renowned detective like Hercule Poirot sounds captivating. Additionally, the high rating of 10 that I gave it indicates that it is likely to be a well-crafted and engaging film."
1099,tt5607028,60,"['7', '6', '4', '8', '9', '3', '5', '6', '10', '7', '9']","['tt1397514', 'tt3416828', 'tt2404233', 'tt1192628', 'tt3922818', 'tt2379386', 'tt2381991', 'tt3480796', 'tt5607028', 'tt1815862', 'tt1509767']",351," I choose this movie because I am a fan of the anime series it is based on. I am intrigued by the concept of alchemy and the journey of the Elric brothers to find the philosopher's stone to restore their bodies. The story is filled with action, adventure, and deep philosophical themes, which I find captivating. Additionally, the animation and visual effects in the movie are stunning. Overall, I am excited"
1100,tt3553442,390,"['6', '7', '8', '5', '2', '9', '8', '1', '9', '7', '3']","['tt1397514', 'tt2883512', 'tt1430607', 'tt1650043', 'tt4126340', 'tt3553442', 'tt1478964', 'tt4009460', 'tt1588173', 'tt1666801', 'tt1935929']",161," I choose this movie because it received a high rating of 9, indicating that it is likely to be a well-made and enjoyable film. Additionally, the plot description of a news copywriter navigating the challenges of reporting in war-torn Afghanistan sounds intriguing and offers the potential for a unique and thought-provoking story."
1101,tt2883512,126,"['6', '4', '7', '1', '8', '9', '10', '7', '3', '5', '9', '8', '2', '9', '3', '6', '10']","['tt2546038', 'tt3553442', 'tt1715873', 'tt4009460', 'tt1666801', 'tt1478964', 'tt1430607', 'tt1462769', 'tt4877122', 'tt1397514', 'tt1924273', 'tt4651520', 'tt2828996', 'tt1588173', 'tt1935929', 'tt1650043', 'tt2883512']",158," Additionally, the plot of the movie intrigues me as it revolves around a chef rediscovering his passion for cooking and finding a deeper connection with his life and family. This theme of self-discovery and personal growth resonates with me, making ""Chef"" the movie I would choose to watch."
1102,tt1462769,309,"['7', '6', '8', '9', '7', '5', '8', '6', '7', '9', '8', '9', '6']","['tt2065968', 'tt2883512', 'tt1924273', 'tt4651520', 'tt3553442', 'tt1650043', 'tt2756032', 'tt5368354', 'tt1666801', 'tt1462769', 'tt1588173', 'tt1478964', 'tt2546038']",318," Additionally, the plot of the movie intrigues me as it explores the themes of parenthood and the unexpected ways in which a child can come into someone's life. I am interested in seeing how the characters navigate their journey of raising Timothy and how they learn from him."
1103,tt5607028,60,"['7', '6', '4', '8', '9', '3', '5', '6', '10', '7', '9']","['tt1397514', 'tt3416828', 'tt2404233', 'tt1192628', 'tt3922818', 'tt2379386', 'tt2381991', 'tt3480796', 'tt5607028', 'tt1815862', 'tt1509767']",184," I choose this movie because I am a fan of the anime series and the plot of the movie seems intriguing. The concept of alchemy and the quest for the philosopher's stone to restore the main characters' bodies is a captivating storyline. Additionally, the themes of sacrifice, redemption, and the exploration of the consequences of forbidden actions make it an engaging choice."
1104,tt2576852,214,"['8', '6', '4', '7', '9', '3', '10', '8', '9', '5', '9']","['tt2380307', 'tt2293640', 'tt3416828', 'tt2452042', 'tt1302011', 'tt4877122', 'tt2576852', 'tt1430607', 'tt3521164', 'tt1615918', 'tt1623288']",589," I choose this movie because it has received a rating of 10, which indicates that it is highly regarded. Additionally, I am intrigued by the unique plot of an old man finding a princess in a bamboo and the subsequent challenges she faces. The story seems to offer a blend of fantasy and cultural elements, which I find appealing."
1105,tt1430607,125,"['1', '3', '2', '4', '1', '5', '1', '2', '3', '4', '5', '3', '4', '5']","['tt4877122', 'tt1650043', 'tt1666801', 'tt4651520', 'tt4009460', 'tt1430607', 'tt2828996', 'tt1935929', 'tt3553442', 'tt1715873', 'tt2883512', 'tt1397514', 'tt2546038', 'tt1478964']",514," I choose this movie because it has the highest rating among the movies I have viewed so far and it also aligns with my preference for animated films. Additionally, the plot of ""Arthur Christmas"" about the secret operation of delivering presents on Christmas night sounds intriguing and I am curious to see how the story unfolds."
1106,tt1441395,21,"['6', '4', '7', '3', '8', '5', '4', '2', '9', '10']","['tt4094724', 'tt3067274', 'tt1596365', 'tt2828996', 'tt2581244', 'tt2140423', 'tt4796122', 'tt3899796', 'tt0905372', 'tt1441395']",174, The plot description intrigues me as it explores the concept of an alien entity experiencing a transformation and discovering their own humanity. I am drawn to the idea of a thought-provoking and potentially unsettling film that delves into existential themes.
1107,tt2347134,3,"['8', '6', '7', '4', '9', '5', '7', '6', '9', '7']","['tt2172934', 'tt1829012', 'tt4442130', 'tt4651410', 'tt2347134', 'tt2167202', 'tt2679042', 'tt2134170', 'tt1499658', 'tt2140423']",532," I choose this movie because it is a reinterpretation of a classic Western film set in a different cultural context. The plot seems intriguing, with a former assassin being forced to break his promise and take up the sword again to protect the local populace. The combination of historical setting, action, and moral dilemmas makes it a compelling choice for me."
1108,tt2065968,335,"['4', '5', '3', '7', '8', '6', '6', '9', '5', '9', '7', '10', '8']","['tt2828996', 'tt1588173', 'tt1650043', 'tt3553442', 'tt1462769', 'tt1924273', 'tt1715873', 'tt2546038', 'tt5368354', 'tt2065968', 'tt4651520', 'tt1430607', 'tt1478964']",351," I choose this movie because I have always been a fan of the ""How to Train Your Dragon"" series and this movie is a continuation of that story. I am curious to see how Hiccup and Toothless navigate their way through the dragons' secret and find a solution to bring them back home. Additionally, the holiday theme adds a touch of warmth and excitement to the story."
1109,tt5254868,17,"['1', '3', '2', '4', '2', '3']","['tt4009460', 'tt3832914', 'tt2345759', 'tt5254868', 'tt1600195', 'tt2528814']",162,""" I choose this movie because it has a higher rating compared to the others I have viewed, and the plot seems intriguing with its dystopian setting and the idea of a hidden conspiracy."
1110,tt1192628,60,"['8', '6', '7', '9', '10', '4', '6', '7', '9', '5', '8']","['tt1397514', 'tt3416828', 'tt2404233', 'tt1192628', 'tt3922818', 'tt2379386', 'tt2381991', 'tt3480796', 'tt5607028', 'tt1815862', 'tt1509767']",147," I choose this movie because it has a rating of 9, which indicates that it is highly enjoyable. Additionally, the plot of Rango, where a chameleon becomes a sheriff and takes on the case of a missing water supply in a western town, sounds unique and intriguing. I am drawn to the combination of adventure, humor, and the opportunity to see a chameleon as the protagonist."
1111,tt1631867,315,"['8', '7', '9', '6', '8', '9', '7', '4', '7', '10', '9', '8']","['tt1698647', 'tt3778644', 'tt1825683', 'tt2231461', 'tt1298554', 'tt4547056', 'tt3896198', 'tt2808986', 'tt4788944', 'tt1631867', 'tt2660888', 'tt1446714']",302," I choose this movie because it has a rating of 10, which indicates that it is highly regarded. Additionally, the plot of a time loop and the protagonist's increasing skills in battle make it intriguing and unique. The combination of action, science fiction, and the performances of Tom Cruise and Emily Blunt make it a compelling choice."
1112,tt1430607,454,"['7', '6', '8', '9', '5', '4', '7', '8', '2', '9', '8', '7', '6']","['tt1623288', 'tt1430626', 'tt2380307', 'tt3521164', 'tt1691917', 'tt2865120', 'tt2576852', 'tt1690953', 'tt4877122', 'tt1430607', 'tt2293640', 'tt2452042', 'tt3416828']",341," I choose this movie because it has received a high rating of 9, indicating that it is highly enjoyable and well-received. Additionally, the plot of the movie, which revolves around a family's comic dysfunction and the mission of the unlikely hero Arthur, sounds intriguing and heartwarming. I am interested in watching a movie that combines comedy and a heartwarming story, making """
1113,tt1234721,70,"['4', '2', '3', '5', '3']","['tt0089538', 'tt1349482', 'tt1978532', 'tt1234721', 'tt2429074']",153," I choose this movie because I am interested in science fiction and action films. The plot of a part-man, part-robot police officer fighting for justice in a dystopian future appeals to me. Additionally, the idea of exploring the ethical implications of advanced technology and its impact on society intrigues me."
1114,tt1924273,308,"['6', '7', '5', '8', '7', '6', '9', '10', '8', '7', '4']","['tt3553442', 'tt1478964', 'tt1666801', 'tt2065968', 'tt1924273', 'tt1650043', 'tt2756032', 'tt1588173', 'tt2883512', 'tt1462769', 'tt5368354']",447," I choose this movie because I enjoy supernatural themes and the combination of ""The Sixth Sense"" and ""The Breakfast Club"" sounds intriguing. The plot of a teacher who sees dead people working at a haunted high school adds an interesting twist to the story."
1115,tt1631867,268,"['6', '7', '4', '8', '5', '6', '3']","['tt1978532', 'tt0114709', 'tt4299972', 'tt1631867', 'tt1349482', 'tt2429074', 'tt0089538']",521," I choose this movie because it has the highest rating among the movies I have viewed so far (8). Additionally, the plot of ""Edge of Tomorrow"" intrigues me as it combines elements of science fiction, action, and time loops. The idea of a character improving their combat skills with each repeated encounter is appealing and I am interested to see how the protagonist and his partner work together to defeat the enemy."
1116,tt1618442,256,"['7', '4', '6', '3', '8', '9', '5', '7', '8', '6', '9', '8', '7', '9', '8', '10', '7', '6', '7']","['tt1502404', 'tt2808986', 'tt0803096', 'tt4464394', 'tt1937133', 'tt5607028', 'tt1496025', 'tt2267968', 'tt3247714', 'tt1397514', 'tt4853102', 'tt2027128', 'tt0825283', 'tt2347134', 'tt4116284', 'tt2802144', 'tt1232829', 'tt1428538', 'tt1618442']",323," The plot of a lone warrior battling witches throughout history and seeking revenge against a resurrected Queen Witch sounds intriguing and exciting. Additionally, the concept of immortality and the protagonist's longing for his lost loved ones adds an emotional depth to the story."
1117,tt5362988,487,"['7', '8', '6', '5', '7', '4', '9', '6', '10', '8', '7', '9', '8', '9', '5']","['tt5254868', 'tt4912910', 'tt3247714', 'tt2059171', 'tt3480796', 'tt3732950', 'tt2911666', 'tt1829012', 'tt5362988', 'tt1600196', 'tt3973198', 'tt2025690', 'tt0790724', 'tt3062096', 'tt4126568']",145," I choose this movie because it has received a rating of 10, which indicates that it is highly acclaimed. Additionally, the plot description of a murder mystery set in a remote and unforgiving environment intrigues me. I am drawn to the idea of unraveling the mystery alongside the characters and seeing justice served."
1118,tt2025690,447,"['8', '7', '4', '6', '9', '5', '8', '9', '7', '8', '6']","['tt2059171', 'tt1600196', 'tt4126568', 'tt3480796', 'tt4912910', 'tt2134170', 'tt2025690', 'tt5362988', 'tt0790724', 'tt3062096', 'tt1829012']",321," Additionally, I enjoy movies that involve mystery and justice, and ""Wind River"" appears to offer both elements."
1119,tt1825683,224,"['7', '6', '5', '2', '8', '9', '7', '4', '6', '10', '3']","['tt3922818', 'tt4547056', 'tt1698647', 'tt3899796', 'tt1397514', 'tt1446714', 'tt1620680', 'tt2231461', 'tt4788944', 'tt1825683', 'tt4831420']",337," I select this movie because it has a rating of 10, which indicates that it is highly regarded. Additionally, the plot of ""Black Panther"" is intriguing as it combines elements of superhero action, political intrigue, and cultural exploration. The movie also received critical acclaim for its groundbreaking representation and cultural significance. Overall, ""Black Panther"" seems like a compelling and entertaining choice to watch."
1120,tt0993842,313,"['8', '7', '6', '9', '7', '8', '9', '10', '8', '9']","['tt1957938', 'tt1670345', 'tt1600195', 'tt1216491', 'tt1658837', 'tt1974419', 'tt1401152', 'tt1682180', 'tt1650062', 'tt0993842']",227," The combination of action, suspense, and the exploration of humanity makes it a compelling choice for me."
1121,tt1441395,237,"['7', '6', '4', '8', '5', '2', '3', '6', '7', '4']","['tt1596365', 'tt4094724', 'tt0905372', 'tt1441395', 'tt3732950', 'tt3899796', 'tt3099498', 'tt4464394', 'tt4796122', 'tt2828996']",586," I rate it an 8, which is the highest rating among the movies I have viewed. I am intrigued by the unique premise of an alien entity inhabiting a human form and exploring themes of identity and self-discovery. The idea of the alien gradually realizing its own humanity and the consequences that follow sounds fascinating to me. I am drawn to movies that explore complex and thought-provoking concepts, and """
1122,tt1714915,188,"['1', '2', '3', '4', '5', '6']","['tt3201722', 'tt1441395', 'tt3067274', 'tt1714915', 'tt3705412', 'tt3487994']",291," I choose this movie because I have consistently rated movies with a darker and more mysterious theme higher. This movie combines romance, desolation, and a unique perspective on immortality, which intrigues me. The idea of two lovers enduring for centuries and navigating the collapse of the modern world is fascinating. I am drawn to the depth of the characters and the exploration of existential themes. Therefore, I am"
1123,tt0816692,545,"['7', '6', '8', '9', '7', '5', '10', '4', '9', '6', '10', '10', '8', '7', '9', '8', '10', '6']","['tt1978532', 'tt1677561', 'tt1234721', 'tt2962876', 'tt2493486', 'tt2429074', 'tt0114709', 'tt1349482', 'tt1837709', 'tt2548208', 'tt1631867', 'tt0816692', 'tt4299972', 'tt2172934', 'tt2404425', 'tt4324274', 'tt2278388', 'tt4073952']",482," I choose this movie because it combines elements of science fiction, adventure, and exploration, which are genres that I enjoy. Additionally, the plot of humanity's struggle for survival and the exploration of space captivate my imagination. The high rating of 10 that I gave to ""Interstellar"" reflects my enthusiasm for the film's compelling story, stunning visuals, and thought-provoking themes."
1124,tt1397514,103,"['9', '7', '6', '4', '8', '9', '7', '5', '10', '8', '3']","['tt2347134', 'tt2267968', 'tt1428538', 'tt1397514', 'tt0803096', 'tt1618442', 'tt3247714', 'tt1496025', 'tt5607028', 'tt1232829', 'tt4464394']",310," I choose this movie because I enjoy fantasy and action films, and the plot of this movie combines both elements. Additionally, I have previously rated it with a 6, which indicates that I found it moderately enjoyable."
1125,tt2278388,406,"['8', '7', '3', '9', '6', '4', '5', '10', '7', '6', '9', '2', '8', '9', '10\n\nReason for selection: I would like to watch ""The Grand Budapest Hotel"" because it offers a unique and captivating story set in a charming and visually stunning world. The film has received critical acclaim for its exceptional storytelling, brilliant performances, and distinctive visual style. As someone who appreciates artistry and enjoys films that transport me to different eras and places, ""The Grand Budapest Hotel"" seems like the perfect choice.', '7', '5', '8\n\nReason for selection: I would like to watch ""Winter\'s Tale"" because it presents a unique blend of romance, fantasy, and drama. The plot seems intriguing, with a mixture of magical elements and emotional depth. Additionally, the performances of the cast, including Colin Farrell and Jessica Brown Findlay, are highly praised. I am drawn to stories that explore the power of love and the human spirit, and ""Winter\'s Tale"" appears to offer a heartfelt and captivating experience.']","['tt2962876', 'tt1631867', 'tt0089538', 'tt1677561', 'tt2404425', 'tt1978532', 'tt2429074', 'tt0816692', 'tt1234721', 'tt2172934', 'tt0114709', 'tt1349482', 'tt4073952', 'tt4299972', 'tt2278388', 'tt2493486', 'tt2548208', 'tt1837709']",312," The film has received critical acclaim for its exceptional storytelling, brilliant performances, and distinctive visual style. As someone who appreciates artistry and enjoys films that transport me to different eras and places, ""The Grand Budapest Hotel"" seems like the perfect choice."
1126,tt2429074,113,"['6', '4', '7', '5', '8']","['tt0089538', 'tt1234721', 'tt1978532', 'tt1349482', 'tt2429074']",489,"B.F."" with the imdbID tt2429074. I choose this movie because it explores themes of friendship, acceptance, and identity. As someone who values genuine connections and appreciates movies that tackle important social issues, ""G.B.F."" seems like a compelling choice. Additionally, the high rating I gave to this movie indicates that it resonated with me and met my expectations."
1127,tt1216475,290,"['8', '6', '7', '5', '3', '9', '10', '2', '8', '9', '7']","['tt2474024', 'tt4324274', 'tt2134170', 'tt2679042', 'tt4592572', 'tt1216475', 'tt1691917', 'tt3210686', 'tt1473832', 'tt1690953', 'tt2180411']",116," Additionally, I have a preference for animated films and the plot of ""Cars 2"" seems intriguing with its combination of racing and international espionage."
1128,tt2042568,242,"['6', '7', '8', '9', '10', '7', '5', '8', '6', '4', '9', '3', '9', '5', '8']","['tt3210686', 'tt5555502', 'tt2347134', 'tt2025690', 'tt1430607', 'tt2053425', 'tt3231054', 'tt2756032', 'tt3832914', 'tt2140423', 'tt2094064', 'tt5129510', 'tt1091191', 'tt2528814', 'tt2042568']",129," I choose this movie because I have consistently rated movies with a strong storyline and compelling characters higher. ""Inside Llewyn Davis"" offers a unique and immersive experience into the Greenwich Village folk scene of 1961, following the struggles and journey of a young folk singer. The setting and time period intrigue me, and I appreciate the exploration of the challenges faced by the protagonist as he tries to establish himself as a"
1129,tt1600196,62,"['6', '4', '2', '8', '7', '9', '3', '5', '7', '8', '10']","['tt2134170', 'tt3732950', 'tt4126568', 'tt3247714', 'tt1886493', 'tt2025690', 'tt3181822', 'tt3480796', 'tt5254868', 'tt1829012', 'tt1600196']",88," I choose this movie because it has received a rating of 10, which indicates that it is highly recommended. Additionally, the plot description intrigues me as it involves a covert scheme, a robbery, and an investigation that delves into the neighborhood's past. I am drawn to movies with suspenseful and intricate storylines, and ""The Drop"" seems to fit the bill."
1130,tt0816692,382,"['7', '6', '8', '9', '7', '4', '10', '5', '3', '9', '8', '7', '9', '10', '6', '2', '7', '9']","['tt2548208', 'tt4324274', 'tt2493486', 'tt0114709', 'tt2172934', 'tt0089538', 'tt2278388', 'tt1234721', 'tt1978532', 'tt1677561', 'tt2962876', 'tt4299972', 'tt2404425', 'tt0816692', 'tt1837709', 'tt1349482', 'tt2429074', 'tt1631867']",448," I choose this movie because it received a rating of 10, which indicates that it is highly regarded. Additionally, I am intrigued by the plot involving interstellar travel and the exploration of new worlds to ensure the survival of humanity. The concept of a newly discovered wormhole and the challenges faced by the astronauts in their quest for a habitable planet captivate my imagination."
1131,tt1201607,208,"['6', '7', '5', '4', '8', '9', '7', '10', '3', '9', '8']","['tt1509767', 'tt1618442', 'tt1397514', 'tt1815862', 'tt5607028', 'tt1355638', 'tt3922818', 'tt1201607', 'tt2404233', 'tt1192628', 'tt1840309']",48," I choose this movie because I have always been a fan of the Harry Potter series and have watched all the previous movies. The final installment promises an epic conclusion to the story, with a thrilling battle between Harry and his friends against Voldemort. I am excited to see how the story unfolds and witness the ultimate showdown between good and evil."
1132,tt4126568,2,"['2', '7', '4', '6', '5', '8', '3', '9', '6', '7', '5']","['tt4831420', 'tt4348012', 'tt2274570', 'tt4464394', 'tt3732950', 'tt1727776', 'tt3899796', 'tt4126568', 'tt4796122', 'tt2140423', 'tt2828996']",443," I choose this movie because I enjoy thrilling and suspenseful films, and the plot of being trapped in the open water with man-eating sharks seems intense and exciting."
1133,tt2802144,131,"['7', '6', '4', '8', '5', '9', '7', '8', '6', '7', '9']","['tt5607028', 'tt3247714', 'tt4464394', 'tt2267968', 'tt1397514', 'tt4116284', 'tt2347134', 'tt2802144', 'tt1496025', 'tt1428538', 'tt2027128']",252," I choose this movie because it has a high rating of 8, which indicates that it is likely to be enjoyable. Additionally, the plot description of a secret organization and a young man's journey to become a spy sounds intriguing and action-packed."
1134,tt3832914,17,"['1', '4', '3', '2', '3', '2']","['tt4009460', 'tt3832914', 'tt2345759', 'tt5254868', 'tt1600195', 'tt2528814']",228," I choose this movie because it has a plot that seems interesting and relatable, focusing on the struggles within a marriage and the power of prayer. The idea of a couple fighting for their family instead of against each other resonates with me."
1135,tt1397514,161,"['6', '4', '2', '1', '8', '3', '1', '2', '7', '9', '5']","['tt1666801', 'tt2546038', 'tt2828996', 'tt1935929', 'tt1588173', 'tt4877122', 'tt4009460', 'tt4126340', 'tt1397514', 'tt1430607', 'tt1650043']",52," I choose this movie because it received a rating of 7, which is higher than the other options. Additionally, I enjoy adventure and fantasy films, and the plot of this movie seems intriguing with its exploration of a mysterious island."
1136,tt4912910,485,"['8', '6', '7', '9', '7', '8', '5', '10', '4', '6']","['tt5362988', 'tt3480796', 'tt0790724', 'tt2025690', 'tt3062096', 'tt1600196', 'tt1829012', 'tt4912910', 'tt4126568', 'tt2059171']",134," I choose this movie because it has the highest rating among the movies I have viewed so far (10). Additionally, I am a fan of action-packed films, and the plot of this movie, involving high-stakes missions and a race against time, appeals to me. The ""Mission: Impossible"" franchise is known for its thrilling action sequences and Tom Cruise's impressive stunts, which adds to my excitement to"
1137,tt0816692,505,"['6', '4', '8', '7', '9', '5', '6', '7', '9', '6', '8', '7', '5', '9', '8', '10', '9', '7']","['tt1978532', 'tt1234721', 'tt2404425', 'tt0114709', 'tt1677561', 'tt1837709', 'tt2172934', 'tt2429074', 'tt1631867', 'tt2548208', 'tt4073952', 'tt2493486', 'tt1349482', 'tt4299972', 'tt4324274', 'tt0816692', 'tt2278388', 'tt2962876']",79," The plot of humanity's struggle for survival and the quest for a new habitable planet is intriguing and thought-provoking. Additionally, the stellar cast and visually stunning cinematography make it a highly captivating film."
1138,tt2096673,297,"['2', '5', '7', '3', '6', '4', '9', '8', '10', '9', '6', '7', '10', '9', '8', '5', '7', '8', '6', '9']","['tt4009460', 'tt1429433', 'tt3874544', 'tt1935929', 'tt2235542', 'tt4877122', 'tt2096673', 'tt2100546', 'tt2452042', 'tt2112281', 'tt4592572', 'tt1216475', 'tt1865505', 'tt1430607', 'tt5480340', 'tt3231054', 'tt3416828', 'tt1402488', 'tt5184298', 'tt3411444']",32," I rated it a 9, which is the highest rating among the movies I have rated. I choose this movie because it explores the complex emotions and inner workings of the mind in a creative and engaging way. The concept of personifying emotions and depicting their impact on our thoughts and actions is intriguing. I believe ""Inside Out"" will provide a thought-provoking and entertaining experience"
1139,tt1924273,473,"['7', '3', '6', '8', '9', '5', '2', '10', '9', '7', '8', '4', '6', '7']","['tt1462769', 'tt2828996', 'tt5368354', 'tt1924273', 'tt1430607', 'tt2756032', 'tt4877122', 'tt1478964', 'tt2065968', 'tt3553442', 'tt1588173', 'tt1935929', 'tt1666801', 'tt1650043']",568," I rate it 8. 

I choose this movie because I enjoy supernatural themes and the combination of ""The Sixth Sense"" and ""The Breakfast Club"" intrigues me. The idea of a teacher with the ability to see and interact with ghosts in a haunted high school sounds like a unique and entertaining concept. Additionally, the plot description suggests a mix of comedy and paranormal elements, which I find appealing. Overall, I believe Ghost Grad"
1140,tt0816692,530,"['7', '6', '8', '9', '5', '10', '9', '8', '10']","['tt2962876', 'tt4299972', 'tt2404425', 'tt0816692', 'tt4324274', 'tt1631867', 'tt1677561', 'tt0114709', 'tt2278388']",512," I choose this movie because I have previously rated it with a 9, which is one of my highest ratings. I am intrigued by the concept of interstellar travel and the exploration of new worlds. The plot of Earth's future being plagued by disasters and the need for humanity to find a new home resonates with me. Additionally, the idea of a time loop and the protagonist's increasing skills in each battle adds an interesting"
1141,tt1588173,307,"['8', '6', '7', '9', '7', '5', '8', '6', '5', '9']","['tt2756032', 'tt3553442', 'tt2065968', 'tt4651520', 'tt1462769', 'tt1650043', 'tt1478964', 'tt1924273', 'tt5368354', 'tt1588173']",499," The idea of a zombie regaining his humanity and forming a warm relationship with a human is fascinating. Additionally, the concept of bridging the differences between humans and zombies to fight for a better world adds depth to the story. The high rating I gave it reflects my interest in the movie's concept and potential for an engaging and thought-provoking viewing experience."
1142,tt0816692,384,"['8', '2', '4', '7', '9', '6', '10', '9', '8', '5', '7', '10', '6']","['tt2278388', 'tt1349482', 'tt0089538', 'tt2172934', 'tt4299972', 'tt1978532', 'tt0816692', 'tt1631867', 'tt1677561', 'tt1234721', 'tt1837709', 'tt0114709', 'tt2429074']",456," I choose this movie because it has a rating of 10, which indicates that it is highly regarded. Additionally, I am intrigued by the plot of Earth's future being riddled by disasters and the concept of interstellar travel to ensure mankind's survival. The idea of exploring unknown planets and the challenges faced by the characters in the movie captivate my interest."
1143,tt1091863,513,"['7', '6', '8', '5', '9', '8', '7', '6', '9', '8', '9', '7']","['tt1223236', 'tt1559038', 'tt3626804', 'tt1417592', 'tt5342766', 'tt1091863', 'tt2125666', 'tt1999192', 'tt2014338', 'tt1714917', 'tt4229236', 'tt5359048']",9, I choose this movie because I have always been a fan of Stan Lee and his contributions to the world of comic books and superheroes. I am interested in learning more about his life and the creative process behind some of the most iconic characters in pop culture.
1144,tt1201607,277,"['6', '4', '3', '7', '5', '8', '9', '10', '7', '6', '8', '7', '6', '9', '9', '5']","['tt1192628', 'tt3922818', 'tt1429433', 'tt2017561', 'tt1815862', 'tt2065968', 'tt1201607', 'tt5607028', 'tt0401729', 'tt1355638', 'tt1509767', 'tt5480340', 'tt1698647', 'tt1302011', 'tt1840309', 'tt2404233']",299," I choose this movie because I have consistently rated the previous Harry Potter movies highly, and I have enjoyed the storyline and characters throughout the series. Additionally, ""Harry Potter and the Deathly Hallows: Part 2"" is the culmination of the entire Harry Potter saga, and I am eager to see how the story concludes and the epic battle between Harry and Voldemort unfolds."
1145,tt3521164,455,"['6', '3', '4', '8', '2', '7', '9', '10', '9', '10', '7']","['tt1623288', 'tt1691917', 'tt2017020', 'tt2380307', 'tt0377981', 'tt2293640', 'tt1430626', 'tt1690953', 'tt1302011', 'tt3521164', 'tt5544384']",519," I choose this movie because it has a rating of 10, which is the highest among the movies I have rated so far. Additionally, I am drawn to the plot of Moana's journey across the Pacific to restore the heart of the goddess and save her island. The movie is based on Polynesian mythology, which adds an intriguing cultural aspect to the story. Overall, ""Moana"" seems to offer a combination"
1146,tt2883512,261,"['7', '6', '2', '8', '9', '4', '3', '5', '1', '10', '10\n\nReason for selection: I would like to watch ""Chef"" because it seems to have a compelling storyline about a chef rediscovering his passion for cooking and finding a deeper connection with his family. The plot description mentions themes of artistic freedom, family dynamics, and personal growth, which are elements that I find intriguing in a movie. Additionally, the idea of a food truck journey across America adds an interesting and unique aspect to the story. Overall, ""Chef"" seems like a heartwarming and', '3']","['tt1462769', 'tt1430607', 'tt2828996', 'tt1666801', 'tt1588173', 'tt1924273', 'tt4877122', 'tt1397514', 'tt4009460', 'tt2065968', 'tt2883512', 'tt4126340']",66," I choose this movie because it has a compelling storyline about a chef rediscovering his passion for cooking and finding a deeper connection with his family. The plot description mentions themes of artistic freedom, family dynamics, and personal growth, which are elements that I find intriguing in a movie. Additionally, the idea of a food truck journey across America adds an interesting and unique aspect to the story. Overall, ""Chef"" seems like a heartw"
1147,tt1935859,182,"['7', '8', '6', '9', '2', '8', '4', '7', '5', '9']","['tt2338151', 'tt1865505', 'tt0800369', 'tt2061702', 'tt2379386', 'tt1837709', 'tt2735292', 'tt0770828', 'tt1667353', 'tt1935859']",242," I choose this movie because I have always been intrigued by stories that involve mysteries, different worlds, and special powers. The plot description of this movie suggests a unique and imaginative storyline that I find appealing. Additionally, the high rating of 9 that I gave it indicates that it aligns well with my preferences and expectations. I am excited to watch this movie and explore the magical world of Miss Pere"
1148,tt2429074,72,"['6', '7', '4', '8', '9']","['tt1978532', 'tt1234721', 'tt0089538', 'tt1349482', 'tt2429074']",15,"B.F."". I choose this movie because it explores the themes of friendship, acceptance, and the challenges faced by individuals who are outed or labeled. It seems like an interesting and thought-provoking movie that delves into the dynamics of high school cliques and the pressure to conform."
1149,tt1430626,203,"['8', '6', '7', '9', '5']","['tt1192628', 'tt2293640', 'tt1234721', 'tt1430626', 'tt1216475']",357," I choose this movie because it received the highest rating of 9 among the options provided. Additionally, I am intrigued by the unique plot involving pirates, a quest for a prestigious award, and the inclusion of historical figures like Queen Victoria and Charles Darwin. The combination of adventure, humor, and unexpected twists makes me excited to watch this film."
1150,tt2404425,267,"['6', '4', '7', '5', '8', '9', '7', '6', '5']","['tt1677561', 'tt2429074', 'tt4073952', 'tt1349482', 'tt2962876', 'tt2404425', 'tt1234721', 'tt1837709', 'tt1978532']",528,""" I choose this movie because it has a rating of 9, which is the highest among the movies I have rated so far. Additionally, the plot of the movie is intriguing as it revolves around a woman seeking justice for the art stolen by the Nazis during World War II. I am interested in historical dramas and stories of resilience, making ""Woman in Gold"" an appealing choice for me."
1151,tt2347134,3,"['8', '6', '9', '7', '5', '7', '9', '6', '8', '7']","['tt2172934', 'tt2679042', 'tt2347134', 'tt1829012', 'tt4651410', 'tt4442130', 'tt1499658', 'tt2167202', 'tt2140423', 'tt2134170']",179," I am intrigued by the idea of a Japanese reinterpretation of a classic Western film, and the plot of a former assassin being forced to take up the sword again in order to protect the local populace sounds compelling."
1152,tt0816692,432,"['5', '3', '4', '2', '3', '3', '4', '5', '5', '4', '5', '2', '3', '4', '2', '4', '5', '3']","['tt1349482', 'tt2404425', 'tt2172934', 'tt2548208', 'tt2429074', 'tt1978532', 'tt1234721', 'tt1631867', 'tt0816692', 'tt2278388', 'tt0114709', 'tt1837709', 'tt4073952', 'tt2493486', 'tt0089538', 'tt2962876', 'tt1677561', 'tt4299972']",272," I choose this movie because it has a rating of 5, which is the highest among the movies I have rated so far. Additionally, I am intrigued by the plot of exploring interstellar travel and the concept of finding a new planet to sustain human life. The idea of venturing into the unknown and the potential for scientific and philosophical exploration appeals to me."
1153,tt0816692,229,"['7', '3', '6', '8', '9', '5', '10', '4', '7', '2', '9', '6', '8', '10', '5']","['tt2404425', 'tt1349482', 'tt1234721', 'tt2172934', 'tt2493486', 'tt4073952', 'tt1677561', 'tt4324274', 'tt2548208', 'tt0089538', 'tt2962876', 'tt2429074', 'tt1837709', 'tt0816692', 'tt1978532']",159," Additionally, I am intrigued by the plot of exploring interstellar travel and the potential for finding a planet that can sustain human life. The movie promises a combination of science fiction, adventure, and the concept of saving humanity, which aligns with my preferences and interests."
1154,tt1631867,323,"['8', '3', '6', '4', '9']","['tt4299972', 'tt0089538', 'tt1978532', 'tt1349482', 'tt1631867']",549," I choose this movie because it has a high rating of 9, which indicates that it is likely to be a very enjoyable and well-made film. Additionally, the plot description of a time loop and a relentless alien assault sounds intriguing and action-packed. I am excited to see how the protagonist develops his skills and works with Special Forces warrior Rita Vrataski to defeat the enemy."
1155,tt2429074,262,"['7', '6', '4', '8', '5', '9', '7', '3', '6']","['tt1677561', 'tt1837709', 'tt2429074', 'tt2404425', 'tt1349482', 'tt2962876', 'tt1234721', 'tt1978532', 'tt4073952']",23,"B.F."" The reason I choose this movie is because I enjoyed the plot about social warfare and the exploration of friendship and identity. It seems like a fun and entertaining movie with a unique perspective."
1156,tt2380307,506,"['1', '2', '4', '5', '3', '4', '3', '5', '4', '2']","['tt4877122', 'tt1615918', 'tt3521164', 'tt2380307', 'tt1430626', 'tt1623288', 'tt1690953', 'tt2293640', 'tt1430607', 'tt1691917']",98," Additionally, I am intrigued by the plot which involves music, family history, and a journey to uncover the truth. As someone who enjoys movies with emotional depth and meaningful storytelling, ""Coco"" seems like a perfect choice."
1157,tt2025690,62,"['7', '6', '8', '9', '7', '10', '5', '6', '8', '7', '9']","['tt2134170', 'tt3732950', 'tt4126568', 'tt3247714', 'tt1886493', 'tt2025690', 'tt3181822', 'tt3480796', 'tt5254868', 'tt1829012', 'tt1600196']",384," I choose this movie because it tells a gripping and inspiring true story of bravery and resilience in the face of extreme adversity. The plot of a daring rescue mission during a treacherous storm captivates me, and I am drawn to stories that showcase the strength and courage of individuals facing overwhelming challenges."
1158,tt1631867,315,"['6', '7', '8', '5', '9', '10', '8', '4', '7', '9', '8', '9']","['tt1698647', 'tt3778644', 'tt1825683', 'tt2231461', 'tt1298554', 'tt4547056', 'tt3896198', 'tt2808986', 'tt4788944', 'tt1631867', 'tt2660888', 'tt1446714']",577," I choose this movie because it has a rating of 9, which indicates that it is highly regarded. Additionally, the plot of the movie, which involves a time loop and the protagonist's increasing skills in battling the aliens, sounds intriguing and offers a unique twist to the sci-fi genre. I am excited to watch ""Edge of Tomorrow"" because it promises an exciting and action-packed storyline with an interesting concept."
1159,tt2065968,327,"['8', '6', '7', '9', '5', '7', '8', '9', '10', '6']","['tt4651520', 'tt1650043', 'tt1462769', 'tt1478964', 'tt5368354', 'tt1924273', 'tt2756032', 'tt2065968', 'tt1588173', 'tt1666801']",179," I choose this movie because I enjoy the ""How to Train Your Dragon"" franchise and the plot of this particular movie seems interesting. It combines the themes of friendship, adventure, and the holiday spirit, which I find appealing. Additionally, I have rated it highly, indicating that it aligns with my preferences."
1160,tt3778644,204,"['6', '7', '5', '3', '8', '2', '9', '10', '4', '7', '8', '9', '10']","['tt3480796', 'tt1446714', 'tt1815862', 'tt4464394', 'tt1620680', 'tt3899796', 'tt1698647', 'tt3922818', 'tt2808986', 'tt1397514', 'tt2231461', 'tt3896198', 'tt3778644']",465," I am excited to see how Han Solo's character develops and how he becomes the iconic character we know from the original Star Wars trilogy. Additionally, the inclusion of Chewbacca and Lando Calrissian adds to the excitement and nostalgia of the Star Wars universe."
1161,tt0816692,33,"['8', '3', '6', '9', '7', '5', '4', '7', '8', '6', '7', '2', '9', '6', '10', '9', '8', '7']","['tt0114709', 'tt0089538', 'tt2548208', 'tt1631867', 'tt2278388', 'tt1234721', 'tt1978532', 'tt2493486', 'tt2172934', 'tt1837709', 'tt2962876', 'tt1349482', 'tt2404425', 'tt2429074', 'tt0816692', 'tt1677561', 'tt4299972', 'tt4324274']",348," Additionally, the plot of exploring interstellar travel and finding a new planet to sustain human life is intriguing and offers a unique and thought-provoking storyline. The movie combines elements of science fiction, adventure, and emotional depth, making it a compelling choice for me to watch."
1162,tt1631867,24,"['7', '3', '8', '2', '6']","['tt4299972', 'tt1349482', 'tt1631867', 'tt0089538', 'tt1978532']",4," The reason I choose this movie is because of its intriguing plot and unique concept. The idea of a time loop and the protagonist gaining skills with each repetition of the same battle is fascinating. Additionally, the inclusion of action-packed scenes and the collaboration between the main characters add to the excitement."
1163,tt2096673,303,"['4', '3', '1', '5', '4', '2', '3', '3', '5', '3', '4', '2', '5', '3', '5', '4', '3', '4', '2', '3', '3', '4']","['tt2452042', 'tt2100546', 'tt4009460', 'tt1430607', 'tt0970179', 'tt4877122', 'tt5184298', 'tt1402488', 'tt1302011', 'tt5480340', 'tt2865120', 'tt3874544', 'tt2096673', 'tt3416828', 'tt1865505', 'tt3411444', 'tt3231054', 'tt1216475', 'tt1935929', 'tt2235542', 'tt1429433', 'tt2112281']",254," I choose this movie because it received a rating of 5, which is the highest rating among the movies I have viewed. Additionally, ""Inside Out"" has a unique and compelling plot that explores the complexities of human emotions and the challenges of growing up. It offers a thought-provoking and heartfelt story that I believe will provide an enjoyable and meaningful viewing experience."
1164,tt1397514,61,"['7', '6', '8', '9', '7', '3', '9', '10', '5', '8', '2', '1', '7', '9', '6', '4']","['tt1430607', 'tt1666801', 'tt1397514', 'tt1588173', 'tt3553442', 'tt1935929', 'tt2756032', 'tt2883512', 'tt2546038', 'tt2065968', 'tt4877122', 'tt4009460', 'tt1650043', 'tt1478964', 'tt1924273', 'tt2828996']",284," I rate it 8 out of 10. I choose this movie because I enjoy adventure and fantasy films, and the plot of discovering a mysterious island based on the works of Jules Verne intrigues me. Additionally, the inclusion of unexpected problems and the quest to find the legendary Vernian Alexander adds an extra layer of excitement to the story."
1165,tt1631867,41,"['2', '3', '4', '2', '5']","['tt1349482', 'tt1978532', 'tt1631867', 'tt0089538', 'tt4299972']",566," I choose this movie because I am intrigued by the plot of a man caught in a time loop, reliving the same battle over and over again. The idea of him gaining skills and knowledge with each repetition is fascinating to me. I am also drawn to the concept of a relentless alien race and the fight to defeat them. Overall, the combination of action, sci-fi elements, and the unique storytelling approach make me want to watch this"
1166,tt1829012,57,"['6', '4', '7', '5', '8', '3', '9', '2', '6', '7']","['tt4126568', 'tt5254868', 'tt2134170', 'tt1886493', 'tt2025690', 'tt3732950', 'tt1829012', 'tt3181822', 'tt3480796', 'tt3247714']",97, I choose this movie because I am intrigued by the plot of the rivalry between the manipulative boss and her talented protégée escalating to extreme levels. I am interested in exploring the psychological dynamics and the consequences of their actions.
1167,tt1840309,176,"['6', '7', '8', '9', '5', '7', '6', '8', '7', '9', '10', '6']","['tt5480340', 'tt2065968', 'tt1302011', 'tt5607028', 'tt1815862', 'tt2017561', 'tt1429433', 'tt0401729', 'tt1397514', 'tt1840309', 'tt1509767', 'tt1698647']",11," I am intrigued by the concept of a futuristic dystopia where society is divided into factions, and the protagonist, Tris, being a Divergent adds an element of mystery and danger. The plot seems to have a good balance of intense physical and psychological tests, and the conflict that threatens to unravel the seemingly peaceful society adds an extra layer of excitement"
1168,tt1978532,113,"['5', '3', '4', '2', '4']","['tt0089538', 'tt1234721', 'tt1978532', 'tt1349482', 'tt2429074']",363," I choose this movie because it has a higher rating compared to the others I have viewed so far. Additionally, the plot seems interesting as it involves three friends trying to find a wife for their socially inappropriate friend. I am curious to see how their plan unfolds and what comedic situations arise from it."
1169,tt3270538,511,"['8', '7', '6', '9', '4', '7', '9', '5', '8', '7', '6', '8', '9']","['tt2008513', 'tt1091863', 'tt1605782', 'tt1942884', 'tt1714917', 'tt4229236', 'tt3270538', 'tt5342766', 'tt2125666', 'tt2304915', 'tt1417592', 'tt1559038', 'tt1223236']",222," I choose this movie because it tackles a topic that is highly relevant and important in today's society - the concentration of wealth and power in the hands of a select few. As someone who values equality and fairness, this documentary resonates with me and provides a thought-provoking analysis of the current state of our society. It offers insights from Noam Chomsky, a renowned intellectual and activist"
1170,tt3922818,60,"['6', '4', '7', '8', '9', '5', '7', '6', '9', '7', '8']","['tt1397514', 'tt3416828', 'tt2404233', 'tt1192628', 'tt3922818', 'tt2379386', 'tt2381991', 'tt3480796', 'tt5607028', 'tt1815862', 'tt1509767']",120," I choose this movie because it has a rating of 9, which is the highest among the movies I have rated so far. Additionally, the plot of the movie seems intriguing as it combines elements of science fiction, adventure, and romance. The idea of a boy born on Mars exploring Earth and searching for his father sounds captivating and I am curious to see how the story unfolds."
1171,tt1397514,98,"['7', '8', '3', '6', '4', '9', '5', '7', '8', '2']","['tt1935929', 'tt1430607', 'tt4877122', 'tt1798603', 'tt2828996', 'tt2546038', 'tt4126340', 'tt1397514', 'tt1243974', 'tt4009460']",463," I choose this movie because I enjoy adventure films and the plot seems intriguing with the search for a mysterious island and the mission to find a legendary Vernian. The involvement of Dwayne ""The Rock"" Johnson also adds to my interest in watching this movie."
1172,tt1865505,424,"['6', '4', '7', '8', '5', '9', '10', '7', '9', '8']","['tt0770828', 'tt0990407', 'tt3731562', 'tt0800369', 'tt0829150', 'tt1667353', 'tt1865505', 'tt1496025', 'tt1839492', 'tt1935859']",169," I choose this movie because it has received a rating of 10, which is the highest rating among the movies I have viewed. Additionally, the plot of the movie, which involves mythical creatures and a journey to save them, appeals to my love for fantasy and magical adventures. I am excited to watch ""Song of the Sea"" and experience the enchanting story it has to offer."
1173,tt1978532,281,"['5', '4', '3', '2', '4', '5', '3', '2', '4']","['tt1978532', 'tt2962876', 'tt4073952', 'tt1837709', 'tt2404425', 'tt1677561', 'tt2429074', 'tt1349482', 'tt1234721']",570," I choose this movie because it received the highest rating among the movies I have viewed so far. Additionally, the plot of three friends trying to find a wife for their socially inappropriate friend intrigues me and suggests that it could be a humorous and entertaining film."
1174,tt2404425,458,"['7', '6', '8', '4', '7']","['tt2962876', 'tt1677561', 'tt2404425', 'tt4073952', 'tt1978532']",102," I choose this movie because it has a compelling plot that revolves around seeking justice for the atrocities committed during World War II. It explores the theme of reclaiming stolen art and the emotional journey of Maria Altmann. Additionally, the movie has received positive ratings, which indicates that it is likely to be a well-crafted and engaging film."
1175,tt4116284,361,"['7', '6', '8', '9', '9']","['tt1618442', 'tt1496025', 'tt4853102', 'tt2267968', 'tt4116284']",254," 

I choose this movie because I have previously rated ""Batman: The Killing Joke"" with a high rating of 8. Since ""The Lego Batman Movie"" also features Batman as the main character, I believe it will provide a similar enjoyable experience. Additionally, the plot of Batman having to work with others and learn to lighten up intrigues me, as it offers a fresh and comedic take on the character. Therefore, I"
1176,tt1714915,121,"['6', '4', '2', '7', '8', '9', '9', '3', '5', '6']","['tt1596365', 'tt3732950', 'tt3201722', 'tt4094724', 'tt3705412', 'tt1714915', 'tt1441395', 'tt3099498', 'tt2140423', 'tt4464394']",157," I choose this movie because I am drawn to its unique and intriguing plot, set against the backdrop of Detroit and Tangiers. The concept of a centuries-long love story between two resilient and enigmatic characters captivates me. Additionally, the exploration of their struggle to survive in a collapsing modern world adds depth to the narrative. Overall, I am excited to watch ""Only Lovers Left Alive"" for its artistic approach and thought"
1177,tt2025690,62,"['7', '4', '6', '8', '5', '9', '3', '6', '7', '8', '9']","['tt2134170', 'tt3732950', 'tt4126568', 'tt3247714', 'tt1886493', 'tt2025690', 'tt3181822', 'tt3480796', 'tt5254868', 'tt1829012', 'tt1600196']",227," I choose this movie because I am intrigued by true stories of bravery and survival. The plot of the film, which revolves around a daring rescue mission in treacherous conditions, appeals to my love for thrilling and inspiring stories. Additionally, the setting of the movie, taking place during a historic storm off the coast of Cape Cod, adds an extra level of intensity and suspense. Overall, I am excited to watch """
1178,tt0816692,282,"['7', '6', '8', '9', '7', '6', '4', '5', '10', '9', '8', '9', '10', '7', '8', '10', '7', '9']","['tt2548208', 'tt2429074', 'tt1234721', 'tt2404425', 'tt2493486', 'tt1978532', 'tt0089538', 'tt1349482', 'tt0114709', 'tt1631867', 'tt1837709', 'tt1677561', 'tt2278388', 'tt4073952', 'tt2962876', 'tt0816692', 'tt2172934', 'tt4299972']",74," Additionally, I am drawn to the intriguing plot that involves interstellar travel, the survival of humanity, and the exploration of unknown worlds. The concept of a newly discovered wormhole and the potential for finding a planet that can sustain human life captivates my imagination. I am excited to watch ""Interstellar"" because it combines elements of science"
1179,tt2883512,359,"['7', '6', '4', '6', '8', '9', '7', '8', '9', '5', '9', '7', '10']","['tt1924273', 'tt2756032', 'tt5368354', 'tt1650043', 'tt1397514', 'tt1588173', 'tt3553442', 'tt1430607', 'tt1478964', 'tt1666801', 'tt2065968', 'tt1462769', 'tt2883512']",413," I choose this movie because it tells a heartwarming story about rediscovering passion and finding fulfillment in life. The plot of a renowned chef starting anew by operating a food truck resonates with me, as it showcases the importance of following one's instincts and pursuing personal fulfillment. Additionally, the theme of family and the connection between the main character and his son adds"
1180,tt2883512,328,"['8', '7', '6', '9', '7', '6', '8', '7', '5', '7', '9', '3', '8', '9']","['tt1924273', 'tt2756032', 'tt5368354', 'tt2883512', 'tt2065968', 'tt1715873', 'tt1478964', 'tt3553442', 'tt1650043', 'tt1666801', 'tt1462769', 'tt4877122', 'tt4651520', 'tt1588173']",329," I would choose this movie because it has received a rating of 9, which is the highest among the movies I have rated. Additionally, the plot of ""Chef"" appeals to me as it follows a renowned chef who rediscovers his passion for cooking and finds a deeper connection with his life and family. As someone who enjoys food and stories about personal growth, ""Chef"" seems"
1181,tt1234721,251,"['7', '6', '8', '9', '10', '7', '4', '6', '9', '5']","['tt2404425', 'tt1978532', 'tt2493486', 'tt1234721', 'tt1677561', 'tt2962876', 'tt1349482', 'tt2429074', 'tt1837709', 'tt4073952']",112," I would choose this movie because it combines elements of action, science fiction, and social commentary. Given my previous ratings and preferences for movies like ""Matrix, The"" and ""Jurassic Park,"" ""RoboCop"" seems like a fitting choice. It explores themes of justice, technology, and the human condition, which I find intriguing. Additionally, the concept of a part"
1182,tt2267968,240,"['6', '4', '8', '7', '9', '5', '10', '8', '3', '9', '6', '7']","['tt4464394', 'tt2458106', 'tt2802144', 'tt2027128', 'tt5607028', 'tt0825283', 'tt4116284', 'tt1232829', 'tt2808986', 'tt2267968', 'tt1937133', 'tt1496025']",473," I choose this movie because I have previously enjoyed animated films and the Kung Fu Panda series. The plot of Po reuniting with his long-lost panda father and training a village of pandas to fight against a supernatural villain sounds exciting and entertaining. Additionally, the humor and heartwarming moments in the previous Kung Fu Panda movies have made me invested in the characters and their journey."
1183,tt1478964,211,"['7', '6', '3', '9', '8', '7', '9', '5', '6', '4']","['tt5368354', 'tt1924273', 'tt2828996', 'tt1478964', 'tt4651520', 'tt1666801', 'tt1462769', 'tt1397514', 'tt1650043', 'tt1935929']",483," I am drawn to this movie because it combines elements of science fiction and action, with a unique twist of a group of inner-city kids defending their neighborhood against alien creatures. The plot sounds exciting and the concept is intriguing, making it a movie that I am genuinely interested in watching."
1184,tt1397514,191,"['7', '6', '8', '3', '2', '9', '1', '7', '9', '5', '6', '8', '4', '7']","['tt2883512', 'tt1430607', 'tt1924273', 'tt2828996', 'tt1935929', 'tt1397514', 'tt4877122', 'tt3553442', 'tt1478964', 'tt2546038', 'tt1666801', 'tt1588173', 'tt1650043', 'tt1462769']",98," I choose this movie because I have previously enjoyed adventure films like ""Inception,"" ""Interstellar,"" and ""Arrival."" ""Journey 2: The Mysterious Island"" offers a thrilling and mysterious storyline, which aligns with my preferences. Additionally, the presence of Dwayne ""The Rock"" Johnson adds to the excitement and entertainment value of the movie."
1185,tt2267968,298,"['7', '6', '4', '8', '9', '8', '5', '3', '2', '6']","['tt2802144', 'tt5607028', 'tt2808986', 'tt2267968', 'tt1232829', 'tt4116284', 'tt1496025', 'tt2458106', 'tt4464394', 'tt1937133']",10," I choose this movie because I enjoyed the previous movies in the series and I like animated films. The plot of Po reuniting with his panda father and training a village of pandas to fight against a supernatural villain sounds exciting and entertaining. Additionally, the Kung Fu Panda series has always delivered a good mix of humor, action, and heartwarming moments, which I appreciate."
1186,tt1462769,309,"['8', '7', '6', '9', '8', '5', '9', '6', '7', '8', '9', '9', '7']","['tt2065968', 'tt2883512', 'tt1924273', 'tt4651520', 'tt3553442', 'tt1650043', 'tt2756032', 'tt5368354', 'tt1666801', 'tt1462769', 'tt1588173', 'tt1478964', 'tt2546038']",343," Additionally, the plot of the movie intrigues me as it explores themes of parenthood and the unexpected ways in which a child can come into someone's life. I am curious to see how the characters navigate their newfound parenthood and the lessons they learn along the way."
1187,tt0401729,160,"['7', '4', '8', '9', '6', '7', '8', '5', '9', '10', '8', '6', '7', '5', '6', '7']","['tt1509767', 'tt1698647', 'tt2017561', 'tt5607028', 'tt2065968', 'tt1355638', 'tt3922818', 'tt5480340', 'tt0401729', 'tt1192628', 'tt1840309', 'tt2381991', 'tt2404233', 'tt2379386', 'tt1815862', 'tt1397514']",372," I gave it a rating of 9, which indicates that I highly enjoyed the movie. I am intrigued by the plot of a Civil War veteran being transported to Mars and encountering new beings and a conflict. The idea of exploring a new world and witnessing the protagonist's journey and adventures in an unfamiliar environment is appealing to me. Additionally, the concept of having enhanced abilities on Mars adds an element"
1188,tt2267968,298,"['8', '7', '6', '9', '8', '9', '7', '6', '5', '7']","['tt2802144', 'tt5607028', 'tt2808986', 'tt2267968', 'tt1232829', 'tt4116284', 'tt1496025', 'tt2458106', 'tt4464394', 'tt1937133']",413," I choose this movie because I have previously enjoyed animated films and the previous installments in the Kung Fu Panda series. Additionally, the plot of Po training a village of pandas and facing a supernatural villain sounds intriguing and entertaining."
1189,tt1935859,182,"['9', '7', '6', '8', '4', '7', '5', '8', '6', '9']","['tt2338151', 'tt1865505', 'tt0800369', 'tt2061702', 'tt2379386', 'tt1837709', 'tt2735292', 'tt0770828', 'tt1667353', 'tt1935859']",487," 

The reason I choose this movie is because I have been consistently rating movies with elements of fantasy and adventure higher. This movie fits that criteria and also has a unique and intriguing plot about peculiar children with special powers. The idea of different worlds and times adds an extra layer of excitement. I am drawn to the mystery and the idea of discovering one's own special abilities. Overall, it seems like"
1190,tt2025690,150,"['7', '6', '8', '4', '9', '5', '9']","['tt4547056', 'tt4471456', 'tt2450186', 'tt1865393', 'tt2059171', 'tt3973198', 'tt2025690']",490," 

I choose this movie because I have a preference for thrilling and intense stories, and ""The Finest Hours"" seems to deliver that with its depiction of a daring rescue mission in treacherous conditions. Additionally, the fact that it is based on a true story adds an extra layer of interest for me."
1191,tt1600196,429,"['8', '7', '9', '6', '8', '9', '7', '8', '9', '8', '9']","['tt1742044', 'tt1855199', 'tt1682180', 'tt2076220', 'tt2404425', 'tt1714915', 'tt3553442', 'tt2053463', 'tt1600196', 'tt3205376', 'tt1216491']",360," Additionally, the plot of ""The Drop"" intrigues me as it explores the underworld of Brooklyn bars and involves a robbery gone wrong. I am curious to see how the protagonist navigates through this dangerous world and uncovers the truth."
1192,tt3896198,92,"['6', '2', '7', '9', '5', '8', '4', '9', '8', '3', '2', '7', '6']","['tt1620680', 'tt4831420', 'tt3480796', 'tt3896198', 'tt1397514', 'tt2231461', 'tt1815862', 'tt1446714', 'tt3778644', 'tt4464394', 'tt3899796', 'tt3327624', 'tt1267299']",366," 2"" with imdbID tt3896198. I choose this movie because it has a high rating of 9, indicating that it is highly regarded by others. Additionally, I am a fan of the first Guardians of the Galaxy movie and I enjoy the humor, action, and unique characters in the series."
1193,tt3896198,204,"['6', '7', '4', '3', '8', '2', '9', '10', '5', '7', '8', '9', '9']","['tt3480796', 'tt1446714', 'tt1815862', 'tt4464394', 'tt1620680', 'tt3899796', 'tt1698647', 'tt3922818', 'tt2808986', 'tt1397514', 'tt2231461', 'tt3896198', 'tt3778644']",13," 2"". I choose this movie because I enjoyed the first Guardians of the Galaxy movie and gave it a high rating. The sequel is likely to have a similar tone and style that I appreciate. Additionally, I am a fan of the Marvel Cinematic Universe and I am interested in seeing how the story of the Guardians of the Galaxy continues to unfold."
1194,tt1714915,188,"['Rating: 1', 'Rating: 3', 'Rating: 2', 'Rating: 4', 'Rating: 3', 'Rating: 2']","['tt3201722', 'tt1441395', 'tt3067274', 'tt1714915', 'tt3705412', 'tt3487994']",91," I choose this movie because it offers a unique and intriguing concept of a love story between two immortal beings set against the backdrop of a decaying world. The idea of exploring the resilience and fragility of their relationship, as well as their struggle to survive in a collapsing society, captivates my interest. Additionally, the film's setting in Detroit and Tangiers adds an atmospheric and desolate charm that"
1195,tt0816711,58,"['5', '4', '6', '8', '7', '3', '2', '9', '4', '7', '8']","['tt2828996', 'tt4464394', 'tt3732950', 'tt4094724', 'tt0816711', 'tt2140423', 'tt3899796', 'tt1727776', 'tt4796122', 'tt4126568', 'tt4348012']",559," I choose this movie because I am intrigued by the concept of a global zombie apocalypse and the protagonist's journey to find answers and save humanity. The plot seems intense and suspenseful, and I am excited to see how the character navigates through the dangers and challenges presented by the infected world."
1196,tt0816692,413,"['8', '6', '9', '4', '7', '5', '3', '8', '10', '9\n\nReason for selecting and wanting to watch ""The Grand Budapest Hotel"": I would like to watch ""The Grand Budapest Hotel"" because it offers a unique and captivating story set in a historical and visually stunning backdrop. The film combines elements of adventure, comedy, and mystery, making it an intriguing and entertaining choice. Additionally, the stellar cast, led by Ralph Fiennes, promises exceptional performances. Overall, ""The Grand Budapest Hotel"" seems like a film that will provide an immersive and enjoyable cinematic experience', '7', '6', '9', '7', '8', '9', '4', '5']","['tt1837709', 'tt2404425', 'tt1631867', 'tt4073952', 'tt0114709', 'tt2548208', 'tt2429074', 'tt2172934', 'tt0816692', 'tt2278388', 'tt1677561', 'tt1978532', 'tt4299972', 'tt1234721', 'tt2493486', 'tt2962876', 'tt0089538', 'tt1349482']",46," Additionally, I am intrigued by the plot that involves interstellar travel, a dystopian future, and the search for a habitable planet. The film promises to offer a combination of science fiction, adventure, and thought-provoking themes, which align with my preferences. I am excited to watch ""Interstellar"""
1197,tt1978532,129,"['8', '4', '6', '7', '9', '5']","['tt1234721', 'tt1349482', 'tt1837709', 'tt2429074', 'tt1978532', 'tt0089538']",541," I choose this movie because it received a high rating of 9 from me, indicating that I really enjoyed it. The plot of three friends trying to find a wife for their socially inappropriate friend and the twist of him meeting someone just like him sounds entertaining and humorous. I am interested in seeing how their problems double and how they navigate through the comedic situations."
1198,tt1091191,480,"['6', '7', '8', '9', '4', '9', '7', '3', '8', '10', '5']","['tt2528814', 'tt5555502', 'tt2042568', 'tt1430607', 'tt5368354', 'tt2094064', 'tt2347134', 'tt2140423', 'tt2025690', 'tt1091191', 'tt3210686']",610," I choose this movie because it received a rating of 10, which indicates that it is highly regarded. Additionally, I am drawn to the intense and suspenseful plot of a Navy Seal team fighting for their lives in a dangerous mission. The bravery and determination displayed by the characters in the face of adversity resonates with me and makes me want to watch this movie."
1199,tt2911666,422,"['7', '6', '8', '4', '9', '10', '7', '9', '3', '9', '5', '8']","['tt2450186', 'tt2059171', 'tt0790724', 'tt3973198', 'tt1600196', 'tt2911666', 'tt4547056', 'tt4912910', 'tt1865393', 'tt5362988', 'tt4471456', 'tt2025690']",475," 

I choose John Wick because I have consistently rated action movies highly in the past, and John Wick has received a perfect rating of 10. The plot description of a former assassin seeking revenge against a powerful criminal organization intrigues me, and I enjoy watching intense and thrilling action sequences. Additionally, the positive reviews and popularity of the movie further convince me that it will be an exciting and entertaining choice."
1200,tt0816692,505,"['8', '5', '7', '9', '6', '4', '7', '6', '10', '3', '8', '9', '5', '7', '8', '10', '9', '7']","['tt1978532', 'tt1234721', 'tt2404425', 'tt0114709', 'tt1677561', 'tt1837709', 'tt2172934', 'tt2429074', 'tt1631867', 'tt2548208', 'tt4073952', 'tt2493486', 'tt1349482', 'tt4299972', 'tt4324274', 'tt0816692', 'tt2278388', 'tt2962876']",217," Additionally, I am intrigued by the plot of Earth's future being riddled by disasters and the concept of interstellar travel to ensure mankind's survival. The exploration of a newly discovered wormhole and the search for a planet that can sustain human life adds to the excitement and adventure of the movie."
1201,tt2962876,312,"['7', '6', '8', '9', '10', '4', '5', '7']","['tt2404425', 'tt1978532', 'tt1677561', 'tt2962876', 'tt1837709', 'tt1349482', 'tt4073952', 'tt2429074']",324," I choose this movie because it has a unique and compelling plot that revolves around three individuals with different mental health conditions going on a road trip together. The combination of Tourette Syndrome, anorexia, and OCD creates an interesting dynamic and I am intrigued to see how these characters interact and grow throughout their journey."
1202,tt5362988,130,"['8', '6', '7', '5', '9', '6', '7', '10', '8', '7', '4', '9', '6', '3']","['tt4912910', 'tt1829012', 'tt5254868', 'tt1886493', 'tt2059171', 'tt2134170', 'tt3732950', 'tt5362988', 'tt3062096', 'tt3247714', 'tt4126568', 'tt2025690', 'tt3480796', 'tt3181822']",147," I choose this movie because it received a rating of 10, which indicates that it is highly recommended. Additionally, the plot description of a suspenseful crime investigation set in a remote and unforgiving location intrigues me. I am interested in watching a movie that combines mystery, action, and the exploration of justice, and ""Wind River"" seems to offer all of these elements."
1203,tt1714917,508,"['7', '6', '8', '9', '7', '8', '9', '6', '9', '8', '7']","['tt3626804', 'tt3270538', 'tt1605782', 'tt1417592', 'tt2014338', 'tt5342766', 'tt1714917', 'tt1223236', 'tt1091863', 'tt2304915', 'tt2125666']",208," The film promises an in-depth look at their story, which appeals to my curiosity about their music and influence in the punk genre."
1204,tt2802144,164,"['8', '6', '7', '5', '9', '3', '10', '8', '7', '4']","['tt4116284', 'tt1428538', 'tt1618442', 'tt1937133', 'tt1496025', 'tt2808986', 'tt2802144', 'tt2027128', 'tt2458106', 'tt0825283']",38," I choose this movie because it received a rating of 10, which is the highest rating I have given so far. Additionally, the plot description of a young man being recruited into a secret organization to protect the world sounds intriguing and action-packed. I am also drawn to the presence of Colin Firth and the positive reviews I have heard about the film's stylish action sequences and witty dialogue."
1205,tt3498820,448,"['7', '8', '6', '4', '9', '10', '5', '9', '7', '8', '10']","['tt3922818', 'tt1631867', 'tt1815862', 'tt2808986', 'tt1446714', 'tt3896198', 'tt1698647', 'tt1825683', 'tt4788944', 'tt3778644', 'tt3498820']",329," I choose this movie because I have consistently enjoyed the Marvel Cinematic Universe films, particularly the ones involving Captain America. The plot of ""Civil War"" intrigues me as it explores the moral and ideological conflicts within the superhero team, leading to an epic clash between beloved characters. Additionally, the introduction of new characters like Black Panther and Spider-Man adds an extra layer of excitement. Overall, I am drawn to the thrilling"
1206,tt2119532,494,"['5', '3', '4', '3', '5', '4', '5', '4', '3', '5', '4']","['tt1234719', 'tt1966566', 'tt1568911', 'tt3553442', 'tt4555426', 'tt0816442', 'tt5013056', 'tt0458339', 'tt1217613', 'tt2119532', 'tt1091191']",590," Doss, a conscientious objector who showed incredible bravery and selflessness during the Battle of Okinawa. The movie explores his strong religious beliefs and anti-killing stance, and highlights his unwavering commitment to saving lives as a medic, even in the face of extreme danger. Given my previous preferences for war-related movies with compelling narratives and characters"
1207,tt1596365,11,"['6', '7', '3', '8', '2', '9', '7', '9', '8', '4', '5', '6', '7', '5', '2', '6']","['tt3099498', 'tt3705412', 'tt2828996', 'tt1596365', 'tt3201722', 'tt2140423', 'tt0905372', 'tt1714915', 'tt1441395', 'tt4796122', 'tt4126568', 'tt3067274', 'tt4094724', 'tt3732950', 'tt3899796', 'tt4464394']",419," I choose this movie because it has a rating of 8, which is one of the highest ratings among the movies I have viewed. Additionally, the plot description intrigues me with its haunting and suspenseful elements."
1208,tt1430607,9,"['2', '1', '3', '1', '2', '4', '3', '5', '4', '5']","['tt4877122', 'tt4009460', 'tt1715873', 'tt1935929', 'tt2828996', 'tt1397514', 'tt2546038', 'tt1478964', 'tt3553442', 'tt1430607']",537," I choose this movie because it has a rating of 5, which indicates that it is highly enjoyable. Additionally, the plot of the movie, which reveals the behind-the-scenes workings of Santa's operation and focuses on a family's comic dysfunction, sounds entertaining and heartwarming."
1209,tt2883512,89,"['2', '3', '4', '3', '4', '5', '2', '1', '4', '7', '6', '8']","['tt1935929', 'tt1430607', 'tt1397514', 'tt1666801', 'tt1650043', 'tt1478964', 'tt4877122', 'tt2828996', 'tt2546038', 'tt2883512', 'tt3553442', 'tt1588173']",473," I choose this movie because it tells a heartwarming story about rediscovering one's passion and finding fulfillment in life. The journey of the main character, Carl Casper, as he embarks on a road trip across America with a food truck resonates with me. It explores themes of creativity, family, and the pursuit of happiness. Additionally, the film showcases the joy of cooking and the power of food to bring people together"
1210,tt1588173,151,"['7', '3', '6', '8', '2', '9', '4', '10', '9', '7', '8']","['tt1650043', 'tt1935929', 'tt3553442', 'tt1666801', 'tt2828996', 'tt1462769', 'tt5368354', 'tt1588173', 'tt1478964', 'tt2065968', 'tt1430607']",325," I choose this movie because it has a unique and intriguing plot about a zombie named R who starts regaining his humanity after meeting a human girl named Julie. The idea of a zombie romance and the exploration of themes like redemption and the power of love make it an interesting choice. Additionally, the high rating of 10 suggests that it is a well-received film, which further piques my interest."
1211,tt3896198,92,"['6', '2', '7', '9', '5', '8', '4', '9', '10', '3', '1', '8', '7']","['tt1620680', 'tt4831420', 'tt3480796', 'tt3896198', 'tt1397514', 'tt2231461', 'tt1815862', 'tt1446714', 'tt3778644', 'tt4464394', 'tt3899796', 'tt3327624', 'tt1267299']",165," 2"" with the imdbID tt3896198. I choose this movie because it has a rating of 9, which is the highest among the movies I have rated so far. Additionally, I am a fan of the Marvel Cinematic Universe and I enjoyed the first ""Guardians of the Galaxy"" movie. The plot of ""Guardians of the Galaxy Vol. 2"" also seems intriguing, with the team facing new challenges and uncover"
1212,tt2883512,372,"['7', '6', '4', '8', '9', '2', '5', '3', '10', '1']","['tt1478964', 'tt1430607', 'tt1666801', 'tt3553442', 'tt1588173', 'tt2546038', 'tt1650043', 'tt4877122', 'tt2883512', 'tt1935929']",382," I choose this movie because it has a rating of 10, which indicates that it is highly regarded. Additionally, the plot of the movie, which revolves around a chef rediscovering his passion for cooking and finding a deeper connection with his family, aligns with my previous preferences for movies that explore personal growth and relationships."
1213,tt1397514,191,"['8', '6', '7', '2', '4', '9', '3', '8', '9', '5', '7', '10', '6', '8']","['tt2883512', 'tt1430607', 'tt1924273', 'tt2828996', 'tt1935929', 'tt1397514', 'tt4877122', 'tt3553442', 'tt1478964', 'tt2546038', 'tt1666801', 'tt1588173', 'tt1650043', 'tt1462769']",66," I choose this movie because I enjoy adventure films and the plot of discovering a mysterious island based on Jules Verne's works sounds intriguing. Additionally, I rated it highly with a 9, indicating that I believe it will be an entertaining and enjoyable movie to watch."
1214,tt1974419,149,"['8', '7', '6', '9', '8', '7', '6', '9', '8', '7']","['tt3973198', 'tt0993842', 'tt5173032', 'tt1599348', 'tt1650062', 'tt1658837', 'tt1712170', 'tt2044801', 'tt1974419', 'tt1600195']",323," I choose this movie because I enjoyed the intriguing plot and dark atmosphere. The story of a young aspiring model navigating the cutthroat world of the fashion industry fascinated me. The film explores themes of beauty, envy, and the lengths people will go to achieve success. The visually stunning cinematography and mesmerizing performances added to my interest in watching this movie."
1215,tt2278388,338,"['5', '4', '2', '5', '4', '3', '4', '5', '4', '3', '5', '3', '4', '2', '5', '5', '4', '5']","['tt2429074', 'tt1978532', 'tt1349482', 'tt0816692', 'tt1631867', 'tt2548208', 'tt2172934', 'tt0114709', 'tt1677561', 'tt1234721', 'tt2404425', 'tt4324274', 'tt2962876', 'tt0089538', 'tt1837709', 'tt4299972', 'tt2493486', 'tt2278388']",248," I choose this movie because it has a unique and intriguing plot set in a historical backdrop. The film combines elements of adventure, comedy, and mystery, making it an entertaining and captivating watch. Additionally, the stellar cast and visually stunning cinematography add to the overall appeal of the movie."
1216,tt1677561,436,"['6', '7', '8', '5', '9', '8', '10', '7', '4']","['tt2429074', 'tt1978532', 'tt4073952', 'tt1234721', 'tt2962876', 'tt2404425', 'tt1677561', 'tt1837709', 'tt1349482']",469," I choose this movie because it has a unique and intriguing plot that explores themes of redemption, self-discovery, and the complexities of life. The idea of a soul being given a second chance and having to uncover the mysteries of its past life and the reasons behind a teenager's suicide is captivating. The concept of the real world being filled with shades of grey and rainbows of colors adds an element of depth and symbolism to the"
1217,tt3896198,162,"['7', '6', '8', '5', '9', '10', '7', '9', '4', '8', '6', '9', '10\n\nReason: I would select ""Solo: A Star Wars Story"" to watch because I have always been a fan of the Star Wars franchise and this movie explores the backstory of one of my favorite characters, Han Solo. I am excited to see how Han Solo\'s journey unfolds and how he becomes the legendary smuggler we know him to be. Additionally, the inclusion of Chewbacca and Lando Calrissian adds to the anticipation of an exciting and action-packed adventure in the Star Wars']","['tt1298554', 'tt3922818', 'tt1397514', 'tt4788944', 'tt2231461', 'tt3896198', 'tt1698647', 'tt1620680', 'tt3899796', 'tt3480796', 'tt1815862', 'tt1446714', 'tt3778644']",59," 2"" with the imdbID tt3896198. 

Reason: I have thoroughly enjoyed the first Guardians of the Galaxy movie and based on my previous ratings, I have a preference for sci-fi and action films. ""Guardians of the Galaxy Vol. 2"" not only offers a thrilling and visually stunning experience, but it also continues the story of the lovable and quirky group of misfits. The humor, character development, and"
1218,tt1631867,173,"['6', '3', '8', '4', '7', '9']","['tt1978532', 'tt1349482', 'tt0114709', 'tt0089538', 'tt4299972', 'tt1631867']",111," I choose this movie because it has a high rating of 9 and the plot sounds intriguing. The idea of a time loop and the protagonist getting better with each battle is exciting and keeps me engaged. Additionally, the presence of Tom Cruise and Emily Blunt as the leads adds to the appeal of the movie."
1219,tt6769208,515,"['2', '4', '3', '5', '3', '4', '3', '5', '4', '5']","['tt2125666', 'tt3270538', 'tt1972663', 'tt2304915', 'tt1417592', 'tt1091863', 'tt1714917', 'tt6769208', 'tt4393514', 'tt3327994']",26," I choose this movie because I am fascinated by the ocean and its diverse ecosystems. The documentary promises to showcase the impact of human activities on the world's oceans, which aligns with my interest in environmental issues. Additionally, the revolutionary segments and stunning visuals mentioned in the plot make me excited to explore the underwater world in a unique and captivating way."
1220,tt3922818,100,"['8', '6', '7', '9', '7', '5', '4', '2', '3', '1']","['tt1192628', 'tt0401729', 'tt1397514', 'tt5607028', 'tt3922818', 'tt1815862', 'tt3416828', 'tt2404233', 'tt2381991', 'tt2379386']",510," I choose this movie because I am a fan of the anime series and I am intrigued to see how it is adapted into a live-action film. The concept of alchemy and the search for the philosopher's stone is fascinating to me, and I am excited to see how the story unfolds on the big screen."
1221,tt1825683,18,"['6', '2', '7', '4', '9', '3', '5', '2', '8', '10', '9']","['tt5487524', 'tt3899796', 'tt1397514', 'tt1815862', 'tt3498820', 'tt1267299', 'tt4464394', 'tt4831420', 'tt3480796', 'tt1825683', 'tt3922818']",426," I choose this movie because it has received a rating of 10, which indicates that it is highly regarded. Additionally, the plot description of ""Black Panther"" intrigues me with its combination of action, adventure, and political intrigue set in the technologically advanced nation of Wakanda."
1222,tt2380307,141,"['7', '6', '8', '9', '4', '10', '9', '7', '8', '9', '6', '8', '10', '2', '5']","['tt1623288', 'tt2293640', 'tt1691917', 'tt2576852', 'tt1615918', 'tt1430607', 'tt3521164', 'tt1430626', 'tt1302011', 'tt1690953', 'tt5184298', 'tt2065968', 'tt2380307', 'tt4877122', 'tt3416828']",292," It received a rating of 10, which indicates a strong preference for the movie. Additionally, ""Coco"" has a unique and captivating plot centered around family, music, and the exploration of Mexican culture. The story is heartwarming, visually stunning, and emotionally impactful. The combination of beautiful animation, memorable characters, and a compelling storyline makes ""Coco"" a top"
1223,tt1588173,213,"['8', '7', '3', '6', '5', '2', '4', '9', '7', '6', '9', '7', '8', '7', '8', '3', '6']","['tt2883512', 'tt1430607', 'tt4877122', 'tt2756032', 'tt1397514', 'tt1935929', 'tt5368354', 'tt1588173', 'tt3553442', 'tt1666801', 'tt1478964', 'tt1924273', 'tt2065968', 'tt4651520', 'tt1462769', 'tt2828996', 'tt1650043']",183," I choose this movie because it received a high rating of 9, indicating that it is highly enjoyable and well-received. Additionally, the plot of a zombie regaining his humanity and forming a warm relationship with a human sounds intriguing and unique. I am interested in watching this movie to see how the characters navigate their unusual circumstances and bridge the gap between the living and the undead."
1224,tt3553442,357,"['7', '6', '8', '5', '4', '9', '8', '7', '9', '6']","['tt1666801', 'tt2883512', 'tt2065968', 'tt1715873', 'tt5368354', 'tt3553442', 'tt2756032', 'tt1924273', 'tt1478964', 'tt1462769']",99," I choose this movie because it received a high rating of 9, indicating that it is highly enjoyable and well-received by viewers. The plot description of a news copywriter leaving her comfortable life to work as a reporter in war-torn Afghanistan sounds intriguing and offers a unique perspective on the challenges and experiences faced in a conflict zone. I am interested in seeing how the protagonist navigates the dangers and emotional"
1225,tt2756032,275,"['6', '7', '8', '9', '8', '7', '5', '6', '9', '8']","['tt1710417', 'tt2870808', 'tt2756032', 'tt1714915', 'tt2390361', 'tt2091935', 'tt1540128', 'tt1067774', 'tt2034031', 'tt2073520']",404," I choose this movie because it has the highest rating among the ones I have viewed so far (rating of 8). Additionally, the plot of the movie intrigues me with its concept of a troubled couple facing bizarre circumstances while on a getaway. I am interested to see how the story unfolds and how the characters navigate through their unique situation."
1226,tt2679042,441,"['7', '6', '8', '9', '7', '10', '5', '4', '9', '8']","['tt3732950', 'tt2059171', 'tt0790724', 'tt5362988', 'tt3062096', 'tt4912910', 'tt2679042', 'tt5254868', 'tt1600196', 'tt2025690']",470," I choose this movie because it has the highest rating among the movies I have viewed so far. Additionally, I am intrigued by the concept of an elite assassin who is genetically engineered to be the perfect killing machine. The plot involving a mega-corporation and the revelations about the protagonist's origins also sound intriguing. Overall, ""Hitman: Agent 47"" seems to offer a thrilling and action-packed experience,"
1227,tt1865505,219,"['7', '6', '8', '5', '9', '4', '7', '6', '6', '8', '9', '10', '9', '10', '7']","['tt0800369', 'tt0770828', 'tt2576852', 'tt0990407', 'tt1839492', 'tt2379386', 'tt0829150', 'tt2404233', 'tt2381991', 'tt1462769', 'tt1837709', 'tt1865505', 'tt3564794', 'tt1935859', 'tt5607028']",309," I choose this movie because it has received a rating of 10, which is the highest rating among the movies I have viewed. Additionally, the plot of ""Song of the Sea"" intrigues me as it combines elements of Irish and Scottish legends, magical creatures, and a journey to free trapped fairy creatures. I am drawn to the theme of reconnecting with nature and mythical beings, which I find fascinating."
1228,tt1355638,123,"['6', '3', '7', '8', '4', '9', '10', '5', '8', '7']","['tt1192628', 'tt2404233', 'tt1302011', 'tt1355638', 'tt1815862', 'tt3922818', 'tt5607028', 'tt1397514', 'tt1509767', 'tt1840309']",457," I choose this movie because I gave it a rating of 8, which is the highest rating among the movies I have viewed so far. Additionally, the plot of ""The Rabbi's Cat"" intrigues me with its unique setting in Algiers in the 1920s and the inclusion of talking animals. I am curious to see how the story unfolds and how the characters navigate their adventure."
1229,tt1234721,68,"['1', '3', '4', '7', '6']","['tt0089538', 'tt2429074', 'tt1349482', 'tt1234721', 'tt1978532']",127," I choose this movie because it combines elements of action, science fiction, and social commentary. The plot of a man becoming part-robot and seeking justice in a dystopian future intrigues me. Additionally, the concept of a corporation controlling law enforcement raises interesting ethical questions. Overall, I am drawn to the thrilling storyline and thought-provoking themes presented in ""RoboCop."""
1230,tt2177771,241,"['6', '7', '4', '5', '8', '9', '7', '6', '9', '5']","['tt1966566', 'tt0485985', 'tt1844203', 'tt1234719', 'tt2057392', 'tt1809398', 'tt1217613', 'tt1253863', 'tt2177771', 'tt1399103']",503," I choose this movie because it combines elements of history, action, and drama. As someone who appreciates art and history, the plot of rescuing artistic masterpieces from Nazi thieves during World War II is intriguing to me. Additionally, the fact that the characters are museum directors, curators, and art historians adds an interesting dynamic to the story. The mission to protect and preserve cultural heritage resonates with me"
1231,tt0970179,510,"['6', '7', '8', '4', '9', '5', '7', '10', '9', '8']","['tt2042568', 'tt5555502', 'tt2053425', 'tt2528814', 'tt2094064', 'tt0479997', 'tt5129510', 'tt0970179', 'tt2025690', 'tt1091191']",232," I choose this movie because it has a rating of 10, which is the highest among the movies I have viewed. Additionally, the plot of ""Hugo"" intrigues me as it combines elements of mystery, adventure, and a connection to the past. The story of an orphan boy unraveling the secrets of an automaton and discovering his own family history sounds captivating and heartwarming. I am drawn to the themes"
1232,tt1935859,424,"['7', '4', '8', '6', '5', '7', '9', '6', '8', '9']","['tt0770828', 'tt0990407', 'tt3731562', 'tt0800369', 'tt0829150', 'tt1667353', 'tt1865505', 'tt1496025', 'tt1839492', 'tt1935859']",587," I choose this movie because I am intrigued by the concept of a magical place filled with peculiar children and the mystery that surrounds it. The idea of different worlds and times also adds an element of adventure and excitement. Additionally, the fact that the protagonist, Jacob, discovers his own special ""peculiarity"" and must use it to save his new friends adds depth to the story. Overall, I"
1233,tt1234721,68,"['5', '3', '7', '8', '6']","['tt0089538', 'tt2429074', 'tt1349482', 'tt1234721', 'tt1978532']",70," I choose this movie because it has a rating of 8, which is the highest among the movies I have rated so far. Additionally, I am intrigued by the futuristic concept of a part-man, part-robot police officer and the moral dilemma it presents. I am curious to see how the movie explores the idea of justice and the conflict between man and machine."
1234,tt1345836,296,"['7', '4', '8', '6', '9', '10', '7', '5', '9', '6']","['tt2808986', 'tt2735292', 'tt1855199', 'tt4226388', 'tt2379713', 'tt1345836', 'tt3402236', 'tt1937133', 'tt3262342', 'tt2295196']",479," I choose this movie because I have consistently rated movies from the Batman franchise highly, such as ""The Dark Knight"" which I rated a 10. ""The Dark Knight Rises"" is the final installment in Christopher Nolan's Batman trilogy, and I am intrigued to see how the story concludes. The plot description also mentions that Batman is compelled to intervene and assist the city, which suggests a thrilling and action-packed storyline"
1235,tt0816442,445,"['8', '6', '7', '9', '10']","['tt1682180', 'tt2053463', 'tt2094064', 'tt2177771', 'tt0816442']",295," I choose this movie because it has a compelling and emotional storyline set during World War II. The plot revolves around the power of books and the importance of preserving culture and humanity in the face of adversity. As someone who appreciates historical dramas and meaningful narratives, ""The Book Thief"" appeals to my preferences."
1236,tt2065968,61,"['6', '4', '7', '8', '5', '2', '9', '10\n\nThe user wants to watch the movie ""Chef"" because it received a rating of 10. The reason for selecting this movie is because it tells a heartwarming story about rediscovering passion, pursuing dreams, and finding a deeper connection with family. The user is drawn to the idea of a chef embarking on a journey of self-discovery and culinary adventure, as well as the theme of following one\'s true passion against all odds.', '3', '9\n\nThe user wants to watch the movie ""Dragons: Gift of the Night Fury"" because it received a rating of 9. The reason for selecting this movie is because it is a heartwarming and adventurous animated film set in the world of dragons. The user is excited to see how Hiccup and Toothless navigate the challenges they face and discover the dragons\' secret. The movie promises to be a delightful and entertaining experience, perfect for a cozy movie night.', '1\n\nThe user rates ""The Emoji Movie"" with a rating of 1. The reason for this low rating is that the movie is generally considered to be poorly received by critics and audiences. It is seen as a shallow and uninspired attempt to capitalize on the popularity of emojis, lacking in originality and meaningful storytelling.', '2\n\nThe user rates ""Kirk Cameron\'s Saving Christmas"" with a rating of 2. The reason for this low rating is that the movie is seen as overly preachy and focused on promoting a specific religious agenda, rather than offering a well-rounded and enjoyable holiday film. It may not appeal to those who are not interested in religious themes or who prefer more secular holiday movies.', '7\n\nThe user rates ""Diary of a Wimpy Kid: Rodrick Rules"" with a rating of 7. This movie is seen as an entertaining and light-hearted comedy that explores the challenges and dynamics of sibling relationships. The user appreciates the humor and relatability of the situations faced by the characters, making it an enjoyable watch.', '9\n\nThe user rates ""Attack the Block"" with a rating of 9. This movie is highly regarded for its unique blend of sci-fi, action, and comedy. The user enjoys the thrilling and fast-paced storyline, as well as the dynamic between the young protagonists. The movie is praised for its creativity, engaging plot, and impressive visual effects. It promises to be an exciting and entertaining watch.', '8\n\nThe user rates ""Ghost Graduation"" with a rating of 8. This movie combines elements of supernatural mystery and comedy, creating an intriguing and entertaining storyline. The user is intrigued by the concept of a teacher who can see and interact with ghosts and the idea of helping these spirits find peace. The mix of humor and paranormal elements makes it a unique and enjoyable film.', '4\n\nThe user rates ""A Haunted House 2"" with a rating of 4. This movie is seen as a comedy-horror film that relies heavily on crude humor and exaggerated paranormal elements. While it may provide some laughs and entertainment for fans of this genre, it is not considered to be a particularly strong or memorable film. The user finds the concept of a haunted house and the comedic elements somewhat enjoyable, but overall, it falls short in terms of originality and storytelling.']","['tt1430607', 'tt1666801', 'tt1397514', 'tt1588173', 'tt3553442', 'tt1935929', 'tt2756032', 'tt2883512', 'tt2546038', 'tt2065968', 'tt4877122', 'tt4009460', 'tt1650043', 'tt1478964', 'tt1924273', 'tt2828996']",68," This movie received a rating of 9, indicating that the user found it highly enjoyable. The user expressed interest in the heartwarming and adventurous animated film set in the world of dragons. The movie promises to offer a delightful and entertaining experience, perfect for a cozy movie night."
1237,tt1462769,153,"['8', '7', '4', '6', '5', '2', '3', '9', '1', '7', '9', '6', '10', '8', '9', '3', '10', '7']","['tt5368354', 'tt1588173', 'tt4126340', 'tt1666801', 'tt1650043', 'tt4009460', 'tt2828996', 'tt2756032', 'tt4877122', 'tt1462769', 'tt2065968', 'tt1397514', 'tt2883512', 'tt1924273', 'tt1478964', 'tt1935929', 'tt1430607', 'tt2546038']",92," I choose this movie because it has a rating of 7, which is above average based on my previous ratings. Additionally, the plot of the movie about a couple who unexpectedly becomes parents and learns valuable lessons about parenthood intrigues me. It seems like a heartwarming and emotional story that I would enjoy watching."
1238,tt1714915,121,"['7', '4', '2', '8', '6', '9', '9', '3', '5', '6']","['tt1596365', 'tt3732950', 'tt3201722', 'tt4094724', 'tt3705412', 'tt1714915', 'tt1441395', 'tt3099498', 'tt2140423', 'tt4464394']",552," I choose this movie because I have consistently rated movies with a dark and mysterious atmosphere higher. This movie explores themes of love, immortality, and the struggle to find meaning in a world that seems to be falling apart. The combination of a unique storyline, beautiful cinematography, and strong performances make ""Only Lovers Left Alive"" an intriguing choice for me."
1239,tt1478964,248,"['6', '4', '7', '8', '2', '9', '5', '9', '7', '3', '8']","['tt2828996', 'tt1397514', 'tt1430607', 'tt2883512', 'tt4009460', 'tt1478964', 'tt1666801', 'tt1588173', 'tt1650043', 'tt4877122', 'tt3553442']",138," I choose this movie because it received a rating of 9, which is one of the highest ratings I have given so far. Additionally, the plot of the movie intrigues me as it involves a group of tough inner-city kids forming an unlikely alliance to defend their turf against savage alien creatures. The combination of action, suspense, and the unique setting of a South London apartment complex turned intergalactic war-zone makes it"
1240,tt1588173,218,"['1', '1', '2', '4', '5', '3', '2', '1', '4', '5', '4']","['tt2828996', 'tt1935929', 'tt2546038', 'tt1478964', 'tt2883512', 'tt1666801', 'tt1397514', 'tt4877122', 'tt1924273', 'tt1588173', 'tt3553442']",330," I choose this movie because it has a unique and interesting premise, blending elements of romance and the supernatural. The idea of a zombie regaining his humanity and forming a connection with a human is intriguing. Additionally, the concept of bridging the gap between two opposing sides and fighting for a better world adds depth to the story. Overall, ""Warm Bodies"" offers a fresh take on the zombie genre and promises an engaging and heartfelt experience"
1241,tt2802144,371,"['8', '7', '6', '9', '5', '10', '8']","['tt2267968', 'tt1232829', 'tt4116284', 'tt1618442', 'tt1496025', 'tt2802144', 'tt4853102']",137," I choose this movie because it has a rating of 10, which indicates that it is highly regarded. Additionally, the plot description suggests an intriguing storyline involving secret organizations, action, and a protagonist's journey to become a hero. This combination of elements makes me curious and eager to watch the film."
1242,tt3262342,389,"['7', '6', '8', '9', '7', '10', '4', '8', '9', '5', '2', '3', '10', '9', '8']","['tt3521164', 'tt2065968', 'tt2452042', 'tt1430626', 'tt5480340', 'tt1623288', 'tt1402488', 'tt5184298', 'tt1690953', 'tt1691917', 'tt4877122', 'tt1615918', 'tt3262342', 'tt2576852', 'tt1430607']",474," I would choose this movie because I have consistently rated movies with artistic and visually stunning elements highly, such as ""The Peanuts Movie"" and ""The Pirates! Band of Misfits."" ""Loving Vincent"" is a unique film that stands out due to its innovative technique of being entirely hand-painted in the style of Vincent van Gogh's artwork. The plot, revolving around the mysterious life and death of the"
1243,tt2065968,327,"['7', '6', '8', '9', '5', '7', '8', '9', '10', '6']","['tt4651520', 'tt1650043', 'tt1462769', 'tt1478964', 'tt5368354', 'tt1924273', 'tt2756032', 'tt2065968', 'tt1588173', 'tt1666801']",420," The idea of a troubled couple going on a getaway and encountering bizarre circumstances piques my curiosity. Additionally, it has received a high rating from me (8), indicating that I found it to be a compelling and enjoyable film."
1244,tt5362988,478,"['6', '7', '5', '8', '4', '9', '7', '9', '6', '8', '3']","['tt3062096', 'tt4912910', 'tt3247714', 'tt1600196', 'tt1829012', 'tt5362988', 'tt2025690', 'tt2911666', 'tt2059171', 'tt0790724', 'tt5254868']",597," Additionally, I am intrigued by the plot of the movie, which involves a murder investigation in a harsh and unforgiving environment. The combination of mystery, suspense, and the exploration of justice appeals to my preferences."
1245,tt1499658,3,"['6', '4', '8', '7', '5', '6', '9', '7', '8', '6']","['tt2172934', 'tt2679042', 'tt2347134', 'tt1829012', 'tt4651410', 'tt4442130', 'tt1499658', 'tt2167202', 'tt2140423', 'tt2134170']",23," I choose this movie because it has a high rating of 9, indicating that it is highly enjoyable and entertaining. Additionally, the plot of the movie, revolving around three friends plotting to kill their horrible bosses, seems intriguing and promises a mix of comedy and suspense."
1246,tt3922818,123,"['8', '4', '7', '6', '5', '9', '8', '6', '7', '9']","['tt1192628', 'tt2404233', 'tt1302011', 'tt1355638', 'tt1815862', 'tt3922818', 'tt5607028', 'tt1397514', 'tt1509767', 'tt1840309']",127," I choose this movie because it has the highest rating among the movies I have rated so far. Additionally, the plot of ""The Space Between Us"" intrigues me as it explores the concept of a human born on Mars and their journey to Earth. I am curious to see how the protagonist navigates the challenges of adapting to a new planet and uncovering the truth about his father."
1247,tt1596365,189,"['2', '3', '4', '2', '4', '5', '3', '4', '3', '1', '2', '5']","['tt3099498', 'tt2274570', 'tt3732950', 'tt4796122', 'tt0905372', 'tt4348012', 'tt4126568', 'tt1441395', 'tt4094724', 'tt3899796', 'tt2828996', 'tt1596365']",557," Additionally, I am intrigued by the plot involving a haunted house and a vengeful ghost seeking revenge. The suspense and mystery surrounding the story make it a compelling choice for me to watch."
1248,tt2267968,240,"['6', '4', '8', '7', '9', '5', '10', '8', '3', '9', '6', '7']","['tt4464394', 'tt2458106', 'tt2802144', 'tt2027128', 'tt5607028', 'tt0825283', 'tt4116284', 'tt1232829', 'tt2808986', 'tt2267968', 'tt1937133', 'tt1496025']",97," I choose this movie because I have consistently rated animated movies highly in the past, and ""Kung Fu Panda 3"" has received a rating of 9, which is one of the highest ratings among the movies I have viewed. Additionally, I enjoy the humor and heartwarming themes present in the Kung Fu Panda franchise, and the plot of this movie, involving Po's journey to train a"
1249,tt1478964,473,"['7', '3', '4', '8', '9', '6', '2', '10', '5', '7', '9', '1', '6', '7']","['tt1462769', 'tt2828996', 'tt5368354', 'tt1924273', 'tt1430607', 'tt2756032', 'tt4877122', 'tt1478964', 'tt2065968', 'tt3553442', 'tt1588173', 'tt1935929', 'tt1666801', 'tt1650043']",518," I would choose this movie because I have consistently rated movies with a sci-fi or fantasy element higher than others. ""Attack the Block"" combines elements of both sci-fi and action, with a unique twist of a gang of tough inner-city kids defending their turf against alien creatures. The plot sounds intriguing and I am interested to see how the characters navigate this intergalactic war-zone."
1250,tt2278388,544,"['7', '6', '5', '3', '8', '9', '4', '6', '7', '10', '9', '8', '7', '9', '10', '8', '6', '9']","['tt1234721', 'tt0816692', 'tt2172934', 'tt1349482', 'tt2404425', 'tt1631867', 'tt2429074', 'tt1978532', 'tt1837709', 'tt0114709', 'tt2493486', 'tt4299972', 'tt4073952', 'tt1677561', 'tt2278388', 'tt4324274', 'tt2548208', 'tt2962876']",408," Additionally, I am drawn to the plot description, which promises a captivating story set in a famous European hotel between the wars. The combination of adventure, mystery, and a changing continent intrigues me and makes me eager to watch this film."
1251,tt1837709,265,"['7', '6', '5', '3', '8', '9', '4', '7', '6']","['tt1837709', 'tt1677561', 'tt4073952', 'tt1349482', 'tt2962876', 'tt2404425', 'tt2429074', 'tt1234721', 'tt1978532']",162," I choose this movie because it received a rating of 7, which is the highest among the movies I have rated so far. Additionally, I am intrigued by the plot description, which involves a love story set in a unique and imaginative world. I am curious to see how the story unfolds and how the characters navigate their challenges."
1252,tt1446714,5,"['6', '3', '7', '2', '8', '9', '5', '4', '9', '7', '10', '8', '9']","['tt1267299', 'tt4831420', 'tt1397514', 'tt3899796', 'tt5487524', 'tt3498820', 'tt1815862', 'tt4464394', 'tt1446714', 'tt3480796', 'tt1825683', 'tt3922818', 'tt3896198']",117," I choose this movie because I am intrigued by the concept of exploring the origins of humanity and the mysteries surrounding the Engineers. The plot seems to offer a mix of science fiction, adventure, and suspense, which I find appealing. Additionally, the high rating of 9 suggests that it is a well-received film, further piquing my interest."
1253,tt2883512,261,"['8', '7', '3', '6', '9', '7', '4', '5', '2', '9', '10\n\nReason for selection: I would like to watch ""Chef"" because it tells a heartwarming story of a chef who rediscovers his passion for cooking and finds a deeper connection with his family. The plot seems engaging and I appreciate the themes of following one\'s instincts and pursuing one\'s dreams. Additionally, the idea of a food truck journey across America sounds like a unique and enjoyable adventure.', '1']","['tt1462769', 'tt1430607', 'tt2828996', 'tt1666801', 'tt1588173', 'tt1924273', 'tt4877122', 'tt1397514', 'tt4009460', 'tt2065968', 'tt2883512', 'tt4126340']",220," The plot seems engaging and the idea of a food truck journey across America sounds like a unique and enjoyable adventure. Additionally, the themes of following one's instincts and pursuing one's dreams resonate with me."
1254,tt1596365,189,"['5', '4', '2', '3', '7', '8', '6', '9', '7', '3', '2', '10']","['tt3099498', 'tt2274570', 'tt3732950', 'tt4796122', 'tt0905372', 'tt4348012', 'tt4126568', 'tt1441395', 'tt4094724', 'tt3899796', 'tt2828996', 'tt1596365']",569," I choose this movie because I have a preference for horror films and this one seems to have a compelling and chilling plot. The idea of a vengeful ghost haunting a remote house and seeking revenge is intriguing to me. Additionally, the mystery surrounding the ghost's backstory and her connection to the local children adds an extra layer of suspense. Overall, I believe ""The Woman in Black"" will provide a thrilling and unsettling"
1255,tt2025690,62,"['6', '4', '7', '8', '9', '10', '2', '5', '8', '7', '9']","['tt2134170', 'tt3732950', 'tt4126568', 'tt3247714', 'tt1886493', 'tt2025690', 'tt3181822', 'tt3480796', 'tt5254868', 'tt1829012', 'tt1600196']",146," I choose this movie because it tells a compelling and inspiring true story about the bravery and resilience of the Coast Guard members who risked their lives to rescue stranded sailors. The plot of the movie, set in a treacherous storm, creates a sense of suspense and adventure. Additionally, I appreciate movies that showcase acts of heroism and highlight the strength of the human spirit in the face of adversity."
1256,tt2404425,461,"['6', '4', '7', '8', '5']","['tt1677561', 'tt4073952', 'tt2404425', 'tt2962876', 'tt1978532']",179," I choose this movie because it has a rating of 7, which is the highest among the movies I have rated so far. Additionally, the plot of the movie seems intriguing and meaningful, as it revolves around seeking justice for the art stolen by the Nazis during World War II. I am interested in historical events and stories of resilience, so ""Woman in Gold"" appeals to me in that aspect."
1257,tt2119532,494,"['6', '7', '8', '5', '9', '10', '7', '9', '6', '10', '8']","['tt1234719', 'tt1966566', 'tt1568911', 'tt3553442', 'tt4555426', 'tt0816442', 'tt5013056', 'tt0458339', 'tt1217613', 'tt2119532', 'tt1091191']",419," It received a rating of 10, indicating that it was highly appreciated by the user. ""Hacksaw Ridge"" tells the true story of Desmond T. Doss, a conscientious objector who showed incredible bravery and saved numerous lives during the Battle of Okinawa. The user's previous ratings suggest a preference for war-related movies and"
1258,tt2027128,187,"['6', '7', '3', '8', '9', '4', '5', '7', '2', '6']","['tt4116284', 'tt4853102', 'tt2379386', 'tt1428538', 'tt2027128', 'tt2458106', 'tt1397514', 'tt3247714', 'tt4651410', 'tt2381991']",476," I choose this movie because I have consistently rated superhero movies highly in the past, and Justice League: Doom is a part of the Justice League franchise, which I have enjoyed. Additionally, the plot of the movie, involving the Justice League facing personal challenges and working together to overcome them, appeals to me."
1259,tt3270538,511,"['7', '6', '8', '9', '7', '9', '10', '8', '6', '9', '8', '7', '8']","['tt2008513', 'tt1091863', 'tt1605782', 'tt1942884', 'tt1714917', 'tt4229236', 'tt3270538', 'tt5342766', 'tt2125666', 'tt2304915', 'tt1417592', 'tt1559038', 'tt1223236']",40," This documentary explores the concentration of wealth and power in the hands of a select few, which is a topic I find intriguing and relevant. It delves into the principles and policies that have led to unprecedented inequality and the erosion of democracy. As someone who values social and economic justice, this film resonates with my interests and concerns."
1260,tt2576852,148,"['7', '6', '4', '8', '9', '5', '9', '10', '7', '3', '6']","['tt3564794', 'tt1935859', 'tt1071875', 'tt2404233', 'tt2576852', 'tt1854564', 'tt0770828', 'tt5607028', 'tt1837709', 'tt2379386', 'tt2381991']",324," I choose this movie because it received a high rating of 9, indicating that it is likely to be a well-made and enjoyable film. Additionally, the plot description of a princess found in a bamboo and the challenges she faces sounds intriguing and unique. I am interested in watching this movie to see how the story unfolds and to experience the magical and enchanting world of Princess Kaguya."
1261,tt1428538,468,"['2', '3', '4', '1', '5', '2', '3', '4', '4', '5']","['tt1815862', 'tt1496025', 'tt2347134', 'tt2379386', 'tt2802144', 'tt4464394', 'tt1428538', 'tt4116284', 'tt2267968', 'tt1232829']",556," I choose this movie because I enjoy action-packed fantasy films and the concept of the classic fairy tale characters as witch hunters intrigues me. Additionally, I appreciate movies that explore the backstory and development of well-known characters, and ""Hansel & Gretel: Witch Hunters"" seems to offer an interesting twist on the original story."
1262,tt2962876,265,"['6', '4', '7', '3', '8', '9', '5', '7', '6']","['tt1837709', 'tt1677561', 'tt4073952', 'tt1349482', 'tt2962876', 'tt2404425', 'tt2429074', 'tt1234721', 'tt1978532']",189," The movie explores the journey of a young man with Tourette Syndrome and his experiences in a clinic, along with his companions who have their own unique challenges. The road trip aspect adds an element of adventure and self-discovery. Overall, it seems like a heartfelt and thought-provoking film that I would be"
1263,tt1999192,484,"['9', '7', '8', '6', '8', '9', '7', '6', '9', '8']","['tt4229236', 'tt1417592', 'tt2014338', 'tt3270538', 'tt1999192', 'tt1091863', 'tt5342766', 'tt1605782', 'tt2246565', 'tt3626804']",357," I choose this movie because I enjoy stand-up comedy and Kevin Hart is known for his hilarious performances. Additionally, the plot description promises that I will laugh until it hurts, which indicates that it will be a highly entertaining and enjoyable experience."
1264,tt2883512,368,"['6', '4', '7', '5', '8', '9', '8', '9', '3', '7', '10']","['tt3553442', 'tt2756032', 'tt1924273', 'tt1397514', 'tt2065968', 'tt1462769', 'tt1478964', 'tt1588173', 'tt5368354', 'tt1666801', 'tt2883512']",82," I choose this movie because it has a rating of 10, which indicates that it was highly enjoyed by the user. Additionally, the plot of the movie revolves around a chef rediscovering his passion for cooking and finding a deeper connection with his life and family. This theme aligns with the user's previous preferences for movies that explore personal growth and relationships."
1265,tt1855199,449,"['7', '6', '8', '9', '6', '7', '9']","['tt2044801', 'tt5184298', 'tt2494362', 'tt3205376', 'tt2231253', 'tt2293640', 'tt1855199']",272," The movie explores the dangerous and complex world of street cops in Los Angeles, dealing with issues of crime, gangs, and internal conflicts within the police force. The storyline and the potential for intense action and suspense make me eager to watch ""End of Watch""."
1266,tt2246565,427,"['7', '6', '8', '9', '7', '8', '9', '7', '6', '8', '9', '10']","['tt1605782', 'tt3626804', 'tt4229236', 'tt3327994', 'tt2014338', 'tt1714917', 'tt1091863', 'tt4393514', 'tt1999192', 'tt5342766', 'tt1223236', 'tt2246565']",41," The film promises to provide a fascinating insight into Randi's life and his efforts to expose psychics and con-artists. Additionally, the revelation in Randi's personal life adds an intriguing twist to the story. Overall, I believe ""An Honest Liar"" will offer an engaging and thought-provoking viewing"
1267,tt2576852,138,"['2', '7', '6', '4', '8', '9', '5', '3', '7', '9', '6']","['tt4877122', 'tt1690953', 'tt1430626', 'tt3416828', 'tt1430607', 'tt3262342', 'tt2293640', 'tt5184298', 'tt2865120', 'tt2576852', 'tt5480340']",382," I choose this movie because it has received a high rating of 9, indicating that it is likely to be a well-made and enjoyable film. Additionally, the plot description of a princess found in a bamboo and her journey to find memorable marriage gifts sounds intriguing and unique. I am interested in watching this movie to see how the story unfolds and to appreciate the animation style."
1268,tt1441952,118,"['8', '7', '6', '7', '4', '9', '10', '5', '3', '8']","['tt1473832', 'tt1763303', 'tt1710417', 'tt2870808', 'tt4465564', 'tt1441952', 'tt2209418', 'tt1243974', 'tt2322441', 'tt2053425']",52," I choose this movie because it has a high rating of 9, indicating that it is highly recommended. Additionally, the plot of the movie seems intriguing and unique, with a visionary sheikh attempting to bring the sport of salmon fishing to the desert. The combination of unlikely circumstances and the involvement of Britain's leading fisheries expert promises an interesting and captivating story."
1269,tt2962876,245,"['7', '6', '3', '5', '8', '9', '7', '9', '8', '6', '9']","['tt4073952', 'tt2404425', 'tt2429074', 'tt1349482', 'tt1978532', 'tt0816692', 'tt2493486', 'tt2962876', 'tt1837709', 'tt1234721', 'tt1677561']",482," I choose this movie because it has a high rating of 9, indicating that it is highly enjoyable and well-received by viewers. Additionally, the plot of the movie, which revolves around three individuals with unique challenges going on a transformative road trip, seems intriguing and emotionally engaging. I am particularly drawn to stories that explore personal growth and relationships, and ""The Road Within"" appears to offer that."
1270,tt1825683,18,"['7', '3', '6', '4', '8', '5', '2', '3', '7', '9', '8']","['tt5487524', 'tt3899796', 'tt1397514', 'tt1815862', 'tt3498820', 'tt1267299', 'tt4464394', 'tt4831420', 'tt3480796', 'tt1825683', 'tt3922818']",424,
1271,tt2267968,252,"['7', '6', '8', '5', '4', '9', '3', '10', '10\n\nReason: I would like to watch ""Kingsman: The Secret Service"" because it combines action, humor, and a unique twist on the spy genre. The movie has received high ratings and positive reviews, and the plot seems intriguing with the concept of a secret organization and the protagonist\'s journey to become a Kingsman. Additionally, the presence of talented actors like Colin Firth adds to the appeal. Overall, it promises to be an entertaining and thrilling film experience.', '7', '9\n\nReason: I would like to watch ""Fullmetal Alchemist"" because I am a fan of anime and the plot of this movie seems intriguing. The concept of alchemy in a realistic setting, along with the consequences faced by the main characters, Edward and Alphonse Elric, adds depth to the story. The quest for the philosopher\'s stone to restore their bodies creates a sense of mystery and adventure. Additionally, the themes of sacrifice, brotherhood, and the exploration of moral dile', '8\n\nReason: I would like to watch ""The Lego Batman Movie"" because it offers a unique and humorous take on the iconic Batman character. The plot seems entertaining, with Batman having to learn to work with others and overcome his lone vigilante persona to save Gotham City from The Joker. The use of Lego animation adds a fun and visually appealing aspect to the film. Additionally, the movie has received positive reviews for its humor, animation, and voice performances. Overall, it promises to be a l', '6', '7']","['tt1232829', 'tt1428538', 'tt1496025', 'tt2381991', 'tt4464394', 'tt2027128', 'tt2808986', 'tt2267968', 'tt2802144', 'tt1937133', 'tt5607028', 'tt4116284', 'tt0825283', 'tt2458106']",603," I choose this movie because it has received a rating of 10, which indicates that it is highly regarded. Additionally, I enjoy animated films, and the combination of action, humor, and the theme of personal growth in the Kung Fu Panda series appeals to me. The plot of Po training a village of pandas to fight against a supernatural villain sounds exciting and entertaining. Overall, ""Kung Fu"
1272,tt1631867,540,"['8', '7', '9', '6', '9']","['tt0114709', 'tt0816692', 'tt2278388', 'tt4299972', 'tt1631867']",19," 

I choose this movie because it has a unique and intriguing plot. The idea of a time loop and the protagonist gradually improving their skills and knowledge with each repetition is fascinating to me. Additionally, the concept of an unrelenting alien invasion and the intense action sequences add to the excitement of the film. Overall, I am drawn to the combination of science fiction, action, and the element of personal growth in Edge of Tomorrow."
1273,tt5804038,546,"['8', '6', '7', '9', '4', '6', '8', '9', '10', '7', '8']","['tt3626804', 'tt2014338', 'tt1091863', 'tt6769208', 'tt1972663', 'tt4393514', 'tt3327994', 'tt2246565', 'tt5804038', 'tt1999192', 'tt5342766']",519," I choose this movie because it explores the lives and assassinations of three influential figures in the civil rights movement: Medgar Evers, Malcolm X, and Martin Luther King Jr. The documentary is based on James Baldwin's unfinished manuscript and offers a unique perspective on racial inequality and social justice. Given my previous preferences for thought-provoking and impactful films, ""I Am Not Your Negro"" aligns with my"
1274,tt3922818,292,"['6', '4', '8', '3', '7', '9', '5', '7', '9', '8']","['tt1397514', 'tt2379386', 'tt1192628', 'tt2404233', 'tt1509767', 'tt3922818', 'tt0401729', 'tt3416828', 'tt1840309', 'tt1355638']",261," I choose this movie because it has a rating of 9, which is the highest among the movies I have rated so far. Additionally, the plot of a boy born on Mars who longs to explore Earth and find his father sounds intriguing and unique. I am interested in seeing how the story unfolds and how the character navigates the challenges of living in two different worlds."
1275,tt1446714,224,"['7', '6', '5', '2', '8', '9', '7', '4', '6', '10', '3']","['tt3922818', 'tt4547056', 'tt1698647', 'tt3899796', 'tt1397514', 'tt1446714', 'tt1620680', 'tt2231461', 'tt4788944', 'tt1825683', 'tt4831420']",347," I choose this movie because it has the highest rating among the movies I have viewed so far. Additionally, I am intrigued by the plot that involves exploring a mysterious alien species and the fundamental questions of human existence."
1276,tt2278388,54,"['6', '7', '8', '5', '9', '10', '4', '10\n\nReason for selecting ""Toy Story"": \nI would like to watch ""Toy Story"" because it is a timeless classic that has captivated audiences for years. The story of toys coming to life and going on an adventure is not only entertaining but also nostalgic. The characters are lovable and relatable, and the animation is impressive. Additionally, ""Toy Story"" has a heartwarming message about friendship, loyalty, and the value of being true to oneself. Overall, it promises to be', '7\n\nReason for selecting ""Someone Marry Barry"":\nI would like to watch ""Someone Marry Barry"" because it seems like a fun and light-hearted comedy. The plot of friends trying to find a wife for their socially inappropriate friend sounds like it could lead to some hilarious and entertaining situations. I enjoy movies that make me laugh and this one seems like it has the potential to do just that. Additionally, the idea of the main character finding someone who is just like him adds an interesting twist to']","['tt0089538', 'tt2429074', 'tt1234721', 'tt1349482', 'tt1631867', 'tt2278388', 'tt4299972', 'tt0114709', 'tt1978532']",434," 

The reason for selecting ""The Grand Budapest Hotel"" is because it received a rating of 10, which indicates that it is highly regarded by the user. Additionally, the plot description of the movie, involving the adventures of a legendary concierge and a trusted friend, along with the backdrop of a changing continent, sounds intriguing and unique. The combination of Wes Anderson's distinctive visual style and the talented cast make it"
1277,tt1935859,393,"['6', '4', '7', '5', '8', '9', '3', '6', '8', '9']","['tt0800369', 'tt1865505', 'tt5607028', 'tt0829150', 'tt3564794', 'tt0770828', 'tt2404233', 'tt0990407', 'tt1935859', 'tt1839492']",26," I select this movie because I have consistently rated movies with fantasy and adventure elements higher, such as ""Thor"" and ""Man of Steel"". ""Miss Peregrine's Home for Peculiar Children"" offers a unique and mysterious storyline with special powers and enemies, which aligns with my preferences. Additionally, the idea of different worlds and times intrigues me."
1278,tt1596365,194,"['8', '3', '9', '6', '4', '7', '5', '2', '8', '7', '9', '1', '6', '4', '7', '9']","['tt1441395', 'tt2828996', 'tt1714915', 'tt2140423', 'tt4796122', 'tt4126568', 'tt3732950', 'tt3899796', 'tt4094724', 'tt3487994', 'tt1596365', 'tt3201722', 'tt3705412', 'tt4464394', 'tt3099498', 'tt0905372']",600," I choose this movie because it has a rating of 9, which is the highest among the movies I have rated so far. Additionally, I am drawn to the intriguing plot involving a haunted house and a vengeful ghost seeking revenge. The setting and the mystery surrounding the ghost's motives make it a compelling choice for a suspenseful and thrilling viewing experience."
1279,tt2883512,125,"['2', '3', '4', '5', '1', '4', '1', '2', '3', '4', '5', '3', '4', '5']","['tt4877122', 'tt1650043', 'tt1666801', 'tt4651520', 'tt4009460', 'tt1430607', 'tt2828996', 'tt1935929', 'tt3553442', 'tt1715873', 'tt2883512', 'tt1397514', 'tt2546038', 'tt1478964']",202," I choose this movie because it received a rating of 5, which is the highest rating among the movies I have viewed. Additionally, the plot of ""Chef"" resonates with me as it tells the story of a talented chef who rediscovers his passion for cooking and finds a deeper connection with his family. I am drawn to movies that explore personal growth, self-discovery, and the pursuit of one's passion. Therefore"
1280,tt1631867,54,"['4', '3', '8', '5', '9', '7', '6', '10', '6']","['tt0089538', 'tt2429074', 'tt1234721', 'tt1349482', 'tt1631867', 'tt2278388', 'tt4299972', 'tt0114709', 'tt1978532']",232," I choose this movie because it has a unique and intriguing plot. The idea of a time loop and the protagonist gradually improving their skills to fight against an alien invasion sounds very exciting and action-packed. I am drawn to the concept of the main character facing the same battle repeatedly and finding ways to overcome the challenges. It promises a thrilling and suspenseful experience, which is why I want to watch it."
1281,tt1397514,385,"['7', '6', '8', '6', '9', '7', '2', '10', '3', '4', '8', '5', '3', '9', '7', '9', '4', '6', '8', '7']","['tt1478964', 'tt2546038', 'tt1666801', 'tt1650043', 'tt2065968', 'tt3553442', 'tt4009460', 'tt1430607', 'tt4877122', 'tt1935929', 'tt1397514', 'tt5368354', 'tt4126340', 'tt2883512', 'tt1243974', 'tt1588173', 'tt2828996', 'tt1798603', 'tt1462769', 'tt1924273']",295," I choose this movie because I enjoy adventure films and it seems to have an intriguing plot. The idea of exploring a mysterious island and solving a puzzle left by the legendary Vernian Alexander sounds exciting. Additionally, the presence of Dwayne ""The Rock"" Johnson in the cast adds to the appeal."
1282,tt6769208,535,"['8', '6', '7', '9', '8', '9', '7', '10', '8', '9', '9']","['tt5804038', 'tt3626804', 'tt1972663', 'tt2014338', 'tt4393514', 'tt1942884', 'tt2246565', 'tt6769208', 'tt5342766', 'tt2008513', 'tt3327994']",246," I choose this movie because I have always been fascinated by the wonders of the ocean and the intricate ecosystems within it. The previous ratings I have given indicate my interest in documentaries and films that explore the natural world. ""Blue Planet II"" not only showcases the beauty and diversity of marine life but also delves into the impact of human activities on the oceans. This combination of stunning visuals, educational content, and environmental awareness makes"
1283,tt4547056,295,"['6', '7', '4', '5', '5', '8', '9', '7', '8', '2', '3', '6', '4', '9', '8', '2', '7', '9']","['tt2231461', 'tt1825683', 'tt3480796', 'tt1397514', 'tt4788944', 'tt3896198', 'tt4547056', 'tt3778644', 'tt3498820', 'tt3899796', 'tt4464394', 'tt1815862', 'tt2808986', 'tt1620680', 'tt1446714', 'tt4831420', 'tt1698647', 'tt1298554']",427," I choose this movie because it received a high rating of 9, which indicates that it is likely to be a well-made and enjoyable film. Additionally, the plot description intrigues me with its dystopian setting and unique take on the zombie genre. The idea of a young girl with both human emotions and a craving for human flesh presents an interesting moral dilemma, and I am curious to see how the story"
1284,tt3402236,288,"['7.', '6.', '4.', '8.', '5.', '3.', '2.', '9.', '10.', '1.', '9.', '10.']","['tt1829012', 'tt4442130', 'tt4651410', 'tt1855199', 'tt2167202', 'tt2679042', 'tt2140423', 'tt1937133', 'tt2053463', 'tt2808986', 'tt2172934', 'tt3402236']",404," Additionally, I am intrigued by the plot of a murder mystery taking place on a train, and the presence of Hercule Poirot, who is known as the best detective in the world. The idea of solving a complex crime while being trapped on a train adds an extra layer of suspense and intrigue to the story"
1285,tt1677561,264,"['5', '3', '4', '4', '3', '2', '3', '2', '4', '5']","['tt1837709', 'tt4073952', 'tt2404425', 'tt2962876', 'tt2493486', 'tt1234721', 'tt1978532', 'tt1349482', 'tt2429074', 'tt1677561']",41," I choose this movie because it explores themes of redemption, self-discovery, and the complexities of life. The plot of a soul getting a second chance in the body of a troubled teenager intrigues me, as it promises to offer a unique perspective on the human experience. Additionally, the mystery surrounding the soul's past actions and the reasons behind the protagonist's suicide adds an element of suspense and emotional depth to the"
1286,tt1935859,182,"['8', '6', '7', '9', '3', '8', '4', '9', '6', '8']","['tt2338151', 'tt1865505', 'tt0800369', 'tt2061702', 'tt2379386', 'tt1837709', 'tt2735292', 'tt0770828', 'tt1667353', 'tt1935859']",490," 

I choose this movie because it combines mystery, fantasy, and adventure, which are genres that I enjoy. The plot of discovering a magical place and the special powers of the peculiar children intrigues me. Additionally, the idea of a protagonist with a unique ability that can save his friends adds an extra layer of excitement. Overall, I am drawn to the imaginative and captivating storyline of this movie."
1287,tt3262342,389,"['8', '6', '7', '9', '5', '10', '3', '7', '8', '4', '2', '6', '9', '10', '9']","['tt3521164', 'tt2065968', 'tt2452042', 'tt1430626', 'tt5480340', 'tt1623288', 'tt1402488', 'tt5184298', 'tt1690953', 'tt1691917', 'tt4877122', 'tt1615918', 'tt3262342', 'tt2576852', 'tt1430607']",270," I choose this movie because it received a high rating of 9, indicating that it is highly regarded. Additionally, the plot of ""Loving Vincent"" intrigues me as it explores the life and art of Vincent van Gogh in a unique and visually stunning way. I am interested in learning more about the artist and delving into the mysterious circumstances surrounding his life and death."
1288,tt1446714,289,"['8', '4', '9', '7', '6', '5', '2', '9', '8', '10', '3', '7']","['tt3896198', 'tt1397514', 'tt1631867', 'tt2660888', 'tt1620680', 'tt2231461', 'tt4464394', 'tt1446714', 'tt3498820', 'tt1825683', 'tt1815862', 'tt3778644']",159," Additionally, the high rating of 9 that I gave to ""Prometheus"" indicates that it is a movie I highly recommend and believe will provide an engaging and thought-provoking experience."
1289,tt0816692,235,"['7', '4', '8', '6', '9', '5', '9', '10\n\nReason for selection: I would like to watch ""The Grand Budapest Hotel"" because it has received the highest rating among all the movies I have viewed so far. Additionally, I am intrigued by the plot description, which promises a combination of adventure, humor, and mystery set in an aesthetically pleasing and historically significant backdrop. The story of M. Gustave and Zero Moustafa, along with the theft and recovery of a priceless painting, sounds captivating and I am excited to see how', '10\n\nReason for selection: I have decided to watch ""Interstellar"" because it combines elements of science fiction, adventure, and exploration, which are genres that I enjoy. The plot of Earth\'s future being threatened by disasters and the need for interstellar travel to ensure mankind\'s survival is intriguing. The concept of exploring new planets and the possibility of finding a suitable environment for human life adds an extra layer of excitement. Additionally, the film has received a high rating, indicating that it is well-reg', '7', '6', '8', '7', '9\n\nReason for selection: I would like to watch ""Edge of Tomorrow"" because it combines elements of science fiction, action, and time travel, which are genres that I find intriguing. The plot of a soldier being caught in a time loop, reliving the same battle over and over again, sounds thrilling and offers the opportunity for unique storytelling. The idea of the protagonist gradually improving his skills and working alongside a seasoned warrior adds an extra layer of excitement. Additionally, the film has received a high', '8', '3', '10\n\nReason for selection: I would like to watch ""Toy Story"" because it is a beloved animated film that has become a classic in the world of cinema. The plot of toys coming to life when humans are not around is imaginative and captivating. The dynamic between Woody and Buzz, as well as their journey to find their way back to Andy, is heartwarming and filled with adventure. Additionally, ""Toy Story"" has received widespread acclaim and has become a cultural phenomenon, making it a highly', '6']","['tt1677561', 'tt1349482', 'tt2962876', 'tt2429074', 'tt4299972', 'tt2493486', 'tt2404425', 'tt2278388', 'tt0816692', 'tt1837709', 'tt2548208', 'tt1234721', 'tt2172934', 'tt1631867', 'tt4324274', 'tt0089538', 'tt0114709', 'tt1978532']",222," It received a rating of 10, indicating that it is highly regarded. I am drawn to the science fiction genre and the plot description of humanity's struggle for survival through interstellar travel is intriguing. The exploration of new planets and the unknown, combined with the possibility of finding a suitable environment for human life, adds an element of excitement. Additionally, ""Inter"
1290,tt1349482,68,"['6', '7', '8', '9', '5']","['tt0089538', 'tt2429074', 'tt1349482', 'tt1234721', 'tt1978532']",290," I choose this movie because I enjoy watching movies about cheerleading and high school dramas. The plot of a determined Latina cheerleader facing off against a snobbish rival captain appeals to me, and I am interested in seeing how Lina Cruz navigates her new school and overcomes challenges to achieve her goals."
1291,tt4116284,143,"['8', '7', '9', '5', '6', '4', '7', '6', '5', '9', '8', '9\n\nReason for selection: I would like to watch ""The Lego Batman Movie"" because it offers a fresh and comedic take on the iconic Batman character. The plot seems entertaining and I am interested in seeing Batman\'s journey of learning to work with others and possibly even lighten up. The combination of humor and action in a Lego setting also adds to the appeal of the movie.', '3']","['tt2802144', 'tt5607028', 'tt2347134', 'tt1397514', 'tt1428538', 'tt4464394', 'tt3247714', 'tt1496025', 'tt2381991', 'tt2267968', 'tt1232829', 'tt4116284', 'tt1815862']",587," I choose this movie because it offers a fresh and comedic take on the iconic Batman character. The plot seems entertaining, and I am interested in seeing Batman's journey of learning to work with others and possibly even lighten up. The combination of humor and action in a Lego setting also adds to the appeal of the movie."
1292,tt3832914,17,"['1', '4', '3', '2', '3', '2']","['tt4009460', 'tt3832914', 'tt2345759', 'tt5254868', 'tt1600195', 'tt2528814']",463,""" I choose this movie because it has a higher rating of 4, compared to the other movies I have rated."
1293,tt2756032,325,"['6', '4', '7', '8', '2', '5', '9', '10', '3', '1', '9', '8', '7', '8']","['tt2546038', 'tt1397514', 'tt1666801', 'tt2756032', 'tt4877122', 'tt5368354', 'tt1924273', 'tt1588173', 'tt2828996', 'tt1935929', 'tt2883512', 'tt1462769', 'tt1478964', 'tt3553442']",136," I would choose this movie because it received a high rating of 8 from me and it has an intriguing plot about a troubled couple and the bizarre circumstances they encounter. I am interested in exploring the concept of a getaway and the complexities of relationships, which this movie seems to offer."
1294,tt0816692,340,"['6', '5', '8', '7', '4', '9', '10', '7', '9', '3', '8', '10\n\nI would like to watch ""Interstellar"" because I have always been fascinated by space exploration and the concept of interstellar travel. The plot of the movie, with its focus on the survival of humanity and the discovery of a new habitable planet, intrigues me. Additionally, the film has received high ratings and positive reviews, which further piques my interest. I am excited to immerse myself in the captivating story and visual effects of ""Interstellar.""']","['tt2962876', 'tt1978532', 'tt0114709', 'tt1677561', 'tt2429074', 'tt4073952', 'tt2404425', 'tt2493486', 'tt1837709', 'tt1349482', 'tt1234721', 'tt0816692']",228," The plot of the movie, with its focus on the survival of humanity and the discovery of a new habitable planet, intrigues me. Additionally, ""Interstellar"" has received critical acclaim and positive reviews, further reinforcing my decision to watch it."
1295,tt4547056,207,"['5', '4', '3', '8', '2', '7', '9', '6', '8', '6']","['tt2231461', 'tt1446714', 'tt3922818', 'tt1825683', 'tt4831420', 'tt1698647', 'tt4547056', 'tt4788944', 'tt1620680', 'tt1397514']",177," I would choose this movie because it has the highest rating among the movies I have viewed so far (rated 9). Additionally, the plot description of a dystopian future and the unique perspective of hybrid children with the ability to think and feel intrigues me. I am interested in exploring the themes of survival, identity, and the moral dilemmas presented in the movie."
1296,tt2962876,267,"['7', '6', '8', '5', '9', '7', '6', '9', '7']","['tt1677561', 'tt2429074', 'tt4073952', 'tt1349482', 'tt2962876', 'tt2404425', 'tt1234721', 'tt1837709', 'tt1978532']",476," I choose this movie because I was intrigued by the plot involving a young man with Tourette Syndrome and the journey he embarks on with two other individuals facing their own challenges. The theme of self-discovery and the emotional depth of the story resonated with me. Additionally, the positive reviews and high rating further convinced me that this movie would be a compelling and thought-provoking watch."
1297,tt5487524,22,"['6', '7', '2', '8', '9', '5', '7', '3', '8', '6', '7']","['tt1397514', 'tt3922818', 'tt3899796', 'tt5487524', 'tt2231461', 'tt4464394', 'tt1267299', 'tt4831420', 'tt3327624', 'tt1815862', 'tt3480796']",32," 

I choose this movie because I am intrigued by the concept of supernatural beings living among us in contemporary Moscow. The idea of discovering an underworld of supernatural beings sounds exciting and I am curious to see how the story unfolds."
1298,tt1441395,237,"['6', '7', '4', '8', '5', '2', '9', '3', '7', '4']","['tt1596365', 'tt4094724', 'tt0905372', 'tt1441395', 'tt3732950', 'tt3899796', 'tt3099498', 'tt4464394', 'tt4796122', 'tt2828996']",118," 

Based on my previous preferences and ratings, I have enjoyed movies with intriguing and unique concepts. ""Under the Skin"" offers a thought-provoking storyline about an alien entity discovering its humanity, which intrigues me. The high rating of 8 indicates that it is a well-received film, further piquing my interest. I am curious to explore the themes of identity and the consequences of self-discovery portrayed"
1299,tt2802144,421,"['7', '8', '6', '5', '4', '6', '9', '8', '7', '7', '6']","['tt2267968', 'tt2802144', 'tt4116284', 'tt2458106', 'tt2808986', 'tt1397514', 'tt1232829', 'tt2347134', 'tt1496025', 'tt2027128', 'tt1428538']",204," 

I choose this movie because it received a high rating and it aligns with my preference for action-packed and thrilling films. The plot description of a young man being recruited into a secret organization to save the world sounds intriguing and promising. Additionally, the presence of a talented cast, including Colin Firth, further adds to my interest in watching this movie."
1300,tt1091191,428,"['8', '6', '7', '9', '3', '5', '7', '8', '7', '9', '10']","['tt2053425', 'tt1430607', 'tt2042568', 'tt2094064', 'tt5129510', 'tt3832914', 'tt3231054', 'tt2025690', 'tt5555502', 'tt2347134', 'tt1091191']",171," The plot of Navy Seals fighting for their lives in a dangerous mission is captivating and I am drawn to movies that portray real-life heroism. Additionally, the intense action and emotional depth of ""Lone Survivor"" make it a compelling choice for me."
1301,tt0816692,381,"['7', '4', '6', '3', '8', '9', '10', '7', '5', '6', '9', '6', '4']","['tt0114709', 'tt1978532', 'tt4299972', 'tt0089538', 'tt2429074', 'tt0816692', 'tt2278388', 'tt1677561', 'tt1234721', 'tt1837709', 'tt1631867', 'tt2172934', 'tt1349482']",303," I choose this movie because it has a rating of 9, which is one of the highest ratings among the movies I have viewed. Additionally, the plot of ""Interstellar"" intrigues me as it explores the concept of interstellar travel and the survival of humanity. I am drawn to the idea of a team of astronauts venturing into the unknown and facing the challenges of space exploration. The movie promises a combination of adventure"
1302,tt1935929,98,"['2', '4', '1', '3', '2', '5', '2', '4', '3', '1']","['tt1935929', 'tt1430607', 'tt4877122', 'tt1798603', 'tt2828996', 'tt2546038', 'tt4126340', 'tt1397514', 'tt1243974', 'tt4009460']",105," Although it received a rating of 2, it seems to be the most light-hearted and entertaining option among the movies that I have viewed. The plot revolves around a character transforming into a tooth fairy and trying to win back his first love by helping children. This comedic and whimsical storyline appeals to me because it offers a lighthearted escape and a chance to enjoy a fun and silly movie."
1303,tt2756032,363,"['7', '6', '4', '8', '7', '9', '10', '5', '8', '3', '8', '9', '6', '7', '2', '5', '9', '1', '9']","['tt4651520', 'tt2883512', 'tt1650043', 'tt2546038', 'tt1715873', 'tt2065968', 'tt1430607', 'tt1397514', 'tt1462769', 'tt1935929', 'tt1666801', 'tt1478964', 'tt1924273', 'tt3553442', 'tt2828996', 'tt5368354', 'tt1588173', 'tt4009460', 'tt2756032']",151," I choose this movie because it has a high rating of 9, indicating that it is highly regarded. The plot description intrigues me as it mentions a troubled couple and bizarre circumstances, suggesting that there will be unexpected twists and turns in the story. I am drawn to movies that explore complex relationships and offer unique storytelling, and ""The One I Love"" seems to fit that criteria."
1304,tt1677561,266,"['7', '6', '8', '7', '9', '8', '9', '6', '5']","['tt2429074', 'tt1837709', 'tt4073952', 'tt1234721', 'tt1677561', 'tt2404425', 'tt2962876', 'tt1978532', 'tt1349482']",329," I choose this movie because it has a unique and intriguing plot that explores themes of redemption, self-discovery, and the complexities of life. The idea of a soul being given a second chance and having to uncover the secrets of its past life and the reasons behind a teenager's suicide is captivating. Additionally, the concept of the real world being filled with various shades of grey and colors adds depth to the storytelling. Overall, """
1305,tt1825683,336,"['6', '4', '7', '9', '8', '7', '10', '5', '8', '9']","['tt1397514', 'tt1698647', 'tt5480340', 'tt1840309', 'tt1355638', 'tt2017561', 'tt1825683', 'tt2381991', 'tt0401729', 'tt3922818']",585," I choose this movie because it has the highest rating among the movies I have viewed so far, and it has received critical acclaim for its storytelling, visuals, and cultural significance. Additionally, ""Black Panther"" offers a unique and compelling superhero narrative set in the technologically advanced nation of Wakanda, with themes of leadership, identity, and justice. I am excited to watch this film and experience the rich world-building and"
1306,tt3896198,159,"['2', '4', '3', '6', '5', '7', '8', '1', '3', '9', '10', '7']","['tt2808986', 'tt1446714', 'tt1397514', 'tt2231461', 'tt1620680', 'tt3896198', 'tt1298554', 'tt1267299', 'tt1815862', 'tt5487524', 'tt3498820', 'tt5544384']",526," 2"" with the imdbID tt3896198. I choose this movie because I enjoyed the first ""Guardians of the Galaxy"" movie and rated it highly. Since this is a sequel, I have high expectations for it. Additionally, I have given a high rating to ""Captain America: Civil War,"" which is also part of the Marvel Cinematic Universe. Therefore, I am interested in continuing the storyline and seeing how the characters develop in"
1307,tt1462769,328,"['7', '6', '5', '8', '7', '6', '9', '8', '6', '7', '9', '4', '8', '9']","['tt1924273', 'tt2756032', 'tt5368354', 'tt2883512', 'tt2065968', 'tt1715873', 'tt1478964', 'tt3553442', 'tt1650043', 'tt1666801', 'tt1462769', 'tt4877122', 'tt4651520', 'tt1588173']",471," I choose this movie because it has a unique and heartwarming plot about a couple who unexpectedly becomes parents to a special child. The story explores themes of love, family, and the joys and challenges of parenthood. As someone who values meaningful and emotional storytelling, this movie resonates with me and I am interested to see how the characters navigate their journey of parenthood and personal growth."
1308,tt2065968,335,"['2', '6', '4', '8', '7', '5', '6', '9', '3', '9', '7', '8', '9']","['tt2828996', 'tt1588173', 'tt1650043', 'tt3553442', 'tt1462769', 'tt1924273', 'tt1715873', 'tt2546038', 'tt5368354', 'tt2065968', 'tt4651520', 'tt1430607', 'tt1478964']",334," I choose this movie because I have always been a fan of the ""How to Train Your Dragon"" franchise, and this movie is a continuation of the story with a holiday twist. I enjoyed the previous movies in the series and the relationship between Hiccup and Toothless, so I am excited to see how they overcome the challenges and bring the dragons back home. Additionally, the animation and visuals in"
1309,tt1853728,490,"['8', '7', '6', '4', '8', '7', '5', '9', '7', '6', '8']","['tt1853728', 'tt3460252', 'tt3205376', 'tt1210819', 'tt1853728', 'tt2494362', 'tt0409847', 'tt2404435', 'tt3460252', 'tt1648190', 'tt1192628']",404," Additionally, I am intrigued by the plot of a bounty hunter searching for his wife who was sold separately, and the partnership that forms between the two main characters. The historical setting and the themes of justice and revenge also appeal to me."
1310,tt1677561,154,"['7', '6', '8', '9', '7', '4', '8', '5', '6', '9', '10', '7', '8', '9']","['tt1349482', 'tt1837709', 'tt4324274', 'tt2404425', 'tt2493486', 'tt0089538', 'tt2548208', 'tt4073952', 'tt1978532', 'tt1234721', 'tt1677561', 'tt2429074', 'tt2172934', 'tt2962876']",505," The plot of the movie seems intriguing, exploring themes of life, death, and redemption. The idea of a soul getting a second chance and uncovering the mysteries of its past life and the reasons behind a teenager's suicide is captivating. Additionally, the concept of the real world being filled with various shades of grey and colors adds"
1311,tt3731562,536,"['8', '6', '7', '9', '4', '9', '8', '10', '9', '10', '7']","['tt2061702', 'tt0990407', 'tt1462769', 'tt0800369', 'tt2735292', 'tt1839492', 'tt2027128', 'tt3731562', 'tt1935859', 'tt2338151', 'tt0829150']",151," Additionally, the plot description mentions beautiful vistas and visually stunning creatures, which suggests that the movie offers an immersive and visually captivating experience. As someone who enjoys thrilling and visually impressive films, ""Kong: Skull Island"" seems like the perfect choice."
1312,tt1441395,172,"['7', '6', '8', '9', '4', '3', '10', '5', '2', '6', '10', '7']","['tt3705412', 'tt3067274', 'tt4094724', 'tt0905372', 'tt4796122', 'tt3099498', 'tt1441395', 'tt3487994', 'tt3201722', 'tt4464394', 'tt1714915', 'tt1596365']",513," I choose this movie because it received a rating of 10, which is the highest among the movies I have rated so far. Additionally, the plot description of an alien entity discovering itself as human with tragic and terrifying consequences intrigues me. I am curious to explore the complexity of existence and the consequences of self-discovery portrayed in this film."
1313,tt1201607,253,"['7', '6', '8', '9', '7', '5', '9', '8', '7', '6', '4', '8', '10']","['tt1397514', 'tt2065968', 'tt3922818', 'tt1355638', 'tt1302011', 'tt1815862', 'tt5607028', 'tt1840309', 'tt1192628', 'tt0401729', 'tt2404233', 'tt1509767', 'tt1201607']",565," Additionally, as a fan of the Harry Potter series, I am drawn to the conclusion of the epic story and the intense battle between good and evil. The movie promises thrilling action, emotional moments, and a satisfying resolution to the overarching plot."
1314,tt2278388,517,"['9', '6', '8', '7', '4', '9', '6', '8', '10', '7', '8', '5', '7', '9', '8', '6', '7', '9']","['tt0816692', 'tt4073952', 'tt1631867', 'tt2493486', 'tt1349482', 'tt2278388', 'tt2172934', 'tt1677561', 'tt0114709', 'tt1234721', 'tt4299972', 'tt1837709', 'tt2429074', 'tt2404425', 'tt4324274', 'tt2548208', 'tt1978532', 'tt2962876']",477," I choose this movie because it received a high rating of 9 from me and it aligns with my previous preferences. I enjoy unique and visually stunning films, and ""The Grand Budapest Hotel"" offers a captivating story set in a beautifully crafted world. The film's quirky characters, intricate plot, and Wes Anderson's distinct visual style make it an intriguing choice for me."
1315,tt1446714,83,"['2', '4', '8', '3', '6', '7', '9', '8', '9', '5', '9', '2', '10', '6', '7']","['tt1815862', 'tt1620680', 'tt3896198', 'tt4464394', 'tt3480796', 'tt1698647', 'tt4547056', 'tt1298554', 'tt3922818', 'tt4788944', 'tt3778644', 'tt3899796', 'tt1446714', 'tt1397514', 'tt2231461']",229," Additionally, the plot description suggests a thrilling and thought-provoking science fiction story, exploring the mysteries of human existence and the discovery of extraterrestrial life. As a fan of the genre, I am intrigued by the concept and eager to watch a movie that promises both excitement and intellectual stimulation."
1316,tt2267968,193,"['6', '4', '7', '5', '8', '3', '9', '7', '6', '9']","['tt2808986', 'tt1618442', 'tt1232829', 'tt2027128', 'tt0803096', 'tt0825283', 'tt1428538', 'tt2458106', 'tt1937133', 'tt2267968']",279," As a fan of the previous ""Kung Fu Panda"" movies, I have enjoyed the character development of Po and the vibrant world of martial arts. The addition of new panda characters and the challenge of training them to become skilled warriors adds an exciting twist to the story. Overall, ""Kung Fu Panda 3"" promises to"
1317,tt1999192,501,"['8', '7', '6', '9', '9', '7', '8', '7', '9', '8']","['tt3270538', 'tt5342766', 'tt1999192', 'tt2014338', 'tt4229236', 'tt2246565', 'tt3626804', 'tt1605782', 'tt1091863', 'tt1417592']",220," I choose this movie because I enjoy watching stand-up comedy and Kevin Hart is known for his hilarious performances. The plot description mentions that it offers an up close and personal look at Kevin Hart back in Philly, where he began his journey to become one of the funniest comedians of all time. This personal touch and the promise of laughter make it an appealing choice for a relaxing and enjoyable movie night."
1318,tt0816692,341,"['7', '6', '4', '8', '5', '7', '9', '10', '8', '6', '9']","['tt2493486', 'tt1677561', 'tt2429074', 'tt2962876', 'tt1349482', 'tt1978532', 'tt4073952', 'tt1837709', 'tt2404425', 'tt1234721', 'tt0816692']",359," The idea of exploring new worlds and the possibility of sustaining human life is captivating. Additionally, the concept of interstellar travel and the potential consequences for Earth's future adds an element of suspense and urgency to the story. Overall, ""Interstellar"" seems like a thought-provoking and visually stunning film that I would be excited to watch."
1319,tt1588173,318,"['5', '3', '4', '5', '2', '1', '4', '1', '3', '5']","['tt3553442', 'tt1397514', 'tt1478964', 'tt2883512', 'tt2546038', 'tt2828996', 'tt1666801', 'tt1935929', 'tt1798603', 'tt1588173']",14," Additionally, I am intrigued by the unique concept of a zombie regaining his humanity and forming a warm relationship with a human. The idea of bridging the differences between two opposing sides for a better world is also appealing. Overall, ""Warm Bodies"" seems like an interesting and heartwarming movie to watch."
1320,tt0816692,34,"['7', '6', '8', '9', '7', '5', '6', '4', '9', '10', '8', '3', '10', '6', '9', '7', '8', '7']","['tt2429074', 'tt1234721', 'tt4299972', 'tt2278388', 'tt2962876', 'tt1837709', 'tt4324274', 'tt0089538', 'tt1631867', 'tt0114709', 'tt1677561', 'tt1349482', 'tt0816692', 'tt1978532', 'tt2404425', 'tt2548208', 'tt2172934', 'tt2493486']",108," I choose this movie because it explores the concept of interstellar travel and the survival of humanity in a future plagued by disasters. The plot is intriguing and the film delves into themes of exploration, sacrifice, and the power of love. Additionally, the visual effects and cinematography are stunning, making for an immersive and captivating viewing experience."
1321,tt4547056,488,"['8', '6', '7', '5', '4', '9', '3', '6', '10', '8', '9', '2', '7', '5', '10', '6', '9']","['tt2911666', 'tt3973198', 'tt3247714', 'tt5254868', 'tt1829012', 'tt1600196', 'tt2059171', 'tt3480796', 'tt4547056', 'tt2025690', 'tt0790724', 'tt1865393', 'tt3062096', 'tt3732950', 'tt5362988', 'tt4471456', 'tt4912910']",364," I choose this movie because it received the highest rating of 10, indicating that it is highly recommended. Additionally, the plot description of a dystopian future and the struggle for survival in a world plagued by a fungal disease sounds intriguing and unique. I am interested to see how the bond between the teacher and the exceptional girl develops and how they navigate the challenges they face."
1322,tt1429433,239,"['6', '4', '8', '7', '5', '9', '3', '8', '9', '7', '6', '8', '9', '8']","['tt1397514', 'tt1698647', 'tt3922818', 'tt1509767', 'tt2404233', 'tt1355638', 'tt1429433', 'tt2017561', 'tt1840309', 'tt1815862', 'tt5480340', 'tt0401729', 'tt5607028', 'tt1192628']",403," Additionally, I find the plot of a unique white gorilla going on a mission to become a ""normal"" gorilla intriguing and heartwarming."
1323,tt2576852,138,"['1', '7', '4', '3', '8', '9', '6', '2', '5', '10', '6']","['tt4877122', 'tt1690953', 'tt1430626', 'tt3416828', 'tt1430607', 'tt3262342', 'tt2293640', 'tt5184298', 'tt2865120', 'tt2576852', 'tt5480340']",340," I would choose this movie because it received a rating of 10, which indicates that it is highly regarded. Additionally, the plot of the movie seems intriguing and unique, revolving around the discovery of a princess in a bamboo and her journey through life. I am interested in exploring the themes of identity, friendship, and the pursuit of memorable experiences."
1324,tt2802144,287,"['7', '6', '4', '8', '9', '5', '10', '7', '9', '8', '9']","['tt1232829', 'tt5607028', 'tt1502404', 'tt0803096', 'tt1428538', 'tt1618442', 'tt4116284', 'tt1496025', 'tt2802144', 'tt4853102', 'tt2267968']",331," I enjoyed the thrilling storyline, the charismatic performances, and the stylish action sequences. The film offers a fresh take on the classic spy narrative and keeps the audience engaged from start to finish."
1325,tt2883512,209,"['8', '6', '7', '9', '3', '8', '4', '2', '5', '7', '9', '8', '9', '10', '6']","['tt2756032', 'tt1650043', 'tt1666801', 'tt4651520', 'tt4877122', 'tt1462769', 'tt1935929', 'tt2828996', 'tt5368354', 'tt1397514', 'tt1478964', 'tt3553442', 'tt1588173', 'tt2883512', 'tt1924273']",450," I would choose this movie because it received a rating of 10, which is the highest rating I gave among the movies I viewed. Additionally, the plot of ""Chef"" resonated with me as it explores the journey of rediscovering one's passion and finding fulfillment in life. The idea of a chef taking a road trip with a food truck to pursue his culinary dreams while also reconnecting with his family and creating a meaningful"
1326,tt1631867,323,"['8', '3', '6', '5', '9']","['tt4299972', 'tt0089538', 'tt1978532', 'tt1349482', 'tt1631867']",41," I choose this movie because it combines elements of action, science fiction, and time travel, which are genres that I enjoy. The plot of a character reliving the same day and improving their skills each time is intriguing to me. Additionally, the presence of Tom Cruise and Emily Blunt as the lead actors adds to my interest in watching this film."
1327,tt2883512,370,"['7', '6', '8', '5', '6', '4', '9', '7', '8', '9', '9', '8', '10', '9', '3', '2']","['tt1924273', 'tt3553442', 'tt2546038', 'tt1650043', 'tt1397514', 'tt5368354', 'tt1462769', 'tt1666801', 'tt2756032', 'tt1430607', 'tt2065968', 'tt1588173', 'tt2883512', 'tt1478964', 'tt4877122', 'tt2828996']",125," I choose this movie because it has a rating of 10, which indicates that it is highly regarded. Additionally, the plot of ""Chef"" resonates with me as it tells the story of a talented chef who rediscovers his passion for cooking and finds a way to pursue his culinary dreams on his own terms. The movie explores themes of creativity, family, and personal fulfillment, which are all aspects that I find compelling."
1328,tt1825683,289,"['7', '4', '8', '9', '6', '5', '3', '9', '10', '10\n\nI would like to watch ""Black Panther"" because it has a rating of 10 and it is a highly acclaimed superhero movie. It offers a unique and rich cultural setting with the fictional nation of Wakanda, and the story explores themes of leadership, identity, and the responsibility that comes with power. The film also received praise for its strong performances, compelling storyline, and stunning visual effects. I am excited to see how the character of Black Panther evolves and how he navigates the challenges he', '2', '8\n\nI would like to watch ""Solo: A Star Wars Story"" because it has a rating of 8 and I am a fan of the Star Wars franchise. This movie explores the backstory of the iconic character Han Solo and delves into his adventures and encounters with familiar characters like Chewbacca and Lando Calrissian. I am excited to see the criminal underworld of the Star Wars universe and how Han Solo becomes the legendary smuggler we know him to be. The movie promises to']","['tt3896198', 'tt1397514', 'tt1631867', 'tt2660888', 'tt1620680', 'tt2231461', 'tt4464394', 'tt1446714', 'tt3498820', 'tt1825683', 'tt1815862', 'tt3778644']",206," I choose this movie because it has a rating of 10 and it is highly acclaimed. It offers a unique and rich cultural setting with the fictional nation of Wakanda, and the story explores themes of leadership, identity, and the responsibility that comes with power. The film also received praise for its strong performances, compelling storyline, and stunning visual effects. I am excited to see how the character of Black Panther evolves and how he"
1329,tt3262342,470,"['7', '8', '6', '4', '9', '7', '5', '8', '9', '3', '8', '9', '7', '10', '6', '7', '8', '6']","['tt2379713', 'tt1345836', 'tt4442130', 'tt1829012', 'tt1499658', 'tt4226388', 'tt2808986', 'tt1770734', 'tt3402236', 'tt4651410', 'tt2053463', 'tt1855199', 'tt6768578', 'tt3262342', 'tt1937133', 'tt2295196', 'tt2347134', 'tt2140423']",425," I choose this movie because it has a rating of 10, indicating that it is highly regarded by viewers. Additionally, the unique concept of the film, which is entirely hand-painted in the style of Vincent van Gogh's artwork, intrigues me. I am drawn to the idea of experiencing van Gogh's life and art through this visually stunning and innovative approach."
1330,tt3832914,1,"['3', '1', '2', '4', '3', '2']","['tt2528814', 'tt4009460', 'tt5254868', 'tt3832914', 'tt1600195', 'tt2345759']",297," I choose this movie because it received a rating of 4, which is the highest rating among the movies I have viewed so far."
1331,tt3262342,444,"['8', '6', '4', '7', '9', '8', '10', '5', '9', '7']","['tt1091191', 'tt2756032', 'tt5368354', 'tt1462769', 'tt4193394', 'tt2094064', 'tt3262342', 'tt5555502', 'tt2025690', 'tt2042568']",68," I choose this movie because it received a rating of 10, which indicates that it is highly recommended. Furthermore, the plot of the movie, which revolves around the life and mysterious death of Vincent van Gogh, intrigues me. I am interested in learning more about the artist's psyche and the interpretations of his art. The unique animation style of the film, which is composed entirely of oil paintings, also adds"
1332,tt1441395,172,"['6', '4', '7', '8', '5', '9', '10', '6', '3', '7', '9', '8']","['tt3705412', 'tt3067274', 'tt4094724', 'tt0905372', 'tt4796122', 'tt3099498', 'tt1441395', 'tt3487994', 'tt3201722', 'tt4464394', 'tt1714915', 'tt1596365']",117," Additionally, the plot description intrigues me as it explores the concept of an alien entity discovering its humanity, which promises to be both tragic and terrifying. I am drawn to the idea of a thought-provoking and emotionally impactful film experience."
1333,tt5362988,447,"['7', '6', '3', '5', '8', '4', '9', '10\n\nReason for selection: I would like to watch ""Wind River"" because it has received a high rating and the plot seems intriguing. The movie takes place in a remote and unforgiving territory, which adds to the suspense and tension. Additionally, the collaboration between the experienced game tracker and the inexperienced FBI agent promises an interesting dynamic and the unraveling of a compelling mystery.', '7\n\nReason for selection: I would like to watch ""Jack Reacher"" because it has a solid rating and the plot seems intriguing. The idea of a skilled sniper and the involvement of Jack Reacher, a mysterious and determined character, adds an element of suspense and mystery to the story. I am interested to see how Reacher investigates and uncovers the truth behind the case, and whether there are unexpected twists and turns along the way.', '8\n\nReason for selection: I would like to watch ""Inferno"" because it has a high rating and the plot sounds thrilling. The combination of symbology, amnesia, and a race against time to stop a global catastrophe creates a sense of urgency and intrigue. I am curious to see how the main character, Langdon, unravels the clues and works with Sienna Brooks to prevent the deadly virus from being unleashed. The story promises a mix of mystery, action, and intellectual', '6']","['tt2059171', 'tt1600196', 'tt4126568', 'tt3480796', 'tt4912910', 'tt2134170', 'tt2025690', 'tt5362988', 'tt0790724', 'tt3062096', 'tt1829012']",146," The setting in the vast and unforgiving territory adds to the suspense, and the collaboration between the game tracker and the FBI agent promises an interesting dynamic. Additionally, the mystery surrounding the murder and the characters' pursuit of justice make it a compelling choice."
1334,tt2338151,500,"['7', '6', '8', '4', '9', '2', '7']","['tt1682180', 'tt1216491', 'tt2076220', 'tt3973198', 'tt2338151', 'tt2382009', 'tt3067274']",594," I choose this movie because it has a high rating of 9 and the plot description intrigues me. The idea of a stranger asking innocent and thought-provoking questions that challenge societal norms and beliefs sounds fascinating. Additionally, the exploration of complex philosophies and the themes of love, laughter, and letting go make it a compelling choice."
1335,tt1631867,29,"['5', '4', '2', '5', '8', '6', '9', '7', '7']","['tt2429074', 'tt1349482', 'tt0089538', 'tt4299972', 'tt2278388', 'tt1978532', 'tt1631867', 'tt0114709', 'tt1234721']",498," I choose this movie because it has a unique and intriguing plot. The concept of reliving the same day in a time loop and gradually improving in combat is fascinating. The combination of action, science fiction, and the performances of Tom Cruise and Emily Blunt make it an exciting and thrilling film to watch."
1336,tt2065968,199,"['7', '6', '8', '9', '10', '7', '4', '9', '5', '3', '2', '6', '9', '7', '8', '10', '6']","['tt4651520', 'tt2756032', 'tt1924273', 'tt2546038', 'tt1478964', 'tt1430607', 'tt1935929', 'tt2883512', 'tt1397514', 'tt2828996', 'tt4877122', 'tt5368354', 'tt2065968', 'tt1650043', 'tt3553442', 'tt1588173', 'tt1666801']",568," I choose this movie because I have always been a fan of the ""How to Train Your Dragon"" franchise, and this movie is a part of it. I have enjoyed the previous movies and TV series, and I am excited to see how the story continues in this installment. Additionally, the plot of the movie, where the dragons suddenly fly away and Hiccup embarks on a journey to bring"
1337,tt0816692,341,"['8', '7', '6', '9', '5', '7', '6', '8', '9', '7', '10']","['tt2493486', 'tt1677561', 'tt2429074', 'tt2962876', 'tt1349482', 'tt1978532', 'tt4073952', 'tt1837709', 'tt2404425', 'tt1234721', 'tt0816692']",198," The idea of finding a planet that could potentially sustain human life fascinates me, and I am drawn to the themes of survival and the unknown. Additionally, the high rating of 10 indicates that it is a highly acclaimed movie, further piquing my interest in watching it."
1338,tt1623288,537,"['8', '7', '9', '6', '7', '8', '9', '7']","['tt1192628', 'tt6769208', 'tt0970179', 'tt2338151', 'tt1430626', 'tt1499658', 'tt1623288', 'tt1710417']",51," I choose this movie because I have enjoyed watching animated films in the past, and the plot of ParaNorman seems intriguing. The idea of a young boy who can communicate with the dead and must protect his town from a curse sounds like a unique and entertaining story. Additionally, I appreciate films that combine elements of humor, adventure, and mystery, which ParaNorman seems to offer."
1339,tt3498820,13,"['6', '2', '3', '7', '8', '9', '4', '9', '5', '10', '8', '3']","['tt1815862', 'tt3899796', 'tt4831420', 'tt1397514', 'tt1446714', 'tt3922818', 'tt3480796', 'tt3896198', 'tt2231461', 'tt3498820', 'tt3778644', 'tt4464394']",9," I choose this movie because I am a fan of superhero movies and I enjoy the conflict and action that arises when heroes are divided. The plot of the movie, with the government pushing for the Hero Registration Act and the resulting war between Team Iron Man and Team Captain America, is intriguing to me. Additionally, I appreciate the character development and the introduction of new heroes like Black Panther and Spider-Man. Overall, """
1340,tt2209418,439,"['6', '7', '5', '8', '7', '6', '9', '10', '8', '7', '9', '10', '8', '3', '4']","['tt1540128', 'tt2756032', 'tt5368354', 'tt1243974', 'tt1067774', 'tt2870808', 'tt1714915', 'tt2053425', 'tt2034031', 'tt1710417', 'tt2073520', 'tt2209418', 'tt1937118', 'tt4465564', 'tt2322441']",560," I choose this movie because it has the highest rating among the movies I have viewed, and it continues the story of Jesse and Celine, a couple whose relationship I have been following since their first meeting in ""Before Sunrise."" I am curious to see how their relationship has evolved over the years and how they navigate the challenges they face in this installment."
1341,tt1631867,23,"['2', '3', '8', '4', '9']","['tt1349482', 'tt0089538', 'tt1631867', 'tt1978532', 'tt4299972']",602," The idea of a time loop and the protagonist gaining skills with each battle is very appealing. I enjoy action and science fiction movies, and this one seems to offer an interesting blend of both."
1342,tt2756032,275,"['5', '7', '8', '9', '6', '8', '4', '7', '9', '7']","['tt1710417', 'tt2870808', 'tt2756032', 'tt1714915', 'tt2390361', 'tt2091935', 'tt1540128', 'tt1067774', 'tt2034031', 'tt2073520']",167," 

I choose this movie because it has the highest rating among the movies I have viewed so far, with a rating of 8. Additionally, the plot of a troubled couple going on a getaway and encountering bizarre circumstances intrigues me. I am curious to see how their situation unfolds and how they navigate through the challenges they face."
1343,tt2267968,166,"['7', '6', '8', '9', '10', '6', '5', '7', '8', '9', '7', '8', '9']","['tt1428538', 'tt0825283', 'tt2458106', 'tt2027128', 'tt4116284', 'tt1618442', 'tt2808986', 'tt1502404', 'tt1496025', 'tt1232829', 'tt1937133', 'tt0803096', 'tt2267968']",292," I choose this movie because I have previously enjoyed animated films, such as ""The Lego Batman Movie"" and ""Justice League: Doom,"" which I rated highly. Additionally, the plot of ""Kung Fu Panda 3"" seems intriguing, with the introduction of new panda characters and the challenge of training them to defeat a supernatural villain. I am excited to see the humorous interactions and the growth of Po as"
1344,tt0816692,340,"['6', '5', '8', '7', '4', '9', '8', '7', '9', '3', '6', '10']","['tt2962876', 'tt1978532', 'tt0114709', 'tt1677561', 'tt2429074', 'tt4073952', 'tt2404425', 'tt2493486', 'tt1837709', 'tt1349482', 'tt1234721', 'tt0816692']",92," As a fan of thought-provoking and visually stunning films, ""Interstellar"" appeals to me with its intriguing plot, stellar cast, and the exploration of deep space and the unknown. The idea of venturing through a wormhole and discovering a habitable planet for the future of humanity is a captivating concept that I am eager to experience"
1345,tt0120737,2,"['2', '3', '4', '2', '3', '3', '2', '3', '2', '4', '4']","['tt4831420', 'tt4796122', 'tt1727776', 'tt3899796', 'tt2140423', 'tt3732950', 'tt2828996', 'tt2274570', 'tt4464394', 'tt4348012', 'tt4126568']",378," I choose this movie because I am a fan of fantasy and adventure films, and the Lord of the Rings series is highly acclaimed. The ratings I have given to other movies were relatively low, so I decided to go with a movie that I know I will enjoy and that has received positive reviews."
1346,tt3498820,13,"['4', '1', '1', '3', '5', '4', '2', '5', '3', '5', '4', '2']","['tt1815862', 'tt3899796', 'tt4831420', 'tt1397514', 'tt1446714', 'tt3922818', 'tt3480796', 'tt3896198', 'tt2231461', 'tt3498820', 'tt3778644', 'tt4464394']",137," I choose this movie because I am a fan of the Marvel Cinematic Universe and enjoy superhero movies. Additionally, the plot of heroes divided and fighting against each other intrigues me, as it adds an interesting dynamic to the story."
1347,tt2404425,465,"['8', '6', '9', '7', '8']","['tt4073952', 'tt1978532', 'tt2404425', 'tt1677561', 'tt2962876']",216," Additionally, the plot of the movie about seeking justice for art stolen by the Nazis during World War II intrigues me and aligns with my previous preferences for historical and meaningful stories."
1348,tt1631867,268,"['6', '8', '3', '9', '4', '7', '2']","['tt1978532', 'tt0114709', 'tt4299972', 'tt1631867', 'tt1349482', 'tt2429074', 'tt0089538']",187," I would choose this movie because it has the highest rating among the movies I have viewed so far, with a rating of 9. Additionally, the plot of ""Edge of Tomorrow"" is intriguing as it combines elements of science fiction, action, and time travel. The concept of a time loop and the protagonist's ability to improve his skills with each repetition make the movie appealing and engaging. Therefore"
1349,tt4912910,63,"['8', '6', '4', '7', '5', '9', '3', '8', '7', '2', '9']","['tt2911666', 'tt5254868', 'tt3732950', 'tt3062096', 'tt3480796', 'tt4912910', 'tt4126568', 'tt3247714', 'tt1829012', 'tt3181822', 'tt1600196']",350," I choose this movie because it has the highest rating among the ones I have viewed, which is a 9. Additionally, I am a fan of action-packed movies and the Mission: Impossible series has always delivered thrilling and entertaining experiences. The plot of ""Fallout"" involving a race against time to stop a global threat and the high-stakes missions performed by Ethan Hunt and his team make it an exciting choice"
1350,tt1631867,48,"['6', '7', '5', '4', '9']","['tt1349482', 'tt4299972', 'tt1978532', 'tt0089538', 'tt1631867']",359," 

I choose this movie because it has a rating of 9, which indicates that it is highly regarded. Additionally, the plot of the movie sounds intriguing and unique, with a combination of action, science fiction, and time loop elements. The idea of a character reliving the same battle repeatedly and gaining new skills each time is captivating. I am excited to watch this movie and see how the story unfolds."
1351,tt5254868,1,"['5', '1', '3', '4', '2', '3']","['tt2528814', 'tt4009460', 'tt5254868', 'tt3832914', 'tt1600195', 'tt2345759']",4, The idea of a dystopian future where population control is determined by a high-school aptitude test and the discovery of a larger conspiracy sounds like it would make for an engaging and suspenseful movie.
1352,tt0816692,543,"['5', '4', '3', '5', '2', '4', '3', '1', '4', '2', '4', '3', '5', '5', '3', '5', '3', '4']","['tt2429074', 'tt2548208', 'tt2404425', 'tt0816692', 'tt1234721', 'tt2962876', 'tt2172934', 'tt4073952', 'tt1677561', 'tt1349482', 'tt2493486', 'tt1837709', 'tt2278388', 'tt1631867', 'tt4299972', 'tt0114709', 'tt1978532', 'tt4324274']",65," I choose this movie because it combines elements of science fiction, adventure, and exploration, which are genres I enjoy. Additionally, the plot about humanity's struggle for survival and the exploration of new worlds is intriguing to me. The high rating I gave it also indicates that it aligns well with my preferences."
1353,tt2025690,57,"['6', '7', '4', '5', '8', '3', '7', '6', '9', '8']","['tt4126568', 'tt5254868', 'tt2134170', 'tt1886493', 'tt2025690', 'tt3732950', 'tt1829012', 'tt3181822', 'tt3480796', 'tt3247714']",243," The plot of the movie, involving a small lifeboat facing extreme weather conditions to save stranded sailors, sounds intense and gripping. I am drawn to stories of bravery and survival, and this movie seems to offer both."
1354,tt2404425,376,"['6', '5', '7', '8', '9', '4', '3', '6']","['tt2429074', 'tt2962876', 'tt1677561', 'tt2404425', 'tt1837709', 'tt4073952', 'tt1349482', 'tt1978532']",50," I choose this movie because it tackles a compelling historical and emotional subject matter. The story revolves around seeking justice for the art stolen by the Nazis during World War II. As someone who appreciates historical dramas and stories of resilience, this movie appeals to me. Additionally, the strong performance by Helen Mirren adds to my interest in watching this film."
1355,tt0409847,222,"['5', '3', '4', '2', '8']","['tt1399103', 'tt0990407', 'tt4348012', 'tt1935929', 'tt0409847']",461," The plot of a lone cowboy leading an uprising against extraterrestrial invaders sounds intriguing and action-packed. Additionally, the presence of actors like Daniel Craig and Harrison Ford adds to the appeal of the movie."
1356,tt1999192,501,"['7', '6', '8', '9', '9', '8', '7', '6', '9', '8']","['tt3270538', 'tt5342766', 'tt1999192', 'tt2014338', 'tt4229236', 'tt2246565', 'tt3626804', 'tt1605782', 'tt1091863', 'tt1417592']",230," 

I choose this movie because I enjoy comedy and Kevin Hart is known for his hilarious performances. The idea of getting an up close and personal look at his journey to becoming one of the funniest comedians of all time is intriguing to me. I believe watching this movie will provide me with a great deal of laughter and entertainment."
1357,tt2802144,367,"['8', '4', '7', '9', '6', '8', '7', '5', '3', '6', '7']","['tt1232829', 'tt4464394', 'tt4116284', 'tt2802144', 'tt2347134', 'tt5607028', 'tt2267968', 'tt1428538', 'tt2381991', 'tt1496025', 'tt1397514']",363," I choose this movie because it received a rating of 9, which is the highest among the movies I have rated so far. Additionally, I enjoy action-packed films with intriguing plots, and ""Kingsman: The Secret Service"" seems to offer both. The storyline of a secret organization and the main character's journey of self-discovery and redemption appeal to me. I am excited to watch this movie"
1358,tt3896198,124,"['2', '1', '4', '5', '3', '2', '5', '4', '1', '3', '5', '4', '5', '3', '4', '2', '4', '3']","['tt4464394', 'tt4831420', 'tt3778644', 'tt4547056', 'tt2231461', 'tt1267299', 'tt3498820', 'tt5487524', 'tt3899796', 'tt3327624', 'tt1631867', 'tt1698647', 'tt3896198', 'tt3480796', 'tt4788944', 'tt1815862', 'tt1620680', 'tt2808986']",37," 2"" with imdbID tt3896198. 

I choose this movie because I have consistently rated the previous movies in the Marvel Cinematic Universe highly, such as ""Captain America: Civil War"" with a rating of 5. ""Guardians of the Galaxy Vol. 2"" is a continuation of the Guardians' story, and I am intrigued to see how the characters develop and face new challenges. Additionally, I appreciate the humor and"
1359,tt0816692,263,"['7', '6', '5', '8', '4', '9', '10', '2', '7', '9', '6', '8', '7']","['tt2404425', 'tt4299972', 'tt4073952', 'tt1677561', 'tt1978532', 'tt2962876', 'tt0114709', 'tt1349482', 'tt2429074', 'tt0816692', 'tt1234721', 'tt2493486', 'tt1837709']",320," I choose this movie because it has a rating of 9, which is the highest among the movies I have rated so far. Additionally, I am intrigued by the plot that revolves around interstellar travel, the survival of humanity, and the exploration of unknown worlds. The concept of a newly discovered wormhole and the possibility of finding a planet suitable for human life fascinates me. I am excited to watch ""Interstellar"
1360,tt0970179,272,"['8', '7', '6', '3', '9', '5', '7', '8', '10', '4', '2', '9', '10', '6', '7', '8', '6', '5', '10', '4', '3']","['tt3874544', 'tt2452042', 'tt5184298', 'tt1935929', 'tt5480340', 'tt1216475', 'tt2112281', 'tt1302011', 'tt2096673', 'tt3231054', 'tt4877122', 'tt1430607', 'tt1865505', 'tt1402488', 'tt2865120', 'tt2100546', 'tt2235542', 'tt1429433', 'tt0970179', 'tt3416828', 'tt4592572']",127," I choose this movie because it has a rating of 10, which indicates it is highly regarded. Additionally, the plot description of ""Hugo"" intrigues me as it involves a young orphan boy, a mysterious automaton, and a connection to the past. The story seems to be a blend of adventure, mystery, and heartwarming moments. I am excited to watch ""Hugo"" because it promises to be"
1361,tt3922818,163,"['7', '8', '4', '6', '9', '7', '5', '8', '6', '9', '7', '8']","['tt1618442', 'tt1201607', 'tt1815862', 'tt1302011', 'tt1192628', 'tt1509767', 'tt2404233', 'tt1840309', 'tt1397514', 'tt3922818', 'tt1355638', 'tt5607028']",102," I choose this movie because it has a unique and intriguing plot about a boy who is born on Mars and his journey to Earth to discover his origins. The idea of exploring the wonders of Earth through the eyes of someone who has never experienced it is fascinating to me. Additionally, the concept of a forbidden love story and the challenges the protagonist faces due to his inability to withstand Earth's atmosphere adds an element of suspense"
1362,tt0114709,270,"['6', '8', '3', '9', '7', '9']","['tt1349482', 'tt1631867', 'tt0089538', 'tt0114709', 'tt1978532', 'tt4299972']",585," 

I choose Toy Story because it is a classic animated film with a heartwarming story that appeals to both children and adults. The concept of toys coming to life when humans are not around is imaginative and captivating. The film also explores themes of friendship, loyalty, and overcoming jealousy. Additionally, Toy Story has received widespread critical acclaim and is considered a groundbreaking film in the world of animation."
1363,tt1232829,298,"['8', '6', '3', '7', '9', '8', '5', '4', '2', '6']","['tt2802144', 'tt5607028', 'tt2808986', 'tt2267968', 'tt1232829', 'tt4116284', 'tt1496025', 'tt2458106', 'tt4464394', 'tt1937133']",159," I choose this movie because it has a high rating of 9, which indicates that it is highly enjoyable. Additionally, I am drawn to the plot of two mismatched cops going undercover in high school, as it seems like it would provide both comedic and thrilling moments. Overall, ""21 Jump Street"" seems like a fun and entertaining choice to watch."
1364,tt1441395,190,"['2', '1', '4', '3', '5', '2', '3', '2', '4', '2']","['tt3099498', 'tt3201722', 'tt1714915', 'tt3705412', 'tt1441395', 'tt4094724', 'tt3732950', 'tt2140423', 'tt1596365', 'tt4464394']",209," Additionally, the plot description intrigues me with its unique and thought-provoking concept of an alien entity discovering its own humanity. I am curious to see how the story unfolds and explore the tragic and terrifying consequences that the alien visitor experiences."
1365,tt1478964,310,"['7', '6', '5', '8', '9', '4', '10', '7', '9', '8', '6', '8', '9']","['tt1666801', 'tt1924273', 'tt1650043', 'tt2546038', 'tt2756032', 'tt5368354', 'tt1478964', 'tt3553442', 'tt2883512', 'tt1588173', 'tt1462769', 'tt4651520', 'tt2065968']",554," I would choose this movie because I have consistently rated movies with action and sci-fi elements higher in the past. ""Attack the Block"" combines both of these genres, with the added twist of a group of inner-city kids defending their neighborhood against alien creatures. The unique premise and the potential for thrilling action sequences make it an exciting choice for me."
1366,tt2267968,361,"['4.', '3.', '2.', '5.', '4.']","['tt1618442', 'tt1496025', 'tt4853102', 'tt2267968', 'tt4116284']",508," I select this movie because it has the highest rating among the movies I have viewed so far. Additionally, I enjoy animated films and the plot of ""Kung Fu Panda 3"" seems interesting with the introduction of new panda characters and the challenge of training them to defeat a supernatural villain."
1367,tt2278388,234,"['7', '8', '9', '3', '10', '6', '4', '8', '7']","['tt2429074', 'tt1631867', 'tt2278388', 'tt0089538', 'tt0114709', 'tt1978532', 'tt1349482', 'tt4299972', 'tt1234721']",593," I would choose this movie because it received a high rating of 9 from me, and it aligns with my previous preferences for movies with a unique and intriguing storyline. Additionally, it has a talented cast and is directed by Wes Anderson, known for his visually stunning and quirky films. The combination of a captivating plot, visually appealing cinematography, and strong performances make ""The Grand Budapest Hotel"" an enticing choice for"
1368,tt5607028,534,"['6', '7', '8', '5', '7', '4', '9', '3', '10', '9', '6']","['tt1935859', 'tt2576852', 'tt1839492', 'tt2381991', 'tt0829150', 'tt2379386', 'tt1462769', 'tt2735292', 'tt5607028', 'tt0770828', 'tt2404233']",520," I choose this movie because I have always been fascinated by the concept of alchemy and the idea of a world where it is a real and respected practice. The plot of the Elric brothers' journey to find the philosopher's stone and regain their bodies is intriguing and promises an exciting adventure. Additionally, the combination of action, mystery, and the exploration of moral and ethical dilemmas make it a compelling choice for me."
1369,tt1302011,123,"['8', '6', '9', '7', '5', '8', '9', '7', '9', '8']","['tt1192628', 'tt2404233', 'tt1302011', 'tt1355638', 'tt1815862', 'tt3922818', 'tt5607028', 'tt1397514', 'tt1509767', 'tt1840309']",524," I choose this movie because I have previously given it a rating of 9, which is the highest rating among the movies I have viewed. I enjoyed the first ""Kung Fu Panda"" movie and based on my preference for animated films and action-adventure genres, I believe ""Kung Fu Panda 2"" will provide an entertaining and enjoyable experience. Additionally, I appreciate the character development and the themes of"
1370,tt0990407,393,"['7', '6', '8', '5', '9', '7', '4', '6', '8', '9']","['tt0800369', 'tt1865505', 'tt5607028', 'tt0829150', 'tt3564794', 'tt0770828', 'tt2404233', 'tt0990407', 'tt1935859', 'tt1839492']",6," 

I choose this movie because it combines action and comedy, which I enjoy. The idea of a playboy turning into a masked superhero with the help of his skilled driver and friend is intriguing. The dynamic between the two main characters and their crime-fighting adventures seem entertaining."
1371,tt1588173,363,"['6', '7', '5', '8', '6', '9', '10', '4', '8', '3', '7', '9', '7', '8', '2', '5', '9', '1', '8']","['tt4651520', 'tt2883512', 'tt1650043', 'tt2546038', 'tt1715873', 'tt2065968', 'tt1430607', 'tt1397514', 'tt1462769', 'tt1935929', 'tt1666801', 'tt1478964', 'tt1924273', 'tt3553442', 'tt2828996', 'tt5368354', 'tt1588173', 'tt4009460', 'tt2756032']",141," I choose this movie because it offers a unique twist on the zombie genre, exploring the possibility of love and humanity even in the midst of a post-apocalyptic world. The concept of a zombie regaining his humanity and forming a connection with a human is intriguing and adds depth to the story. Additionally, the film combines elements of romance, comedy, and horror, making it an engaging and entertaining choice."
1372,tt0816692,373,"['6', '3', '8', '7', '4', '9', '8', '10', '5', '7', '6', '8', '6', '9', '10']","['tt2172934', 'tt1349482', 'tt4299972', 'tt4073952', 'tt2429074', 'tt2404425', 'tt1677561', 'tt0816692', 'tt1978532', 'tt1837709', 'tt1234721', 'tt2493486', 'tt2548208', 'tt2962876', 'tt0114709']",141," I choose this movie because it has the highest rating among the movies I have viewed, receiving a rating of 10. Additionally, the plot of ""Interstellar"" appeals to me as it explores the concept of interstellar travel and the survival of humanity. The idea of venturing into the unknown and discovering new worlds is intriguing to me. Furthermore, the film has received critical acclaim for its visuals, storytelling, and emotional depth"
1373,tt2347134,273,"['7', '6', '3', '8', '9', '7', '10', '5', '4', '8']","['tt2094064', 'tt4193394', 'tt5368354', 'tt3231054', 'tt2140423', 'tt2756032', 'tt2347134', 'tt0479997', 'tt3832914', 'tt1243974']",268," Additionally, the plot of ""Unforgiven"" intrigues me as it combines elements of historical drama, action, and personal redemption. The idea of a former assassin being forced to pick up his sword once again in a period of political turmoil and social unrest is captivating. I am drawn to the themes of"
1374,tt0816692,418,"['8', '6', '7', '5', '9', '8', '4', '6', '7', '6', '10', '8', '3', '9', '9', '7', '8', '7']","['tt0114709', 'tt2548208', 'tt2404425', 'tt4324274', 'tt1234721', 'tt2172934', 'tt1349482', 'tt1978532', 'tt4299972', 'tt2429074', 'tt2278388', 'tt2493486', 'tt0089538', 'tt0816692', 'tt1631867', 'tt1837709', 'tt1677561', 'tt2962876']",318," Additionally, I am intrigued by the plot of Earth's future being riddled by disasters and the concept of interstellar travel to ensure mankind's survival. The idea of exploring a newly discovered wormhole and the possibility of finding a planet that can sustain human life captivates my imagination."
1375,tt2429074,72,"['7', '6', '4', '8', '9']","['tt1978532', 'tt1234721', 'tt0089538', 'tt1349482', 'tt2429074']",547,"B.F."". I choose this movie because it explores themes of friendship, acceptance, and identity. It delves into the struggles and pressures faced by teenagers in high school, particularly when it comes to fitting in and conforming to societal expectations. Additionally, the movie sheds light on the importance of true friendship and staying true to oneself."
1376,tt2096673,303,"['7', '6', '2', '8', '9', '3', '7', '5', '8', '6', '9', '4', '10', '6', '9', '8', '7', '6', '3', '7', '5', '8']","['tt2452042', 'tt2100546', 'tt4009460', 'tt1430607', 'tt0970179', 'tt4877122', 'tt5184298', 'tt1402488', 'tt1302011', 'tt5480340', 'tt2865120', 'tt3874544', 'tt2096673', 'tt3416828', 'tt1865505', 'tt3411444', 'tt3231054', 'tt1216475', 'tt1935929', 'tt2235542', 'tt1429433', 'tt2112281']",454," I choose this movie because it has a rating of 10, which indicates that it is highly regarded. Additionally, the plot of ""Inside Out"" intrigues me as it explores the emotions and inner workings of the mind. I am curious to see how the characters navigate the challenges of growing up and adapting to a new life."
1377,tt3270538,519,"['7', '6', '8', '9', '7', '6', '9', '8', '9', '7', '8']","['tt1091863', 'tt3626804', 'tt2014338', 'tt3270538', 'tt4229236', 'tt1999192', 'tt5342766', 'tt1942884', 'tt2246565', 'tt5359048', 'tt2125666']",578," I am particularly interested in understanding the causes and consequences of inequality, and this film seems to provide a comprehensive analysis of the subject."
1378,tt1840309,292,"['7', '3', '8', '4', '6', '9', '7', '5', '9', '8']","['tt1397514', 'tt2379386', 'tt1192628', 'tt2404233', 'tt1509767', 'tt3922818', 'tt0401729', 'tt3416828', 'tt1840309', 'tt1355638']",476," I choose this movie because I have previously enjoyed movies with dystopian settings and complex characters. The concept of different factions representing different virtues and the protagonist being a Divergent who doesn't fit into any one group intrigues me. I am also interested in the conflict and the potential consequences of Tris' secret being discovered. Overall, I believe ""Divergent"" offers a compelling storyline and engaging characters that will keep"
1379,tt2025690,57,"['6', '8', '4', '7', '9', '5', '7', '3', '6', '8']","['tt4126568', 'tt5254868', 'tt2134170', 'tt1886493', 'tt2025690', 'tt3732950', 'tt1829012', 'tt3181822', 'tt3480796', 'tt3247714']",135, I choose this movie because it tells a gripping and inspiring true story of a daring rescue mission in the face of extreme adversity. The plot of rescuing stranded sailors from a sinking oil tanker during a devastating storm captures my interest and curiosity. I am drawn to the bravery and determination of the Coast Guard members who risk their lives to save others. The movie promises to deliver a thrilling
1380,tt3521164,455,"['8', '6', '4', '9', '3', '7', '6', '9', '8', '10', '7']","['tt1623288', 'tt1691917', 'tt2017020', 'tt2380307', 'tt0377981', 'tt2293640', 'tt1430626', 'tt1690953', 'tt1302011', 'tt3521164', 'tt5544384']",331," I choose this movie because I have consistently rated animated films highly in the past, and ""Moana"" has received a rating of 10, which is the highest among the options. Additionally, I am intrigued by the plot of a young girl embarking on an epic journey across the Pacific, and the fact that it is based on Polynesian mythology adds an extra layer of interest for me."
1381,tt3922818,60,"['6', '4', '7', '8', '9', '3', '5', '6', '9', '7', '8']","['tt1397514', 'tt3416828', 'tt2404233', 'tt1192628', 'tt3922818', 'tt2379386', 'tt2381991', 'tt3480796', 'tt5607028', 'tt1815862', 'tt1509767']",330," I choose this movie because it has a unique and intriguing plot that combines elements of romance, adventure, and science fiction. The idea of a boy born on Mars who longs to experience life on Earth and find his father is captivating. Additionally, the exploration of human connection and the sense of wonder associated with discovering new places make it an appealing choice."
1382,tt0816692,373,"['8', '4', '7', '6', '5', '9', '8', '10', '7', '9', '6', '7', '6', '8', '10']","['tt2172934', 'tt1349482', 'tt4299972', 'tt4073952', 'tt2429074', 'tt2404425', 'tt1677561', 'tt0816692', 'tt1978532', 'tt1837709', 'tt1234721', 'tt2493486', 'tt2548208', 'tt2962876', 'tt0114709']",357," It received a rating of 10, indicating that I found it to be an exceptional movie. I am drawn to the plot of Earth's future being threatened and the concept of interstellar travel to ensure mankind's survival. The exploration of unknown worlds and the possibility of finding a new planet to sustain human life is intriguing to me. Additionally, the film has received"
1383,tt2267968,256,"['7', '4', '6', '5', '8', '9', '7', '10', '8', '6', '9', '7', '6', '9', '10', '9', '8', '7', '8']","['tt1502404', 'tt2808986', 'tt0803096', 'tt4464394', 'tt1937133', 'tt5607028', 'tt1496025', 'tt2267968', 'tt3247714', 'tt1397514', 'tt4853102', 'tt2027128', 'tt0825283', 'tt2347134', 'tt4116284', 'tt2802144', 'tt1232829', 'tt1428538', 'tt1618442']",183," I choose this movie because it received a rating of 10, indicating that it is highly enjoyable and entertaining. Additionally, I have previously rated other animated movies positively, such as ""The Lego Batman Movie"" and ""Justice League: Doom."" As a result, I believe that ""Kung Fu Panda 3"" will provide a great blend of action, humor, and heartwarming moments."
1384,tt1677561,499,"['7', '6', '8', '9', '7']","['tt4442130', 'tt1763303', 'tt2084970', 'tt1809398', 'tt1677561']",205," I choose this movie because it offers a unique and thought-provoking storyline about life, death, and redemption. The concept of a soul getting a second chance and trying to uncover the secrets of its past life and the reasons behind a teenager's suicide is intriguing. Additionally, the exploration of different shades of grey and colors in the real world adds depth to the narrative. Overall, I am drawn to the movie's potential for emotional depth and"
1385,tt0816692,230,"['7', '6', '8', '5', '9', '10', '7', '6', '9', '8', '10', '7', '10', '9', '4']","['tt1978532', 'tt2172934', 'tt1234721', 'tt4073952', 'tt1677561', 'tt2404425', 'tt2429074', 'tt1349482', 'tt2962876', 'tt2493486', 'tt1837709', 'tt2548208', 'tt0816692', 'tt4324274', 'tt0089538']",376," Additionally, I am drawn to the plot of Earth's future being in jeopardy and the concept of interstellar travel to save humanity. The combination of thrilling twists and turns, along with the exploration of space and the unknown, makes it an intriguing choice for me."
1386,tt0816692,235,"['7', '4', '6', '8', '9', '5', '9', '10\n\nReason for selection: I would like to watch ""The Grand Budapest Hotel"" because it combines elements of adventure, mystery, and comedy. The plot seems intriguing with the theft and recovery of a priceless painting, and the backdrop of a changing continent adds an extra layer of interest. Additionally, the dynamic between M. Gustave and Zero Moustafa as they navigate through the story promises to be entertaining. Overall, it appears to be a well-crafted film with a unique and captivating storyline.', '10\n\nReason for selection: I would like to watch ""Interstellar"" because I am intrigued by the concept of space exploration and the potential for humanity\'s survival in the face of a deteriorating Earth. The plot of the movie, with its focus on interstellar travel and the search for a habitable planet, captivates my imagination. Additionally, the film has received praise for its stunning visuals and thought-provoking themes. I am excited to embark on a thrilling and thought-provoking', '7', '6', '8', '7\n\nReason for selection: I would like to watch ""3 Days to Kill"" because it offers a unique blend of action, drama, and family dynamics. The plot of a dying spy trying to reconcile with his family while completing one last mission provides an intriguing premise. I am interested in seeing how the protagonist balances his dangerous assignments with reconnecting with his estranged wife and daughter. Additionally, the film explores themes of sacrifice, redemption, and the importance of family bonds. Overall, it promises to', '10\n\nReason for selection: I would like to watch ""Edge of Tomorrow"" because it offers a unique twist on the sci-fi action genre. The concept of a time loop, where the protagonist relives the same battle repeatedly, adds an element of suspense and intrigue. The plot promises intense action sequences and the opportunity to witness the growth and development of the main character as he becomes more skilled with each iteration. Additionally, the dynamic between Major William Cage and Special Forces warrior Rita Vrataski,', '9', '3', '10\n\nReason for selection: I would like to watch ""Toy Story"" because it is a timeless animated film that appeals to both children and adults. The concept of toys coming to life when humans are not around is enchanting and sparks the imagination. The film explores themes of friendship, jealousy, and the importance of acceptance. The characters, especially Woody and Buzz Lightyear, are lovable and relatable, and the story takes us on a thrilling adventure as they try to find their way back to', '6']","['tt1677561', 'tt1349482', 'tt2962876', 'tt2429074', 'tt4299972', 'tt2493486', 'tt2404425', 'tt2278388', 'tt0816692', 'tt1837709', 'tt2548208', 'tt1234721', 'tt2172934', 'tt1631867', 'tt4324274', 'tt0089538', 'tt0114709', 'tt1978532']",541," The plot of the movie, with its focus on interstellar travel and the search for a habitable planet, captivates my imagination. Additionally, the film has received praise for its stunning visuals and thought-provoking themes. I am excited to embark on a thrilling and thought-provoking journey through"
1387,tt2883512,93,"['2', '3', '4', '1', '3', '4', '2', '5', '4', '3', '5', '2', '4', '2']","['tt2828996', 'tt1935929', 'tt1588173', 'tt4009460', 'tt1397514', 'tt2546038', 'tt4126340', 'tt1243974', 'tt1430607', 'tt1650043', 'tt2883512', 'tt1798603', 'tt1666801', 'tt4877122']",601," I choose this movie because it has the highest rating among the movies I have viewed, with a rating of 5. I am drawn to this film because it tells the story of a chef rediscovering his passion for cooking and finding a deeper connection with his life and family. The plot seems heartwarming and inspiring, and I am intrigued by the idea of a culinary journey across America."
1388,tt4126568,2,"['4', '2', '7', '3', '6', '5', '2', '3', '4', '8', '9']","['tt4831420', 'tt4796122', 'tt1727776', 'tt3899796', 'tt2140423', 'tt3732950', 'tt2828996', 'tt2274570', 'tt4464394', 'tt4348012', 'tt4126568']",556," The idea of survival in such a dangerous and unpredictable situation intrigues me, and I am curious to see how the characters navigate through the challenges they face."
1389,tt0816692,419,"['7', '6', '3', '8', '9', '7', '6', '10', '9', '8', '10', '10', '9', '7', '8', '9', '5', '7']","['tt1677561', 'tt2429074', 'tt0089538', 'tt2172934', 'tt1234721', 'tt2493486', 'tt1978532', 'tt2278388', 'tt4299972', 'tt2404425', 'tt0816692', 'tt0114709', 'tt1631867', 'tt1837709', 'tt4324274', 'tt2962876', 'tt1349482', 'tt2548208']",453," I would choose this movie because I am a fan of science fiction and the concept of interstellar travel intrigues me. The plot of Earth's future being ravaged by disasters and the need for humanity to explore other planets for survival is captivating. Additionally, the film has received critical acclaim for its visual effects and storytelling, which further adds to my interest in watching it."
1390,tt1677561,460,"['7', '6', '4', '8', '9', '5', '10', '7']","['tt1978532', 'tt2429074', 'tt1349482', 'tt2962876', 'tt2404425', 'tt4073952', 'tt1677561', 'tt1837709']",569," Additionally, the plot description intrigues me as it explores themes of redemption, identity, and the mysteries of life. The idea of a soul getting a second chance and uncovering the secrets of its previous life and the reasons behind a teenager's suicide is compelling. I am interested in watching this thought-provoking and emotionally resonant film."
1391,tt1837709,344,"['7', '6', '8', '5', '7', '9', '8', '4', '9']","['tt2429074', 'tt2962876', 'tt1234721', 'tt4073952', 'tt1978532', 'tt1837709', 'tt2404425', 'tt1349482', 'tt1677561']",146," I choose this movie because it has the highest rating among the movies I have viewed so far (rated 9). Additionally, the plot description of ""Winter's Tale"" intrigues me with its elements of fantasy, love, and the exploration of the human imagination. I am drawn to the idea of a unique and magical story set in the backdrop of New York City."
1392,tt1345836,533,"['3', '4', '3', '5', '4', '2', '4', '3', '5', '3', '5', '4']","['tt1937133', 'tt2053463', 'tt1770734', 'tt1345836', 'tt2347134', 'tt4651410', 'tt1499658', 'tt2295196', 'tt1855199', 'tt4442130', 'tt3262342', 'tt1829012']",561," I choose this movie because I am a fan of the Batman series and I have enjoyed the previous movies in the franchise. Additionally, I appreciate the complex and dark storyline of this movie, as well as the intense action sequences. The character development and the performances of the actors also contribute to my interest in watching this film."
1393,tt2172934,134,"['8', '3', '4', '6', '5', '7', '9']","['tt1234721', 'tt0089538', 'tt1978532', 'tt1837709', 'tt1349482', 'tt2429074', 'tt2172934']",217," I choose this movie because it combines action and emotional depth. The plot of a spy wanting to reconnect with his family before his time runs out adds a layer of urgency and personal stakes. Additionally, the idea of a father trying to build a closer relationship with his daughter while juggling dangerous missions resonates with me."
1394,tt0816692,34,"['7', '6', '8', '9', '7', '5', '7', '4', '9', '10\n\nI would like to watch Toy Story because it is a timeless classic that brings back nostalgic memories from my childhood. The movie has a heartwarming story about friendship, loyalty, and the importance of embracing change. The characters are lovable and relatable, and the animation is groundbreaking for its time. I am excited to revisit this beloved film and experience the magic of Toy Story once again.', '8', '6', ""10\n\nI would like to watch Interstellar because it is a thought-provoking and visually stunning science fiction film. The story explores themes of human survival, love, and the vastness of the universe. The performances are captivating, and the film's portrayal of space and time travel is mind-bending. I am excited to embark on this interstellar journey and be immersed in a cinematic experience that pushes the boundaries of imagination."", '6', ""9\n\nI would like to watch Woman in Gold because it tells a compelling and important story about the restitution of stolen art during World War II. The film explores themes of justice, heritage, and the resilience of the human spirit. With a powerful performance by Helen Mirren, I expect to be moved and inspired by this true story of one woman's fight for justice and the recovery of her family's stolen artwork."", '7', '6', '8']","['tt2429074', 'tt1234721', 'tt4299972', 'tt2278388', 'tt2962876', 'tt1837709', 'tt4324274', 'tt0089538', 'tt1631867', 'tt0114709', 'tt1677561', 'tt1349482', 'tt0816692', 'tt1978532', 'tt2404425', 'tt2548208', 'tt2172934', 'tt2493486']",521," The movie explores the possibilities of interstellar travel, human survival, and the mysteries of the universe. It has received critical acclaim for its compelling narrative, exceptional performances, and breathtaking visuals. As a fan of science fiction and exploration, ""Interstellar"" offers an immersive and awe-inspiring cinematic experience that"
1395,tt1865505,238,"['6', '7', '2', '8', '4', '3', '9', '5', '8', '10', '7', '6', '7', '9', '5', '8', '9', '10']","['tt2235542', 'tt2112281', 'tt4009460', 'tt3231054', 'tt1935929', 'tt4877122', 'tt1430607', 'tt5480340', 'tt1302011', 'tt2096673', 'tt5184298', 'tt1429433', 'tt1216475', 'tt3874544', 'tt2100546', 'tt1402488', 'tt2452042', 'tt1865505']",211," I would choose this movie because it has the highest rating among the movies I have viewed, and it also aligns with my previous preferences. I have enjoyed animated films in the past, and ""Song of the Sea"" offers a unique and enchanting storyline about Irish and Scottish legends. The concept of selkies and the journey to free trapped fairy creatures sounds fascinating and magical. Therefore, I would select """
1396,tt1631867,19,"['9', '3', '7', '2', '6', '4', '8', '5', '9', '7', '10']","['tt5487524', 'tt4831420', 'tt2231461', 'tt3899796', 'tt1815862', 'tt3480796', 'tt1397514', 'tt4464394', 'tt3922818', 'tt1267299', 'tt1631867']",592, The concept of time travel and the action-packed storyline make it an exciting choice to watch.
1397,tt2094064,259,"['8', '6', '3', '7', '9', '7', '8', '9', '7', '5']","['tt2025690', 'tt3210686', 'tt2140423', 'tt1430607', 'tt1091191', 'tt2094064', 'tt2053425', 'tt5555502', 'tt2042568', 'tt5129510']",265," I choose this movie because I enjoy romantic comedies and the plot of this film seems intriguing with its mix of romance, comedy, and trickery. Additionally, the presence of talented actors like Amy Acker and Alexis Denisof adds to my interest in watching this movie."
1398,tt5804038,489,"['7', '5', '6', '8', '9', '7', '8', '7', '9', '9', '6', '8']","['tt3270538', 'tt4393514', 'tt1605782', 'tt1091863', 'tt5804038', 'tt1999192', 'tt2125666', 'tt1223236', 'tt1559038', 'tt5359048', 'tt2014338', 'tt1714917']",204," I choose this movie because it explores the life and writings of James Baldwin, a prominent figure in the Civil Rights Movement. As someone who values social and political issues, this documentary offers a deep and thought-provoking insight into the lives of Medgar Evers, Malcolm X, and Martin Luther King Jr., through the lens of Baldwin's unfinished manuscript. It provides a unique perspective on race, history,"
1399,tt2828996,4,"['6', '3', '4', '7', '2', '1', '1', '8', '5', '3']","['tt4853102', 'tt1615918', 'tt4126568', 'tt2548208', 'tt2828996', 'tt3899796', 'tt4009460', 'tt0401729', 'tt1600195', 'tt0472181']",274," I choose this movie because I enjoy horror-comedy films and the plot seems intriguing. Additionally, I have previously rated it with a 7, indicating that I have a positive impression of it."
1400,tt2883512,370,"['8', '7', '6', '5', '6', '4', '9', '7', '8', '9', '9', '8', '10', '9', '3', '2']","['tt1924273', 'tt3553442', 'tt2546038', 'tt1650043', 'tt1397514', 'tt5368354', 'tt1462769', 'tt1666801', 'tt2756032', 'tt1430607', 'tt2065968', 'tt1588173', 'tt2883512', 'tt1478964', 'tt4877122', 'tt2828996']",518," I choose this movie because it has a rating of 10, indicating that it is highly regarded. Additionally, the plot of the movie, which follows a chef rediscovering his passion for cooking and finding a deeper connection with his family, appeals to me. I appreciate stories that involve personal growth, pursuing one's passion, and the importance of family. Therefore, ""Chef"" seems like an excellent choice for me."
1401,tt5487524,22,"['6', '7', '2', '8', '9', '4', '7', '3', '8', '5', '6']","['tt1397514', 'tt3922818', 'tt3899796', 'tt5487524', 'tt2231461', 'tt4464394', 'tt1267299', 'tt4831420', 'tt3327624', 'tt1815862', 'tt3480796']",570, I choose this movie because I am intrigued by the concept of a contemporary Moscow where supernatural beings live among humans. It sounds like an interesting and unique storyline that I would like to explore.
1402,tt1837709,284,"['7', '6', '8', '9', '5', '7', '9', '8', '6']","['tt4073952', 'tt1234721', 'tt1837709', 'tt1677561', 'tt1349482', 'tt1978532', 'tt2962876', 'tt2404425', 'tt2429074']",142," I gave it a rating of 8. I choose this movie because I enjoy romantic and fantasy films, and the plot of ""Winter's Tale"" seems intriguing. The idea of a love story set in a magical and imaginative version of New York City captures my interest. Additionally, the concept of a young man falling in love with a dying girl adds an emotional depth to the story. Overall, I believe """
1403,tt2756032,356,"['7', '6', '8', '9', '7', '8', '9', '7', '9', '6', '8', '9']","['tt1462769', 'tt1924273', 'tt1650043', 'tt1588173', 'tt4651520', 'tt2756032', 'tt2065968', 'tt3553442', 'tt2883512', 'tt5368354', 'tt1666801', 'tt1478964']",532," I choose this movie because it has a unique and intriguing plot about a troubled couple facing bizarre circumstances during their getaway. The concept of exploring the complexities of relationships in a mysterious and unexpected way appeals to me. Additionally, the high rating of 8 suggests that it is well-executed and engaging."
1404,tt1430607,86,"['1', '1', '7', '8', '6', '2', '9', '3', '4', '5']","['tt1935929', 'tt4009460', 'tt1588173', 'tt1478964', 'tt3553442', 'tt2828996', 'tt1430607', 'tt2546038', 'tt4877122', 'tt1397514']",18," I rated it 9 out of 10. I choose this movie because it offers a unique and heartwarming take on the story of Santa Claus and Christmas. The concept of a high-tech operation hidden beneath the North Pole is intriguing, and the movie also explores the theme of family and the importance of coming together during the holiday season. It promises to be an entertaining and enjoyable film that captures the magic and spirit of"
1405,tt3521164,157,"['7', '6', '4', '3', '8', '2', '9', '5', '10', '6', '7']","['tt3262342', 'tt1430607', 'tt5184298', 'tt3416828', 'tt1690953', 'tt4877122', 'tt2576852', 'tt5480340', 'tt3521164', 'tt1402488', 'tt1430626']",164," I would choose this movie because it received a rating of 10, which is the highest rating I have given so far. Additionally, the plot of ""Moana"" is intriguing as it combines adventure, mythology, and a strong female protagonist. The story of a young girl embarking on a journey to save her island and restore harmony resonates with me, and I am excited to watch the film and immerse myself"
1406,tt1677561,264,"['7', '6', '8', '9', '7', '6', '5', '4', '7', '9']","['tt1837709', 'tt4073952', 'tt2404425', 'tt2962876', 'tt2493486', 'tt1234721', 'tt1978532', 'tt1349482', 'tt2429074', 'tt1677561']",229," I choose this movie because it has a unique and intriguing plot that explores themes of redemption, identity, and the complexities of life. The idea of a soul being given a second chance and having to uncover the mysteries of its past life and the reasons behind a teenager's suicide is deeply compelling. Additionally, the exploration of the different shades of grey and colorful aspects of life adds depth and symbolism to the story. Overall, ""Colorful"
1407,tt3896198,324,"['7', '3', '8', '6', '9', '10', '5', '9', '4', '8']","['tt4547056', 'tt1698647', 'tt1298554', 'tt2231461', 'tt4788944', 'tt3896198', 'tt1620680', 'tt3778644', 'tt2808986', 'tt1446714']",491," 2"" with the imdbID tt3896198. I choose this movie because it has the highest rating among the movies I have viewed so far (10). Additionally, I enjoyed the first Guardians of the Galaxy movie and I am interested in seeing how the story continues in the sequel. The mix of action, humor, and unique characters in the Guardians of the Galaxy universe appeals to me, making it an exciting choice to watch."
1408,tt0816692,306,"['8', '6', '9', '7', '5', '8', '4', '6', '9', '10', '9', '3', '2', '10', '7', '6', '8', '9']","['tt2429074', 'tt1978532', 'tt2278388', 'tt2962876', 'tt1837709', 'tt2404425', 'tt1234721', 'tt2172934', 'tt1677561', 'tt0114709', 'tt1631867', 'tt1349482', 'tt0089538', 'tt0816692', 'tt4073952', 'tt2548208', 'tt2493486', 'tt4299972']",510," Additionally, I am intrigued by the plot which involves interstellar travel and the search for a new habitable planet. The concept of exploring the unknown and the potential for mankind's survival in the face of adversity captivates my interest."
1409,tt1588173,86,"['2', '1', '7', '9', '6', '3', '8', '4', '5', '6']","['tt1935929', 'tt4009460', 'tt1588173', 'tt1478964', 'tt3553442', 'tt2828996', 'tt1430607', 'tt2546038', 'tt4877122', 'tt1397514']",547, I choose this movie because it has a unique and intriguing plot about a zombie named R who starts regaining his humanity after meeting a human girl named Julie. The concept of a zombie romance and the exploration of themes like redemption and bridging differences between two sides make it an interesting choice.
1410,tt0816692,282,"['7', '6', '8', '9', '7', '6', '4', '5', '10', '9', '8', '9', '10', '7', '8', '10', '6', '9']","['tt2548208', 'tt2429074', 'tt1234721', 'tt2404425', 'tt2493486', 'tt1978532', 'tt0089538', 'tt1349482', 'tt0114709', 'tt1631867', 'tt1837709', 'tt1677561', 'tt2278388', 'tt4073952', 'tt2962876', 'tt0816692', 'tt2172934', 'tt4299972']",73," I choose this movie because it combines elements of science fiction, adventure, and exploration, which are genres that I enjoy. Additionally, the plot of humanity's struggle for survival and the exploration of new worlds is intriguing to me. The high rating of 10 that I gave it reflects my anticipation for an immersive and captivating cinematic experience."
1411,tt0993842,313,"['5', '6', '4', '7', '5', '8', '6', '9', '8', '9']","['tt1957938', 'tt1670345', 'tt1600195', 'tt1216491', 'tt1658837', 'tt1974419', 'tt1401152', 'tt1682180', 'tt1650062', 'tt0993842']",24," Additionally, the plot of ""Hanna"" intrigues me as it revolves around a unique teenage girl with exceptional skills and a mysterious past. The combination of action, suspense, and exploration of the protagonist's identity makes it an appealing choice for me."
1412,tt1670345,491,"['9.0', '4.0', '7.0', '6.0', '8.0', '7.0', '3.0', '9.0', '8.0', '5.0', '6.0']","['tt1216491', 'tt2076220', 'tt2338151', 'tt1974419', 'tt1650062', 'tt1401152', 'tt2382009', 'tt1670345', 'tt1682180', 'tt3973198', 'tt3067274']",160," I choose this movie because it received the highest rating of 9.0 among the movies I have viewed so far. Additionally, I am intrigued by the plot description, which involves magicians performing bank robberies and the investigation that follows. The idea of illusions, secrets, and hidden agendas intrigues me, and I am curious to see how the story unfolds."
1413,tt2267968,196,"['6', '5', '7', '6', '8', '4', '9', '7', '5', '10']","['tt0825283', 'tt2027128', 'tt1618442', 'tt0803096', 'tt1232829', 'tt2808986', 'tt1428538', 'tt2458106', 'tt1937133', 'tt2267968']",82," I choose this movie because I have previously enjoyed animated films and the previous movies in the Kung Fu Panda series. The combination of humor, action, and heartwarming storytelling in the previous films has left a positive impression on me. Additionally, the plot of Po reuniting with his long-lost panda father and training a village of pandas to defeat a supernatural villain sounds exciting and entertaining."
1414,tt1855199,85,"['7', '6', '5', '4', '8', '6', '9', '3', '2', '4', '7']","['tt2172934', 'tt2347134', 'tt1829012', 'tt4442130', 'tt2167202', 'tt2134170', 'tt1855199', 'tt2679042', 'tt4651410', 'tt1308729', 'tt2140423']",49," I choose this movie because it has the highest rating among the movies I have viewed so far, with a rating of 9. Additionally, the plot description of ""End of Watch"" intrigues me as it explores the lives of street cops in South Central Los Angeles and their struggles with crime and corruption. I am interested in the dynamic between the two main characters and the challenges they face in their line of work."
1415,tt1840309,183,"['3', '2', '4', '3', '3', '4', '2', '5', '4', '3']","['tt1698647', 'tt2404233', 'tt3922818', 'tt2017561', 'tt5480340', 'tt1355638', 'tt3416828', 'tt2065968', 'tt1840309', 'tt3480796']",491," I choose this movie because it has a rating of 4, which is one of the highest ratings among the movies I have viewed. Additionally, I am intrigued by the futuristic dystopian setting and the concept of a society divided into factions based on virtues. The idea of Tris being a Divergent and not fitting into any one group adds an interesting layer of tension and mystery to the story. I am curious"
1416,tt1430607,87,"['6', '2', '8', '9', '7', '5', '3', '4', '10', '7', '1']","['tt1588173', 'tt1935929', 'tt2546038', 'tt2883512', 'tt1478964', 'tt1666801', 'tt4877122', 'tt1397514', 'tt1430607', 'tt3553442', 'tt2828996']",146," I choose this movie because it has the highest rating of 10, indicating that it is highly enjoyable and well-received. Additionally, the plot of ""Arthur Christmas"" intrigues me as it offers a unique and imaginative take on the story of Santa Claus and his operation. I am interested in seeing how the movie explores the concept of a dysfunctional family and the journey of the unlikely hero, Arthur."
1417,tt1478964,211,"['7', '6', '3', '8', '9', '7', '8', '5', '6', '2']","['tt5368354', 'tt1924273', 'tt2828996', 'tt1478964', 'tt4651520', 'tt1666801', 'tt1462769', 'tt1397514', 'tt1650043', 'tt1935929']",296," I chose this movie because I enjoy science fiction and action films, and the plot of a group of inner-city kids defending their turf against alien creatures sounds exciting and entertaining. Additionally, the concept of turning a South London apartment complex into an intergalactic war-zone intrigues me."
1418,tt2278388,406,"['7', '6', '4', '8', '9', '5', '7', '10', '6', '7', '10', '3', '8', '9', '10\n\nReason for selection: I would like to watch ""The Grand Budapest Hotel"" because it has received high ratings and positive reviews from critics. The plot seems intriguing, with a mix of adventure, mystery, and comedy. Additionally, the talented cast, including Ralph Fiennes, adds to my interest in watching this film.', '7\n\nReason for selection: I would like to watch ""Last Knights"" because I enjoy action-packed movies with themes of loyalty, honor, and vengeance. The plot seems intriguing, with a fallen warrior seeking justice and standing up against a corrupt ruler. I am also interested in the sword-clashing adventure aspect of the film. Overall, it seems like an entertaining and engaging movie that I would enjoy watching.', '6', '8']","['tt2962876', 'tt1631867', 'tt0089538', 'tt1677561', 'tt2404425', 'tt1978532', 'tt2429074', 'tt0816692', 'tt1234721', 'tt2172934', 'tt0114709', 'tt1349482', 'tt4073952', 'tt4299972', 'tt2278388', 'tt2493486', 'tt2548208', 'tt1837709']",74," Additionally, the plot seems intriguing, the film has positive reviews, and the talented cast adds to my interest in watching it."
1419,tt2756032,212,"['8', '6', '7', '9', '5', '7', '3', '8', '2', '10', '9\n\nReason for selection: I would like to watch ""Chef"" because it tells the story of a talented chef who faces challenges in his career and finds a way to rediscover his passion for cooking. The plot seems engaging and the idea of a food truck journey across America sounds intriguing. I also appreciate the theme of pursuing one\'s dreams and finding fulfillment in life.', '7', '9\n\nReason for selection: I would like to watch ""Attack the Block"" because it offers a unique twist on the alien invasion genre by focusing on a group of inner city kids defending their neighborhood against savage alien creatures. The plot sounds exciting and the idea of seeing a different perspective in a sci-fi action film is intriguing. Additionally, the setting of South London adds an interesting dynamic to the story.', '6', '4', '8', '5']","['tt1430607', 'tt1462769', 'tt2546038', 'tt2065968', 'tt1650043', 'tt1397514', 'tt2828996', 'tt1924273', 'tt4009460', 'tt1588173', 'tt2883512', 'tt3553442', 'tt1478964', 'tt1666801', 'tt4877122', 'tt2756032', 'tt5368354']",433," I am intrigued by the plot of a troubled couple seeking a getaway, only to encounter bizarre circumstances that further complicate their situation. The concept of exploring the complexities of relationships in a unique and mysterious setting appeals to me. I am curious to see how the story unfolds and how the characters navigate through the challenges they face."
1420,tt1837709,134,"['5', '2', '3', '4', '3', '4', '5']","['tt1234721', 'tt0089538', 'tt1978532', 'tt1837709', 'tt1349482', 'tt2429074', 'tt2172934']",149,""" I choose this movie because it has the highest rating among the movies I have viewed so far. Additionally, the plot description of a love story set in a magical and imaginative version of New York City intrigues me. I am interested in seeing how the story unfolds and how the characters navigate their unique circumstances."
1421,tt1588173,410,"['2', '1', '4', '3', '5', '4', '1', '3', '2', '1', '5']","['tt4877122', 'tt2828996', 'tt1666801', 'tt1650043', 'tt1397514', 'tt1430607', 'tt4009460', 'tt2546038', 'tt1935929', 'tt4126340', 'tt1588173']",492," I choose this movie because I have previously rated it the highest with a rating of 5. Additionally, I am intrigued by the unique concept of a zombie regaining his humanity and forming a warm relationship with a human. The idea of bridging the differences between the undead and the living to fight for a better world is also compelling. Overall, ""Warm Bodies"" offers an interesting twist on the typical zombie genre, and I"
1422,tt2828996,4,"['7', '2', '4', '6', '3', '1', '1', '8', '5', '6']","['tt4853102', 'tt1615918', 'tt4126568', 'tt2548208', 'tt2828996', 'tt3899796', 'tt4009460', 'tt0401729', 'tt1600195', 'tt0472181']",102, I choose this movie because I enjoy horror-comedy films and the plot seems interesting with the combination of paranormal activities and humor.
1423,tt2883512,308,"['7', '8', '6', '9', '7', '5', '8', '9', '10', '7', '6']","['tt3553442', 'tt1478964', 'tt1666801', 'tt2065968', 'tt1924273', 'tt1650043', 'tt2756032', 'tt1588173', 'tt2883512', 'tt1462769', 'tt5368354']",221," Additionally, the plot of ""Chef"" is appealing as it follows the journey of a renowned chef who rediscovers his passion for cooking and finds a deeper connection with his life and family. The combination of culinary exploration, personal growth, and family dynamics makes it an intriguing choice for me."
1424,tt2756032,310,"['7', '6', '5', '8', '9', '4', '9', '7', '8', '9', '6', '7', '8']","['tt1666801', 'tt1924273', 'tt1650043', 'tt2546038', 'tt2756032', 'tt5368354', 'tt1478964', 'tt3553442', 'tt2883512', 'tt1588173', 'tt1462769', 'tt4651520', 'tt2065968']",421," I rated it 9, which is one of the highest ratings I gave. I chose this movie because it offers a unique and intriguing plot about a troubled couple and the bizarre circumstances they encounter. I enjoy movies that challenge traditional storytelling and explore unconventional themes. ""The One I Love"" promises to be a thought-provoking and suspenseful film, which aligns with my preferences for engaging and unconventional storytelling."
1425,tt0816692,413,"['4', '3', '5', '2', '8', '6', '7', '9', '10', 'I rate The Grand Budapest Hotel a 9.', 'I rate Colorful a 8.', 'I rate Someone Marry Barry a 7.', 'I rate The Jinx: The Life and Deaths of Robert Durst a 9.', 'I rate RoboCop (2014) a 6.', 'I rate Last Knights a 7.', 'I rate The Road Within a 8.', 'I rate The Malibu Bikini Shop a 5.', 'I rate Bring It On: Fight to the Finish a 6.']","['tt1837709', 'tt2404425', 'tt1631867', 'tt4073952', 'tt0114709', 'tt2548208', 'tt2429074', 'tt2172934', 'tt0816692', 'tt2278388', 'tt1677561', 'tt1978532', 'tt4299972', 'tt1234721', 'tt2493486', 'tt2962876', 'tt0089538', 'tt1349482']",223," It received a rating of 10, which indicates that it was highly enjoyed by the user. Additionally, ""Interstellar"" offers a captivating and thought-provoking storyline about space exploration and humanity's survival, which aligns with the user's interest in intriguing and well-crafted films."
1426,tt1446714,5,"['7', '3', '6', '2', '8', '9', '5', '4', '9', '7', '10', '8', '9']","['tt1267299', 'tt4831420', 'tt1397514', 'tt3899796', 'tt5487524', 'tt3498820', 'tt1815862', 'tt4464394', 'tt1446714', 'tt3480796', 'tt1825683', 'tt3922818', 'tt3896198']",463, I give it a rating of 9. I choose this movie because I am intrigued by the concept of exploring the origins of human existence and the mysteries of the universe. The plot seems captivating and I am excited to see how the characters navigate the unknown and unravel the secrets of the Engineers.
1427,tt0993842,149,"['8', '7', '6', '9', '8', '5', '7', '6', '8', '7']","['tt3973198', 'tt0993842', 'tt5173032', 'tt1599348', 'tt1650062', 'tt1658837', 'tt1712170', 'tt2044801', 'tt1974419', 'tt1600195']",494," The concept of a teenage girl with exceptional skills and being raised as an assassin intrigues me. The plot of Hanna facing unexpected revelations about her existence and questions about her humanity adds depth to the story. Overall, it seems like an exciting and captivating movie to watch."
1428,tt1825683,453,"['8', '6', '4', '7', '5', '9', '2', '10', '3', '9', '8', '6', '10\n\nReason for selection: I would like to watch ""Black Panther"" because it has received critical acclaim for its groundbreaking representation of African culture and its strong storytelling. The movie explores themes of identity, power, and responsibility in a unique and captivating way. Additionally, the performances, visual effects, and action sequences have been highly praised, making it a must-watch film in the Marvel Cinematic Universe.', '9\n\nReason for selection: I would like to watch ""Captain America: Civil War"" because it presents a compelling conflict between the different members of the Avengers, exploring complex themes of accountability, loyalty, and personal beliefs. The movie not only features intense action sequences and impressive visual effects but also delves into the emotional journeys of its characters. Additionally, the introduction of new characters like Black Panther and Spider-Man adds excitement and depth to the storyline. Overall, ""Captain America: Civil War"" promises to', '4']","['tt2231461', 'tt1446714', 'tt1620680', 'tt5544384', 'tt1397514', 'tt3778644', 'tt3899796', 'tt3896198', 'tt1815862', 'tt1631867', 'tt2660888', 'tt3480796', 'tt1825683', 'tt3498820', 'tt4464394']",567," The movie explores themes of identity, power, and responsibility in a unique and captivating way. Additionally, the performances, visual effects, and action sequences have been highly praised, making it a must-watch film in the Marvel Cinematic Universe."
1429,tt0816692,340,"['8', '6', '9', '7', '5', '4', '9', '7', '6', '3', '8', '10']","['tt2962876', 'tt1978532', 'tt0114709', 'tt1677561', 'tt2429074', 'tt4073952', 'tt2404425', 'tt2493486', 'tt1837709', 'tt1349482', 'tt1234721', 'tt0816692']",417," I choose this movie because it combines elements of science fiction, adventure, and exploration, which are genres that I enjoy. The plot of humanity's struggle for survival and the possibility of finding a new habitable planet is intriguing and thought-provoking. Additionally, the high rating of 10 that I gave it indicates that I believe it will be a highly enjoyable and captivating film."
1430,tt1815862,2,"['7', '6', '3', '4', '9', '5', '8', '7', '6', '9', '6']","['tt5487524', 'tt3922818', 'tt3899796', 'tt4831420', 'tt1825683', 'tt1267299', 'tt3480796', 'tt1815862', 'tt4464394', 'tt3498820', 'tt1397514']",423,
1431,tt2347134,509,"['6', '3', '7', '5', '8', '9', '7', '9', '4', '6']","['tt4116284', 'tt1496025', 'tt2267968', 'tt1428538', 'tt2347134', 'tt5607028', 'tt3247714', 'tt2802144', 'tt4464394', 'tt1397514']",141," I select this movie because it is a reinterpretation of the Oscar-winning film ""Unforgiven"" as a Japanese period film. I have previously enjoyed movies with a unique twist or different cultural perspectives, and this movie seems to offer a fresh take on a familiar story. Additionally, the plot of a former assassin forced to break his promise and take up the sword again intrigues me and"
1432,tt1441395,184,"['5', '1', '3', '4', '2', '1', '4', '3', '4', '2', '5']","['tt1714915', 'tt3201722', 'tt3487994', 'tt1596365', 'tt3067274', 'tt2828996', 'tt0905372', 'tt3705412', 'tt4094724', 'tt3099498', 'tt1441395']",82," Additionally, the plot description intrigues me with its unique and thought-provoking concept of an alien entity discovering its own humanity. I am curious to see how the movie explores this theme and the consequences that arise from it."
1433,tt2404425,465,"['8', '6', '9', '7', '8']","['tt4073952', 'tt1978532', 'tt2404425', 'tt1677561', 'tt2962876']",571," I choose this movie because it has a compelling and emotionally charged plot. The story revolves around the protagonist's quest for justice and reclaiming her family's stolen artwork. It explores themes of history, loss, and resilience. Given my previous ratings and preferences, this movie stands out as it offers a combination of historical significance, drama, and a strong female lead."
1434,tt1588173,334,"['7', '6', '8', '9', '9', '7', '8', '6', '5', '9', '8']","['tt1650043', 'tt1715873', 'tt1430607', 'tt3553442', 'tt1478964', 'tt1924273', 'tt4651520', 'tt2546038', 'tt5368354', 'tt1588173', 'tt2065968']",254," I choose this movie because I have previously enjoyed movies with unconventional and unique storylines, and ""Warm Bodies"" seems to fit that criteria. The idea of a zombie regaining his humanity and forming a warm relationship with a human is intriguing to me. Additionally, the concept of bridging the differences between humans and zombies for a better world adds an interesting layer to the story. Overall, I am drawn to the originality and"
1435,tt2802144,353,"['8', '6', '7', '9', '8', '7', '5', '6', '7', '9']","['tt2267968', 'tt1428538', 'tt0803096', 'tt2802144', 'tt4116284', 'tt1232829', 'tt1496025', 'tt1502404', 'tt1618442', 'tt4853102']",503," I choose this movie because it received a high rating of 9 from me, indicating that I enjoyed it greatly. The movie combines action, humor, and a unique twist on the spy genre, making it an entertaining and thrilling watch. The dynamic characters, particularly the protagonist Eggsy, and the stylish visual presentation further add to the appeal. Overall, ""Kingsman: The Secret Service"" stands out"
1436,tt2125666,481,"['7', '8', '6', '9', '7', '8', '9', '7', '8', '9']","['tt1714917', 'tt3270538', 'tt1417592', 'tt2304915', 'tt1605782', 'tt3626804', 'tt1091863', 'tt1559038', 'tt1223236', 'tt2125666']",5," I choose this movie because it explores the consequences of the sub-prime mortgage collapse and the impact it had on the Siegel family, who were previously living a lavish lifestyle. I am interested in understanding the dynamics of wealth and the effects of financial crises on individuals and society. Additionally, the film delves into the themes of materialism and the pursuit of superficial values, which I find intriguing."
1437,tt2094064,274,"['6', '3', '7', '8', '4', '5', '9', '8', '5', '7']","['tt3832914', 'tt3231054', 'tt2756032', 'tt2094064', 'tt2140423', 'tt0479997', 'tt2347134', 'tt4193394', 'tt5368354', 'tt1243974']",407,""" I choose this movie because I enjoy films with comedic elements and intriguing storylines. The plot description of ""Much Ado About Nothing"" intrigues me with its mix of romance, deception, and witty banter. Additionally, I appreciate the talented cast involved in the film."
1438,tt2177771,445,"['6', '7', '8', '9', '7']","['tt1682180', 'tt2053463', 'tt2094064', 'tt2177771', 'tt0816442']",250," Additionally, the plot of the movie, which focuses on a group of individuals risking their lives to protect and preserve cultural treasures during World War II, appeals to my interest in history and art."
1439,tt2808986,168,"['7', '6', '8', '9', '4', '3', '9', '7', '5', '8']","['tt1855199', 'tt1937133', 'tt2379713', 'tt3262342', 'tt2808986', 'tt2735292', 'tt1345836', 'tt1770734', 'tt2295196', 'tt3402236']",415, The idea of a film entirely composed of paintings in the style of Vincent van Gogh is fascinating to me. I appreciate the effort and creativity that went into creating such a visually stunning and innovative movie.
1440,tt1631867,476,"['7', '6', '4', '8', '5', '9', '6', '7', '8', '7', '10', '6', '9', '5', '8', '7', '9']","['tt2278388', 'tt1677561', 'tt2429074', 'tt2404425', 'tt4324274', 'tt1631867', 'tt2493486', 'tt2172934', 'tt2962876', 'tt4299972', 'tt0114709', 'tt1978532', 'tt0816692', 'tt2548208', 'tt1234721', 'tt4073952', 'tt1837709']",315," I choose this movie because it received a rating of 9, which is the highest among the movies I have rated so far. Additionally, I am intrigued by the plot of the movie, which involves a unique concept of time loops and a battle against an alien race. The idea of the protagonist gaining increasing skills with each repeated encounter is also appealing to me. Overall, ""Edge of Tomorrow"" seems to"
1441,tt1430607,146,"['7', '6', '8', '4', '9']","['tt1216475', 'tt1192628', 'tt1441952', 'tt1935929', 'tt1430607']",215," I choose this movie because it has a high rating of 9, indicating that it is likely to be enjoyable and well-received. Additionally, the plot description mentions a story about a family in comic dysfunction and an unlikely hero with an urgent mission. This combination of family dynamics and a unique twist on the Santa Claus story intrigues me, making me want to watch and see how it unfolds."
1442,tt2883512,257,"['7', '6', '8', '5', '9', '7', '4', '6', '8', '2', '3', '9', '5', '7', '10', '8', '3', '9', '7']","['tt2756032', 'tt1666801', 'tt1430607', 'tt3553442', 'tt1478964', 'tt2065968', 'tt5368354', 'tt1650043', 'tt2546038', 'tt4009460', 'tt1935929', 'tt1588173', 'tt1397514', 'tt1715873', 'tt2883512', 'tt1462769', 'tt2828996', 'tt4651520', 'tt1924273']",542," I choose this movie because it received a rating of 10, which indicates that it was highly enjoyable and well-received. Additionally, the plot of the movie, revolving around a chef rediscovering his passion and creating a connection with his family, sounds heartwarming and engaging. The theme of pursuing one's dreams and finding fulfillment resonates with me, making ""Chef"" an appealing choice."
1443,tt1600195,1,"['1', '2', '3', '4', '5', '6']","['tt4009460', 'tt2528814', 'tt3832914', 'tt1600195', 'tt5254868', 'tt2345759']",253, I choose this movie because I find the plot intriguing and full of suspense. The idea of a teenager discovering he may have been adopted and being hunted down by dangerous criminals and the CIA adds an exciting element to the story. I am interested to see how the protagonist navigates through this dangerous situation and who he can trust.
1444,tt1677561,283,"['6', '4', '7', '8', '5', '9', '7', '9', '6', '8']","['tt2429074', 'tt2962876', 'tt2493486', 'tt1837709', 'tt1349482', 'tt4073952', 'tt1978532', 'tt1677561', 'tt1234721', 'tt2404425']",31," I choose this movie because it has a unique and intriguing plot that explores themes of redemption, self-discovery, and the complexity of life. The idea of a soul being given a second chance and having to uncover the mysteries of its past life and the reasons behind a teenager's suicide is both thought-provoking and emotionally compelling. The concept of different shades of gray and colorful layers in life adds depth to the story. Overall"
1445,tt5362988,488,"['8', '6', '7', '5', '6', '9', '7', '6', '8', '9', '8', '4', '9', '7', '10', '6', '9']","['tt2911666', 'tt3973198', 'tt3247714', 'tt5254868', 'tt1829012', 'tt1600196', 'tt2059171', 'tt3480796', 'tt4547056', 'tt2025690', 'tt0790724', 'tt1865393', 'tt3062096', 'tt3732950', 'tt5362988', 'tt4471456', 'tt4912910']",161," Additionally, the plot of ""Wind River"" intrigues me as it involves a murder mystery set in a vast and unforgiving territory. The collaboration between the seasoned game tracker and the inexperienced FBI agent to unravel the mystery further adds to my interest. I am drawn to the suspense and the potential for justice to"
1446,tt2209418,439,"['6', '4', '7', '5', '8', '9', '10', '10', '8', '7', '9', '10', '8', '3', '2']","['tt1540128', 'tt2756032', 'tt5368354', 'tt1243974', 'tt1067774', 'tt2870808', 'tt1714915', 'tt2053425', 'tt2034031', 'tt1710417', 'tt2073520', 'tt2209418', 'tt1937118', 'tt4465564', 'tt2322441']",90," Additionally, I am drawn to the plot of the movie, which explores the complexities of a long-term relationship and the challenges that arise as the characters question their life decisions. As someone who values thought-provoking and emotionally rich storytelling, ""Before Midnight"" seems like a compelling choice."
1447,tt4348012,2,"['3', '4', '7', '2', '6', '5', '3', '8', '6', '9', '7']","['tt4831420', 'tt4796122', 'tt1727776', 'tt3899796', 'tt2140423', 'tt3732950', 'tt2828996', 'tt2274570', 'tt4464394', 'tt4348012', 'tt4126568']",435," I choose this movie because it has a rating of 9, which indicates that it is highly enjoyable and entertaining. The plot of a virus infecting a corporate law office and causing people to act out their wildest impulses sounds intriguing and intense. I am interested in seeing how the protagonist fights for his job and life in the quarantined building."
1448,tt4912910,63,"['7', '6', '4', '8', '5', '9', '3', '7', '6', '2', '8']","['tt2911666', 'tt5254868', 'tt3732950', 'tt3062096', 'tt3480796', 'tt4912910', 'tt4126568', 'tt3247714', 'tt1829012', 'tt3181822', 'tt1600196']",347," I choose this movie because I am a fan of action-packed thrillers and the Mission: Impossible series has always delivered intense and exciting plots. Additionally, the high ratings and positive reviews for this particular installment make it a promising choice."
1449,tt4912910,63,"['7', '6', '4', '8', '5', '9', '3', '7', '6', '2', '8']","['tt2911666', 'tt5254868', 'tt3732950', 'tt3062096', 'tt3480796', 'tt4912910', 'tt4126568', 'tt3247714', 'tt1829012', 'tt3181822', 'tt1600196']",435," I choose this movie because it received the highest rating of 9. Additionally, I am a fan of action-packed films and the Mission: Impossible series has a reputation for delivering thrilling and intense experiences. The plot of Ethan Hunt and his team racing against time to prevent a global catastrophe sounds intriguing and I am excited to see how they navigate through the challenges they face."
1450,tt2278388,544,"['6', '7', '4', '2', '9', '8', '3', '5', '7', '9', '6', '8', '7', '9', '10\n\nReason for selection: I would like to watch ""The Grand Budapest Hotel"" because it has received high ratings and positive reviews from both critics and audiences. The plot seems intriguing, with a mix of adventure, mystery, and comedy. Additionally, the film boasts a talented cast, including Ralph Fiennes and Tony Revolori. I am also drawn to the unique visual style and the setting of a grand hotel in Europe between the wars. Overall, it seems like a captivating and entertaining film that', '8\n\nReason for selection: I would like to watch ""Batman vs. Robin"" because I am a fan of the Batman franchise and enjoy superhero films. The plot seems intriguing, with Damian Wayne, Batman\'s son, struggling with his father\'s moral code. I am interested in seeing how this conflict plays out and how Damian deals with the challenges in Gotham, including the toy maker and the Court of Owls. Additionally, I appreciate the darker and more mature themes explored in this animated film. Overall', '7\n\nReason for selection: I would like to watch ""Poker Night"" because I enjoy suspenseful and thrilling movies. The plot seems intriguing, with a detective being trapped by a psychopath and having to use the stories he heard at poker nights to outsmart his captor and save himself and a young girl. I am drawn to the idea of a psychological battle between the detective and the psychopath, with unexpected twists and turns throughout the film. Additionally, the comparisons to movies like ""Seven', '9\n\nReason for selection: I would like to watch ""The Road Within"" because it explores important themes such as mental health, personal growth, and relationships. The plot seems compelling, with Vincent, a young man with Tourette Syndrome, navigating his way through life after the death of his mother and his father\'s reluctance to include him in his political campaign. The unconventional clinic run by Dr. Mia Rose and the bond that forms between Vincent, Marie, and Alex, each dealing with their own challenges']","['tt1234721', 'tt0816692', 'tt2172934', 'tt1349482', 'tt2404425', 'tt1631867', 'tt2429074', 'tt1978532', 'tt1837709', 'tt0114709', 'tt2493486', 'tt4299972', 'tt4073952', 'tt1677561', 'tt2278388', 'tt4324274', 'tt2548208', 'tt2962876']",142," Additionally, the film has garnered critical acclaim and has an intriguing plot filled with adventure, mystery, and comedy. The talented cast, unique visual style, and the setting of a grand hotel in Europe between the wars also contribute to my decision. Overall, ""The Grand Budapest Hotel"" seems like a captivating and entertaining film"
1451,tt4191054,10,"['3', '2', '3', '4', '3', '1', '4']","['tt1615918', 'tt0401729', 'tt1600195', 'tt1667353', 'tt1710396', 'tt3899796', 'tt4191054']",222,""" I also find the concept of a colorful cast of goblins, elves, fairies, and imps engaging."
1452,tt1234721,71,"['4', '3', '2', '3', '1']","['tt1349482', 'tt1234721', 'tt1978532', 'tt2429074', 'tt0089538']",82," I choose this movie because I am intrigued by the concept of a part-man, part-robot police officer and the idea of justice being pursued by a man inside a machine. The plot seems interesting and I am curious to see how the story unfolds in a futuristic setting."
1453,tt1397514,191,"['7', '6', '4', '2', '3', '8', '1', '9', '10', '5', '7', '9', '6', '8']","['tt2883512', 'tt1430607', 'tt1924273', 'tt2828996', 'tt1935929', 'tt1397514', 'tt4877122', 'tt3553442', 'tt1478964', 'tt2546038', 'tt1666801', 'tt1588173', 'tt1650043', 'tt1462769']",179," I choose this movie because I have previously enjoyed adventure films like ""Indiana Jones"" and ""National Treasure,"" and this movie seems to have a similar adventurous theme. Additionally, the plot description of exploring a mysterious island and solving a family mystery intrigues me."
1454,tt1441395,167,"['8', '6', '4', '7', '9', '3']","['tt3705412', 'tt1714915', 'tt3487994', 'tt3067274', 'tt1441395', 'tt3201722']",294, I choose this movie because it has a unique and intriguing plot about an alien entity discovering its humanity. The high rating I gave it indicates that I appreciate thought-provoking and unconventional films. I am interested in exploring the existential themes and the tragic consequences that unfold in the movie.
1455,tt1837709,128,"['7', '6', '4', '8', '9', '3']","['tt2429074', 'tt1978532', 'tt1349482', 'tt1234721', 'tt1837709', 'tt0089538']",409," This movie appeals to me because it combines elements of fantasy and romance, which are genres I enjoy. The plot description suggests a unique and imaginative setting in New York City, and the love story between Peter and Beverly seems intriguing. Additionally, the idea of a young girl who is dying adds an emotional depth to the story. Overall, Winter's Tale seems like a captivating and heartfelt movie that"
1456,tt1631867,41,"['2', '3', '4', '2', '5']","['tt1349482', 'tt1978532', 'tt1631867', 'tt0089538', 'tt4299972']",205, The reason for selecting this movie is because I enjoy action-packed films with a unique twist. The concept of a time loop and the protagonist's increasing skills make it an intriguing and engaging watch.
1457,tt2576852,148,"['8', '7', '4', '6', '9', '5', '8', '10', '7', '3', '6']","['tt3564794', 'tt1935859', 'tt1071875', 'tt2404233', 'tt2576852', 'tt1854564', 'tt0770828', 'tt5607028', 'tt1837709', 'tt2379386', 'tt2381991']",134," I choose this movie because it has the highest rating among the movies I have viewed so far, with a rating of 9. Additionally, I am intrigued by the unique plot of a princess found in a bamboo and the challenges she faces in finding a suitable marriage gift. The story seems to be filled with mystery and cultural elements that I find appealing."
1458,tt1999192,501,"['7', '6', '8', '9', '7', '9', '8', '7', '9', '6']","['tt3270538', 'tt5342766', 'tt1999192', 'tt2014338', 'tt4229236', 'tt2246565', 'tt3626804', 'tt1605782', 'tt1091863', 'tt1417592']",541, I choose this movie because it received a high rating of 8 and I enjoy watching stand-up comedy. Kevin Hart is known for his comedic talent and I believe this film will provide a hilarious and entertaining experience.
1459,tt1837709,281,"['7', '6', '8', '9', '9', '8', '7', '6', '7']","['tt1978532', 'tt2962876', 'tt4073952', 'tt1837709', 'tt2404425', 'tt1677561', 'tt2429074', 'tt1349482', 'tt1234721']",398," I would choose this movie because it has the highest rating among the movies I have viewed so far, with a rating of 9. Additionally, the plot of ""Winter's Tale"" seems intriguing and unique, with a blend of romance and fantasy elements. The idea of a love story set in a magical version of New York City, combined with the theme of overcoming obstacles and the concept of eternal love, appeals to"
1460,tt2429074,72,"['6', '4', '3', '7', '8']","['tt1978532', 'tt1234721', 'tt0089538', 'tt1349482', 'tt2429074']",424,"B.F."" with the imdbID tt2429074. I choose this movie because it explores themes of friendship, acceptance, and individuality. The plot revolves around the main character, Tanner, who is forced to navigate the complexities of high school cliques and societal expectations after being outed as gay. I am interested in watching this movie because it addresses important social issues in a lighthearted and comedic way, while also promoting inclusivity and the importance of true friendship"
1461,tt1677561,115,"['7', '6', '8', '7', '5', '9', '6', '7', '9', '8', '4', '3', '7', '9']","['tt2404425', 'tt4324274', 'tt1234721', 'tt2172934', 'tt4073952', 'tt2962876', 'tt1978532', 'tt2429074', 'tt1677561', 'tt2493486', 'tt1349482', 'tt0089538', 'tt2548208', 'tt1837709']",257," I choose this movie because it explores themes of redemption, self-discovery, and the complexities of life. The plot revolves around a soul given a second chance in the body of a troubled teenager, and the journey of uncovering the truth behind past mistakes and the reasons for the protagonist's suicide. This introspective and thought-provoking storyline appeals to my preference for movies that delve into deeper emotions and offer a unique perspective on"
1462,tt2042568,426,"['7', '4', '6', '8', '9', '7', '8', '9', '5', '7', '6', '9']","['tt2053425', 'tt3832914', 'tt3231054', 'tt2347134', 'tt2042568', 'tt2094064', 'tt2025690', 'tt1430607', 'tt5129510', 'tt5555502', 'tt3210686', 'tt1091191']",280," I am particularly drawn to this movie because it explores the struggles and obstacles faced by a young folk singer in the Greenwich Village folk scene of 1961. I appreciate the portrayal of the protagonist's determination and resilience in pursuing his passion for music despite the challenges he faces. The setting and time period also intrigue me, as I enjoy stories that delve"
1463,tt0905372,172,"['6', '3', '7', '8', '4', '9', '10', '5', '2', '7', '9', '8']","['tt3705412', 'tt3067274', 'tt4094724', 'tt0905372', 'tt4796122', 'tt3099498', 'tt1441395', 'tt3487994', 'tt3201722', 'tt4464394', 'tt1714915', 'tt1596365']",299," I choose this movie because I enjoy science fiction and horror genres, and the plot of ""The Thing"" intrigues me. The idea of a mysterious alien creature infecting and transforming the members of a research team in an isolated location sounds thrilling and suspenseful. Additionally, the concept of the creature being discovered in Antarctica adds an element of isolation and vulnerability to the story. Overall, ""The Thing"" seems like a"
1464,tt2094064,274,"['8', '7', '6', '9', '4', '7', '9', '8', '5', '6']","['tt3832914', 'tt3231054', 'tt2756032', 'tt2094064', 'tt2140423', 'tt0479997', 'tt2347134', 'tt4193394', 'tt5368354', 'tt1243974']",56,""" I choose this movie because I enjoyed the combination of romance and comedy in the plot. The witty banter between the characters, especially Benedick and Beatrice, was entertaining and kept me engaged throughout the film. Additionally, the setting and time period of the story added an extra charm to the overall experience."
1465,tt1462769,534,"['8', '7', '6', '4', '5', '3', '9', '2', '10', '7', '6']","['tt1935859', 'tt2576852', 'tt1839492', 'tt2381991', 'tt0829150', 'tt2379386', 'tt1462769', 'tt2735292', 'tt5607028', 'tt0770828', 'tt2404233']",523, I choose this movie because it has received a high rating from me (9) and it has an intriguing and heartwarming plot. The concept of a couple unexpectedly becoming parents to a unique child and learning valuable lessons about parenthood is something that resonates with me. I am curious to see how the story unfolds and how the characters navigate the challenges and joys of raising Timothy.
1466,tt2404425,278,"['6', '2', '7', '4', '8', '9', '10', '9']","['tt2962876', 'tt1349482', 'tt4073952', 'tt1978532', 'tt2429074', 'tt1837709', 'tt2404425', 'tt1677561']",231," I choose this movie because it has a compelling and emotional storyline about seeking justice and reclaiming stolen art from the Nazis during World War II. The plot resonates with me, and I am interested in learning more about the historical context and the journey of Maria Altmann in her pursuit of justice."
1467,tt1397514,257,"['7', '6', '8', '9', '10', '5', '4', '6', '7', '3', '2', '9', '7', '8', '10', '9', '4', '8', '7']","['tt2756032', 'tt1666801', 'tt1430607', 'tt3553442', 'tt1478964', 'tt2065968', 'tt5368354', 'tt1650043', 'tt2546038', 'tt4009460', 'tt1935929', 'tt1588173', 'tt1397514', 'tt1715873', 'tt2883512', 'tt1462769', 'tt2828996', 'tt4651520', 'tt1924273']",185," I choose this movie because it combines elements of romance, comedy, and a unique twist on the zombie genre. The idea of a zombie regaining his humanity and forming a warm relationship with a human is intriguing. The plot offers a mix of humor, suspense, and a message of hope. It seems like a refreshing and entertaining choice that would provide an enjoyable viewing experience."
1468,tt1840309,176,"['6', '7', '8', '9', '4', '7', '5', '6', '7', '8', '9', '7']","['tt5480340', 'tt2065968', 'tt1302011', 'tt5607028', 'tt1815862', 'tt2017561', 'tt1429433', 'tt0401729', 'tt1397514', 'tt1840309', 'tt1509767', 'tt1698647']",118," I choose this movie because I have consistently rated movies that involve dystopian societies and futuristic settings with high ratings. The concept of a society divided into factions and the idea of being ""Divergent"" intrigues me. I am also drawn to the theme of self-discovery and the potential for a strong female protagonist. Overall, ""Divergent"" aligns with my previous preferences and offers an interesting and engaging storyline."
1469,tt2756032,363,"['7', '8', '6', '9', '7', '9', '10', '6', '8', '5', '9', '8', '7', '8', '4', '6', '10', '3', '9']","['tt4651520', 'tt2883512', 'tt1650043', 'tt2546038', 'tt1715873', 'tt2065968', 'tt1430607', 'tt1397514', 'tt1462769', 'tt1935929', 'tt1666801', 'tt1478964', 'tt1924273', 'tt3553442', 'tt2828996', 'tt5368354', 'tt1588173', 'tt4009460', 'tt2756032']",142," I choose this movie because it has a high rating of 9, indicating that it is highly regarded by viewers. Additionally, the plot description intrigues me with its mention of a troubled couple and bizarre circumstances. I am curious to see how the story unfolds and how the characters navigate their situation."
1470,tt2140423,273,"['7', '6', '4', '8', '5', '9', '10', '3', '7', '6']","['tt2094064', 'tt4193394', 'tt5368354', 'tt3231054', 'tt2140423', 'tt2756032', 'tt2347134', 'tt0479997', 'tt3832914', 'tt1243974']",531,""" Although it may not have the highest rating among the movies I have viewed, I am intrigued by its plot of a young woman seeking vengeance after being abducted by serial killers. The idea of her escaping and then becoming a prime suspect in the investigation adds an interesting twist to the story. I am drawn to the suspense and the potential for unexpected turns in the plot, making it a compelling choice for me."
1471,tt1430607,146,"['6', '7', '8', '3', '9']","['tt1216475', 'tt1192628', 'tt1441952', 'tt1935929', 'tt1430607']",188," I choose this movie because it has a high rating of 9, indicating that it is highly enjoyable. Additionally, the plot of the movie intrigues me as it offers a unique and imaginative take on how Santa delivers presents. The idea of a dysfunctional family and an unlikely hero adds an interesting dynamic to the story. Overall, I am excited to watch Arthur Christmas because of its high rating and captivating plot."
1472,tt5129510,451,"['7', '8', '6', '9', '10', '5', '4', '8', '9', '7']","['tt5555502', 'tt2053425', 'tt2042568', 'tt1091191', 'tt2347134', 'tt3210686', 'tt5129510', 'tt1430607', 'tt3262342', 'tt4193394']",72," I choose this movie because I have a preference for historical dramas and I find the plot of a dying king surrounded by loyal followers intriguing. Additionally, the high rating of 10 indicates that it is highly praised, which further sparks my interest."
1473,tt1588173,213,"['6', '7', '2', '8', '4', '3', '5', '9', '7', '6', '9', '7', '8', '7', '9', '4', '6']","['tt2883512', 'tt1430607', 'tt4877122', 'tt2756032', 'tt1397514', 'tt1935929', 'tt5368354', 'tt1588173', 'tt3553442', 'tt1666801', 'tt1478964', 'tt1924273', 'tt2065968', 'tt4651520', 'tt1462769', 'tt2828996', 'tt1650043']",583," I choose this movie because it has a rating of 9, which indicates that it is highly regarded. Additionally, I am intrigued by the unique concept of a zombie developing a warm relationship and regaining his humanity. The blend of romance and post-apocalyptic elements seems intriguing and I am curious to see how the story unfolds."
1474,tt2429074,279,"['7', '6', '8', '5', '4', '3', '9', '7']","['tt2962876', 'tt1677561', 'tt2404425', 'tt1837709', 'tt2429074', 'tt1349482', 'tt4073952', 'tt1978532']",208,"B.F."" with imdbID tt2429074. I choose this movie because I enjoyed the concept of social warfare and the exploration of high school cliques. Additionally, the plot of a character being transformed into a ""Gay Best Friend"" intrigued me and I wanted to see how the story unfolds."
1475,tt6769208,531,"['6', '3', '7', '8', '4', '9', '9', '7', '5', '10']","['tt1091863', 'tt4393514', 'tt3327994', 'tt3626804', 'tt1972663', 'tt2014338', 'tt5804038', 'tt2246565', 'tt1999192', 'tt6769208']",116," I choose this movie because I have a strong interest in nature and environmental topics. The documentary explores the impact of human activities on the oceans, which aligns with my concerns about the environment. Additionally, the revolutionary segments and stunning visuals promised in the film make it an exciting and educational choice."
1476,tt1588173,327,"['6', '7', '8', '9', '5', '7', '8', '9', '10', '6']","['tt4651520', 'tt1650043', 'tt1462769', 'tt1478964', 'tt5368354', 'tt1924273', 'tt2756032', 'tt2065968', 'tt1588173', 'tt1666801']",578," I choose this movie because I have enjoyed watching movies with unique and unconventional storylines. ""Warm Bodies"" offers a fresh take on the zombie genre by exploring the theme of love and humanity in a post-apocalyptic world. The plot seems intriguing and I am curious to see how the relationship between R and Julie develops and how they navigate the challenges they face."
1477,tt2345759,1,"['2', '1', '4', '3', '2', '5']","['tt2528814', 'tt4009460', 'tt5254868', 'tt3832914', 'tt1600195', 'tt2345759']",455," I choose this movie because it has a rating of 5, which is the highest rating among the movies I have viewed."
1478,tt1855199,225,"['8', '6', '4', '7', '9', '9', '7', '8', '9']","['tt2390361', 'tt3327624', 'tt1978532', 'tt2231253', 'tt2404425', 'tt1216491', 'tt3553442', 'tt1742044', 'tt1855199']",595," I choose this movie because it has received a high rating of 9 from me, indicating that I thoroughly enjoyed it. The plot description of two street cops facing danger and navigating through internal conflicts within the LAPD intrigues me. Additionally, the idea of a Mexican cartel ordering their deaths adds an element of suspense and intensity to the story. Overall, ""End of Watch"" seems to offer a thrilling and gripping"
1479,tt2053425,122,"['8', '4', '7', '6', '9', '8', '10', '7', '5', '8', '9']","['tt2140423', 'tt3210686', 'tt2025690', 'tt5555502', 'tt2053425', 'tt2756032', 'tt2347134', 'tt1091191', 'tt3231054', 'tt4193394', 'tt1430607']",55," Additionally, the plot description of ""Rust and Bone"" intrigues me with its exploration of love, resilience, and the human spirit. The story of a father and son finding hope and connection amidst challenging circumstances resonates with me, and I am eager to see how the characters navigate their struggles and"
1480,tt1429433,217,"['8', '7', '6', '9', '7', '8', '5', '6', '9', '7']","['tt2017561', 'tt1840309', 'tt1192628', 'tt0401729', 'tt1355638', 'tt2065968', 'tt1698647', 'tt1429433', 'tt1509767', 'tt5480340']",602," I choose this movie because it has a unique and interesting plot about a white gorilla who wants to become a ""normal"" gorilla. It also involves a secret mission and adventure, which adds excitement to the story. Additionally, the movie features the voices of Ariana Grande and David Spade, which adds to the appeal."
1481,tt1942884,158,"['8', '7', '6', '9', '8', '7', '5', '9', '7', '10', '8']","['tt1417592', 'tt1559038', 'tt1714917', 'tt2304915', 'tt1091863', 'tt1605782', 'tt2125666', 'tt1942884', 'tt5359048', 'tt3270538', 'tt1223236']",524," I choose this movie because I have a strong interest in the world of indie game development and I enjoy documentaries that provide insights into creative processes. ""Indie Game: The Movie"" explores the journeys of indie game developers and their passion for creating games. It gives a behind-the-scenes look at the challenges they face and the emotions they experience throughout the development process. As someone who appreciates indie games"
1482,tt1430607,12,"['1', '2', '4', '3', '6', '7', '2', '5', '3', '2']","['tt4877122', 'tt4126340', 'tt2883512', 'tt2546038', 'tt1430607', 'tt1588173', 'tt4009460', 'tt1397514', 'tt2828996', 'tt1935929']",509, I choose this movie because it has the highest rating among the movies I have viewed so far and the plot seems interesting.
1483,tt3553442,356,"['8', '6', '7', '9', '8', '7', '9', '7', '10', '6', '8', '9']","['tt1462769', 'tt1924273', 'tt1650043', 'tt1588173', 'tt4651520', 'tt2756032', 'tt2065968', 'tt3553442', 'tt2883512', 'tt5368354', 'tt1666801', 'tt1478964']",22," I choose this movie because I have a preference for films that explore complex and challenging environments. The plot of a news copywriter navigating the dangers and cultural differences of war-torn Afghanistan intrigues me. Additionally, the film delves into themes of personal growth and resilience, which I find compelling."
1484,tt2091935,206,"['6', '4', '7', '5', '6']","['tt1715873', 'tt1210819', 'tt2091935', 'tt1540128', 'tt1937133']",439," Right"". I choose this movie because it has a rating of 7, which is higher than the other movies I have rated so far. Additionally, the plot of a woman falling in love with a former hit-man sounds intriguing and unique, offering a mix of romance and action."
1485,tt1631867,24,"['7', '4', '9', '3', '6']","['tt4299972', 'tt1349482', 'tt1631867', 'tt0089538', 'tt1978532']",250," Additionally, the plot of the movie, involving a time loop and a battle against an alien race, seems intriguing and action-packed. I am interested in seeing how the protagonist, played by Tom Cruise, develops his skills and strategizes to defeat the enemy."
1486,tt0816711,58,"['1', '3', '2', '4', '5', '3', '1', '4', '2', '3', '5']","['tt2828996', 'tt4464394', 'tt3732950', 'tt4094724', 'tt0816711', 'tt2140423', 'tt3899796', 'tt1727776', 'tt4796122', 'tt4126568', 'tt4348012']",549," I choose this movie because it combines elements of action, suspense, and a unique take on the zombie genre. The plot of a worldwide zombie outbreak and the protagonist's mission to find answers and save humanity is intriguing. Additionally, the movie has received positive reviews for its intense action sequences and Brad Pitt's performance."
1487,tt0114709,530,"['7', '4', '6', '9', '5', '8', '7', '10', '9']","['tt2962876', 'tt4299972', 'tt2404425', 'tt0816692', 'tt4324274', 'tt1631867', 'tt1677561', 'tt0114709', 'tt2278388']",310," Additionally, ""Toy Story"" is a classic and beloved film that has received widespread acclaim for its storytelling and characters. I am excited to watch it because it combines elements of adventure, humor, and nostalgia, making it a perfect choice for a movie night."
1488,tt2404425,425,"['7', '6', '8', '9', '7', '8', '9']","['tt1216491', 'tt2034031', 'tt1742044', 'tt2404425', 'tt0816442', 'tt3553442', 'tt1855199']",154," The reason for selecting this movie is because it tells a powerful and captivating story about seeking justice and reclaiming what was rightfully stolen during a dark period in history. The plot revolves around Maria Altmann's quest to regain a painting stolen by the Nazis during World War II, not only for personal reasons but also to bring some measure of justice for the atrocities committed. This theme resonates with my previous preferences for movies that"
1489,tt1837709,76,"['6', '4', '8', '7', '9', '5', '7', '6', '9', '8']","['tt0089538', 'tt1349482', 'tt2429074', 'tt4073952', 'tt1837709', 'tt2493486', 'tt2548208', 'tt1978532', 'tt2172934', 'tt1234721']",388," I choose this movie because it has a unique and intriguing plot that combines elements of fantasy, romance, and drama. The idea of a love story set in a magical version of New York City captivates me. Additionally, the themes of love, destiny, and the power of miracles are appealing. Overall, ""Winter's Tale"" promises to be a captivating and emotionally resonant film experience."
1490,tt1677561,402,"['7', '6', '8', '9', '4', '10', '7']","['tt1978532', 'tt2962876', 'tt4073952', 'tt2404425', 'tt1349482', 'tt1677561', 'tt2429074']",190," I would choose this movie because of its intriguing plot and the exploration of deep themes such as redemption, self-discovery, and the mysteries of life. The idea of a soul getting a second chance and uncovering the secrets of its past life and the reasons behind someone's suicide is captivating. Additionally, the concept of the real world being filled with shades of grey and colors adds a unique and thought-provoking element to"
1491,tt1588173,334,"['6', '5', '7', '8', '9', '7', '8', '6', '4', '9', '10']","['tt1650043', 'tt1715873', 'tt1430607', 'tt3553442', 'tt1478964', 'tt1924273', 'tt4651520', 'tt2546038', 'tt5368354', 'tt1588173', 'tt2065968']",109," I choose this movie because it has a unique and intriguing plot that combines elements of romance, comedy, and the supernatural. The idea of a zombie regaining his humanity and forming a warm relationship with a human is both fascinating and heartwarming. Additionally, the movie explores themes of acceptance, love, and the power of connection. Overall, ""Warm Bodies"" offers a fresh take on the zombie genre and promises an entertaining and"
1492,tt1588173,199,"['6', '4', '8', '7', '9', '10', '3', '10', '5', '2', '1', '3', '9', '7', '8', '10\n\nReason: I would like to watch ""Warm Bodies"" because it offers a unique twist on the zombie genre. The idea of a zombie regaining his humanity and forming a warm relationship with a human is intriguing and different from the typical zombie stories. It also explores themes of acceptance, love, and bridging the gap between different groups. I\'m curious to see how the story unfolds and how the characters navigate the challenges they face.', '6']","['tt4651520', 'tt2756032', 'tt1924273', 'tt2546038', 'tt1478964', 'tt1430607', 'tt1935929', 'tt2883512', 'tt1397514', 'tt2828996', 'tt4877122', 'tt5368354', 'tt2065968', 'tt1650043', 'tt3553442', 'tt1588173', 'tt1666801']",181, The idea of a zombie regaining his humanity and forming a warm relationship with a human is intriguing to me. I am curious to see how the story unfolds and how the characters navigate the challenges they face in a world where zombies and humans are at odds.
1493,tt1091191,471,"['6', '4', '3', '7', '8', '9', '5', '7', '8', '6', '9', '8', '4', '5', '7', '8', '9', '10']","['tt2094064', 'tt3210686', 'tt5129510', 'tt3832914', 'tt2042568', 'tt2756032', 'tt1430607', 'tt4193394', 'tt2025690', 'tt3231054', 'tt3262342', 'tt2347134', 'tt2528814', 'tt2140423', 'tt1462769', 'tt5555502', 'tt1091191', 'tt2053425']",208," I would choose this movie because it received a high rating of 9, indicating that it is likely to be a compelling and well-made film. Additionally, the plot description suggests that it is a gripping war drama based on a true story, which appeals to my interest in intense and impactful narratives."
1494,tt0816692,282,"['7', '5', '8', '9', '6', '4', '3', '2', '10', '10', '7', '9', '9', '6', '8', '10', '7', '8']","['tt2548208', 'tt2429074', 'tt1234721', 'tt2404425', 'tt2493486', 'tt1978532', 'tt0089538', 'tt1349482', 'tt0114709', 'tt1631867', 'tt1837709', 'tt1677561', 'tt2278388', 'tt4073952', 'tt2962876', 'tt0816692', 'tt2172934', 'tt4299972']",9," I gave it a rating of 10, indicating that I highly enjoyed it. I am intrigued by the plot that involves Earth's future and the exploration of interstellar travel to ensure mankind's survival. The concept of a newly discovered wormhole and the possibility of finding a habitable planet fascinates me. Additionally, the film has received critical acclaim for its"
1495,tt1234721,70,"['5', '3', '4', '7', '6']","['tt0089538', 'tt1349482', 'tt1978532', 'tt1234721', 'tt2429074']",130," The reason for selecting this movie is because it has a higher rating compared to the others, with a rating of 7. Additionally, the plot of a part-man, part-robot police officer pursuing justice in a futuristic setting sounds intriguing and action-packed."
1496,tt2802144,164,"['7', '4', '6', '5', '8', '3', '9', '7', '6', '5']","['tt4116284', 'tt1428538', 'tt1618442', 'tt1937133', 'tt1496025', 'tt2808986', 'tt2802144', 'tt2027128', 'tt2458106', 'tt0825283']",222," I choose this movie because it received a high rating of 9, indicating that it is highly enjoyable and well-received by viewers. Additionally, the plot description of a secret organization, action-packed scenes, and the journey of the main character, Eggsy, make it sound intriguing and entertaining."
1497,tt1837709,243,"['6', '3', '8', '7', '9', '5', '8', '9', '4', '2', '6', '10', '7', '9']","['tt1935859', 'tt1854564', 'tt1865505', 'tt3564794', 'tt2576852', 'tt0990407', 'tt1839492', 'tt1837709', 'tt0829150', 'tt1071875', 'tt2381991', 'tt5607028', 'tt0816462', 'tt0770828']",239," I choose this movie because I have a preference for romantic and fantastical stories. The plot of ""Winter's Tale"" intrigues me with its blend of love, fate, and magical elements. The idea of a love story set in a wintry backdrop, with the protagonist trying to save his beloved from a tragic fate, captivates my imagination. Additionally, the concept of an extraordinary"
1498,tt1441395,237,"['7', '6', '8', '9', '5', '2', '4', '3', '6', '4']","['tt1596365', 'tt4094724', 'tt0905372', 'tt1441395', 'tt3732950', 'tt3899796', 'tt3099498', 'tt4464394', 'tt4796122', 'tt2828996']",334," I choose this movie because it has the highest rating among the movies I have viewed so far, with a rating of 9. Additionally, the plot description intrigues me as it explores the themes of identity and the consequences of self-discovery. I am interested in the psychological aspects of the story and how the alien entity begins to question its own existence."
1499,tt2883512,89,"['4', '5', '3', '4', '3', '5', '2', '1', '4', '5', '4', '5']","['tt1935929', 'tt1430607', 'tt1397514', 'tt1666801', 'tt1650043', 'tt1478964', 'tt4877122', 'tt2828996', 'tt2546038', 'tt2883512', 'tt3553442', 'tt1588173']",112," Additionally, the plot of the movie appeals to me as it revolves around a chef rediscovering his passion for cooking and finding a deeper connection with his life and family. I am intrigued by the idea of a character embarking on a journey of self-discovery and pursuing their passion, which makes me want to watch ""Chef""."
1500,tt4229236,507,"['6', '4', '7', '8', '5', '9', '8', '7', '9', '6']","['tt1417592', 'tt4393514', 'tt2125666', 'tt3270538', 'tt5342766', 'tt4229236', 'tt3626804', 'tt1714917', 'tt2304915', 'tt1605782']",459, I choose this movie because I am a fan of Kurt Cobain and Nirvana. I am interested in learning more about his life and the impact he had on the music industry. The documentary being authorized and covering his rise to fame makes it even more intriguing.
1501,tt1631867,48,"['6', '4', '7', '5', '9']","['tt1349482', 'tt4299972', 'tt1978532', 'tt0089538', 'tt1631867']",38," Additionally, the plot of the movie sounds intriguing and unique. The idea of a time loop and the protagonist becoming more skilled with each battle is captivating. I am excited to watch this movie and see how the story unfolds."
1502,tt2345759,1,"['4', '2', '6', '8', '7', '9']","['tt2528814', 'tt4009460', 'tt5254868', 'tt3832914', 'tt1600195', 'tt2345759']",124,
1503,tt2025690,441,"['3', '4', '6', '8', '7', '9', '5', '2', '8', '9']","['tt3732950', 'tt2059171', 'tt0790724', 'tt5362988', 'tt3062096', 'tt4912910', 'tt2679042', 'tt5254868', 'tt1600196', 'tt2025690']",515," I choose this movie because I am intrigued by true stories of survival and heroic rescue missions. The plot of the movie, which revolves around a group of Coast Guard members risking their lives to save stranded sailors in treacherous conditions, appeals to my sense of adventure and admiration for acts of bravery. Additionally, the setting of the movie during a historic storm adds an extra layer of intensity and suspense."
1504,tt2911666,502,"['Rating: 7', 'Rating: 4', 'Rating: 6', 'Rating: 8', 'Rating: 5', 'Rating: 9', 'Rating: 8', 'Rating: 9', 'Rating: 10', 'Rating: 7', 'Rating: 8', 'Rating: 6', 'Rating: 4']","['tt0790724', 'tt3480796', 'tt1829012', 'tt3062096', 'tt5254868', 'tt2059171', 'tt1600196', 'tt5362988', 'tt2911666', 'tt2025690', 'tt4912910', 'tt3247714', 'tt3732950']",520," I choose this movie because it has the highest rating among the movies I have viewed so far and it has received a perfect rating of 10. Additionally, I am drawn to the plot of a former assassin seeking revenge and unleashing destruction against those who wronged him. The action-packed storyline and the portrayal of John Wick as a skilled and determined protagonist make it an exciting and thrilling choice to watch."
1505,tt1865505,219,"['8', '7', '6', '5', '9', '3', '7', '4', '6', '8', '9', '10', '8', '9', '7']","['tt0800369', 'tt0770828', 'tt2576852', 'tt0990407', 'tt1839492', 'tt2379386', 'tt0829150', 'tt2404233', 'tt2381991', 'tt1462769', 'tt1837709', 'tt1865505', 'tt3564794', 'tt1935859', 'tt5607028']",250," I choose this movie because it has a rating of 10, which indicates that it is highly regarded. Additionally, the plot description of a child discovering her unique identity as the last of the selkies and embarking on a journey to free trapped fairy creatures sounds intriguing and magical. As someone who enjoys fantasy and folklore themes, this movie appeals to my preferences and I am excited to watch it."
1506,tt2278388,235,"['7', '2', '9', '6', '8', '5', '9', '10\n\nI would like to watch ""The Grand Budapest Hotel"" because it has received a perfect rating from me. The movie combines elements of comedy, adventure, and mystery, which I enjoy. Additionally, the stellar performances by the cast, particularly Ralph Fiennes as M. Gustave, make it even more appealing. The unique and visually stunning setting of the grand hotel adds to the overall charm of the film. Overall, ""The Grand Budapest Hotel"" seems like a captivating and entertaining choice that I', '10\n\nI have decided to watch ""Interstellar"" instead of ""The Grand Budapest Hotel"" because it has also received a perfect rating from me. I am intrigued by the concept of interstellar travel and the exploration of new planets for the survival of humanity. The film\'s combination of science fiction, drama, and emotional depth, along with its stunning visual effects, make it a compelling choice. Additionally, the performances by the cast, especially Matthew McConaughey and Anne Hathaway, are highly', '4', '7\n\nI have rated ""Poker Night"" with a 7. The plot seems intriguing, with a detective being caught by a psychopath and having to use his knowledge from the stories shared during poker nights to outsmart his captor. I enjoy movies that involve suspense, twists, and psychological challenges, and ""Poker Night"" seems to offer that. The references to movies like ""Seven"" and ""The Usual Suspects"" also pique my interest, as they are known for', '6\n\nI have rated ""RoboCop"" with a 6. The concept of a part-man, part-robot police officer and the exploration of themes like technology, crime, and justice are intriguing. The movie seems to offer a mix of action and thought-provoking elements. While I am not particularly drawn to the sci-fi genre, the plot and the potential for exploring the human aspect within the robotic character make it worth a watch. Additionally, the cast, including Joel Kinnaman', '8\n\nI have rated ""3 Days to Kill"" with an 8. The plot of a dying spy trying to reconcile with his family while completing one last mission is intriguing. The combination of action, drama, and the complexities of family dynamics make it an engaging choice. Additionally, the concept of balancing personal responsibilities with professional obligations adds depth to the story. The film seems to offer a mix of thrilling moments and emotional exploration, which I find appealing. The performance of the cast, especially Kevin Cost', '10\n\nI have rated ""Edge of Tomorrow"" with a 10. The plot of a soldier stuck in a time loop, reliving the same battle over and over again, is a unique and captivating concept. The combination of science fiction, action, and the exploration of time travel make it an exciting choice. The film seems to offer intense and thrilling moments, along with the opportunity for character growth and development. The performances of Tom Cruise and Emily Blunt are highly praised, adding to the overall', '7', '3', '10\n\nI have rated ""Toy Story"" with a 10. It is a beloved animated film that has become a classic. The concept of toys coming to life when humans are not around is enchanting and captures the imagination. The story of friendship, loyalty, and overcoming jealousy is heartwarming and relatable. The animation is groundbreaking for its time and the voice performances, particularly by Tom Hanks as Woody and Tim Allen as Buzz Lightyear, are exceptional. ""Toy Story"" is a', '5']","['tt1677561', 'tt1349482', 'tt2962876', 'tt2429074', 'tt4299972', 'tt2493486', 'tt2404425', 'tt2278388', 'tt0816692', 'tt1837709', 'tt2548208', 'tt1234721', 'tt2172934', 'tt1631867', 'tt4324274', 'tt0089538', 'tt0114709', 'tt1978532']",23," I choose this movie because it received a perfect rating of 10 from me. The combination of comedy, adventure, and mystery, along with the visually stunning setting and stellar performances, make it a captivating choice. Additionally, the film offers a unique and charming story that I am particularly drawn to."
1507,tt1430607,146,"['7', '6', '8', '2', '9']","['tt1216475', 'tt1192628', 'tt1441952', 'tt1935929', 'tt1430607']",610," I choose this movie because it has a high rating and it offers a unique and imaginative take on the story of Santa Claus. The plot about a dysfunctional family and an unlikely hero adds depth and emotional resonance to the film. Additionally, the idea of exploring the behind-the-scenes operation of Santa's delivery system is intriguing. Overall, Arthur Christmas promises to be a heartwarming and entertaining holiday movie."
1508,tt2119532,494,"['7', '3', '8', '6', '9', '10', '8', '9', '7', '10', '8']","['tt1234719', 'tt1966566', 'tt1568911', 'tt3553442', 'tt4555426', 'tt0816442', 'tt5013056', 'tt0458339', 'tt1217613', 'tt2119532', 'tt1091191']",608," Additionally, ""Hacksaw Ridge"" tells the inspiring true story of Desmond T. Doss, a conscientious objector who showed incredible bravery and saved numerous lives during the Battle of Okinawa. The movie explores themes of courage, sacrifice, and standing up for one's beliefs, which resonate"
1509,tt1588173,61,"['7', '8', '9', '6', '4', '2', '10', '5', '3', '9', '1', '7', '6', '9', '2', '8']","['tt1397514', 'tt1666801', 'tt2065968', 'tt1430607', 'tt2756032', 'tt4009460', 'tt2883512', 'tt1650043', 'tt1935929', 'tt1478964', 'tt2828996', 'tt3553442', 'tt2546038', 'tt1588173', 'tt4877122', 'tt1924273']",280," The plot of a zombie regaining his humanity and forming a connection with a human is both heartwarming and thought-provoking. It explores themes of love, acceptance, and the potential for change. Additionally, the movie received a high rating, indicating that it is well-received by viewers."
1510,tt3896198,162,"['7', '6', '4', '5', '8', '9', '7', '8', '3', '6', '5', '9', '10\n\nReason: I would like to watch ""Solo: A Star Wars Story"" because I am a fan of the Star Wars franchise and I have enjoyed the previous movies in the series. The plot of the movie, which follows the iconic character Han Solo in his early adventures, sounds exciting and promises to explore the criminal underworld of the Star Wars universe. Additionally, the inclusion of beloved characters like Chewbacca and Lando Calrissian adds to the anticipation and nostalgia. Overall, I am']","['tt1298554', 'tt3922818', 'tt1397514', 'tt4788944', 'tt2231461', 'tt3896198', 'tt1698647', 'tt1620680', 'tt3899796', 'tt3480796', 'tt1815862', 'tt1446714', 'tt3778644']",475," 2"" with the IMDb ID tt3896198. 

Reason: I choose this movie because I have previously given it a high rating of 9. I enjoyed the first ""Guardians of the Galaxy"" movie and based on my previous preferences, I expect to enjoy the sequel as well. The plot description of the movie, which involves the Guardians uncovering the truth behind Star Lord's true heritage and facing a new menace, sounds intriguing and"
1511,tt2883512,359,"['7', '6', '4', '8', '9', '10', '7', '9', '8', '5', '9', '6', '10']","['tt1924273', 'tt2756032', 'tt5368354', 'tt1650043', 'tt1397514', 'tt1588173', 'tt3553442', 'tt1430607', 'tt1478964', 'tt1666801', 'tt2065968', 'tt1462769', 'tt2883512']",66," I choose this movie because it received a rating of 10, which is the highest rating I have given so far. Additionally, the plot of ""Chef"" resonates with me as it tells the story of a talented chef who rediscovers his passion for cooking and finds a deeper connection with his family. The themes of pursuing one's true passion and finding fulfillment in personal relationships are appealing to me."
1512,tt2429074,72,"['7', '6', '4', '8', '9']","['tt1978532', 'tt1234721', 'tt0089538', 'tt1349482', 'tt2429074']",343,"B.F. I choose this movie because it explores themes of friendship, identity, and acceptance. It tackles the issue of being outed and the pressure to fit into certain social groups. As someone who values inclusivity and understanding, I am interested in watching a movie that sheds light on these topics and promotes empathy and acceptance."
1513,tt2576852,197,"['6', '4', '5', '8', '2', '7', '3', '9', '6', '8', '7']","['tt1691917', 'tt5480340', 'tt1402488', 'tt1623288', 'tt4877122', 'tt2576852', 'tt3416828', 'tt3262342', 'tt2293640', 'tt1690953', 'tt2865120']",129," I choose this movie because I enjoy animated films and the plot of this movie intrigues me. The story of a princess found in a bamboo and her journey through life sounds captivating and unique. Additionally, the cultural elements and themes explored in the film add to its appeal."
1514,tt1192628,469,"['7', '6', '8', '9', '9.5']","['tt1623288', 'tt1430607', 'tt1430626', 'tt1302011', 'tt1192628']",540," I choose this movie because I enjoy animated films and the plot of Rango seems unique and interesting. The idea of a chameleon becoming a hero and taking on the role of a sheriff in a western town intrigues me. Additionally, the high rating I gave to ""Rango"" indicates that I believe it will be a highly enjoyable and entertaining movie to watch."
1515,tt0816692,377,"['7', '6', '8', '9', '4', '10', '8', '5', '7', '6', '9']","['tt1234721', 'tt4073952', 'tt1677561', 'tt2962876', 'tt1349482', 'tt0816692', 'tt2404425', 'tt1978532', 'tt2493486', 'tt2429074', 'tt1837709']",361," I choose this movie because it has received a rating of 10, indicating that it is highly regarded. Additionally, the plot of the movie intrigues me as it involves interstellar travel and the search for a new habitable planet. The concept of exploring the unknown and the potential for mankind's survival in the face of adversity is captivating. Therefore, I am excited to watch ""Interstellar""."
1516,tt5362988,447,"['6', '7', '4', '3', '8', '5', '9', '10', '7', '8', '6']","['tt2059171', 'tt1600196', 'tt4126568', 'tt3480796', 'tt4912910', 'tt2134170', 'tt2025690', 'tt5362988', 'tt0790724', 'tt3062096', 'tt1829012']",418," Additionally, I am intrigued by the plot, which involves a murder mystery set in a remote and unforgiving territory. The combination of the intense setting, the pursuit of justice, and the exploration of personal pasts makes it a compelling choice for me."
1517,tt2404425,154,"['3', '2', '4', '5', '3', '2', '4', '3', '3', '4', '5', '3', '4', '5']","['tt1349482', 'tt1837709', 'tt4324274', 'tt2404425', 'tt2493486', 'tt0089538', 'tt2548208', 'tt4073952', 'tt1978532', 'tt1234721', 'tt1677561', 'tt2429074', 'tt2172934', 'tt2962876']",305," Additionally, based on the user's previous preferences for highly rated movies such as ""Usual Suspects,"" ""Shawshank Redemption,"" ""Godfather,"" ""Star Wars: Episode IV - A New Hope,"" and ""Dark Knight,"" it seems that the user appreciates compelling and well-crafted stories. ""Woman in Gold"" offers a powerful"
1518,tt1588173,318,"['7', '6', '8', '9', '4', '2', '7', '3', '5', '9']","['tt3553442', 'tt1397514', 'tt1478964', 'tt2883512', 'tt2546038', 'tt2828996', 'tt1666801', 'tt1935929', 'tt1798603', 'tt1588173']",544," Additionally, the plot of the movie, which revolves around a unique and heartwarming relationship between a zombie and a human, sounds intriguing and offers a fresh twist to the typical zombie genre."
1519,tt1837709,352,"['6', '4', '7', '8', '5', '3', '9', '10', '2', '6']","['tt2493486', 'tt2962876', 'tt1234721', 'tt2404425', 'tt4073952', 'tt2429074', 'tt1837709', 'tt1677561', 'tt1349482', 'tt1978532']",505," I choose this movie because it has the highest rating among the movies I have viewed so far, with a rating of 9. Additionally, the plot description intrigues me with its blend of romance, fantasy, and the exploration of life and death. I am drawn to stories that delve into the complexities of human emotions and relationships, and ""Winter's Tale"" seems to offer that."
1520,tt2802144,287,"['8', '7', '6', '9', '7', '8', '9', '6', '10', '9', '8']","['tt1232829', 'tt5607028', 'tt1502404', 'tt0803096', 'tt1428538', 'tt1618442', 'tt4116284', 'tt1496025', 'tt2802144', 'tt4853102', 'tt2267968']",486," I choose this movie because it combines action, humor, and a unique take on the spy genre. The film has received positive reviews and the plot is intriguing, following the journey of a young man who becomes part of a secret organization and faces various challenges. Additionally, the presence of talented actors like Colin Firth adds to the appeal of the movie."
1521,tt1631867,269,"['2', '3', '8', '7', '4', '9', '6']","['tt1349482', 'tt2429074', 'tt0114709', 'tt4299972', 'tt0089538', 'tt1631867', 'tt1978532']",143," I choose this movie because it has a high rating of 9 and it seems to have an interesting and unique plot. The idea of a time loop and the protagonist becoming more skilled with each battle is intriguing. Additionally, the presence of Tom Cruise and Emily Blunt in the lead roles adds to the appeal. I am excited to watch this movie and see how the story unfolds."
1522,tt4547056,185,"['6', '7', '4', '5', '3', '8']","['tt4471456', 'tt2025690', 'tt3973198', 'tt2450186', 'tt1865393', 'tt4547056']",560," I choose this movie because it has a unique and intriguing plot set in a dystopian future. The idea of a fungal disease turning people into flesh-eating creatures and the existence of hybrid children who retain their humanity is fascinating. Additionally, the bond between the school teacher and the exceptional girl adds an emotional element to the story. Overall, I am drawn to the combination of suspense, survival, and the exploration of identity in"
1523,tt2404425,225,"['7', '6', '5', '8', '9', '9', '7', '6', '8']","['tt2390361', 'tt3327624', 'tt1978532', 'tt2231253', 'tt2404425', 'tt1216491', 'tt3553442', 'tt1742044', 'tt1855199']",190," I choose this movie because it has a high rating of 9 and it tells a compelling story about seeking justice and reclaiming stolen art. As someone who appreciates historical dramas and stories of resilience, I am drawn to the plot of Maria Altmann's quest to regain her aunt's painting that was plundered by the Nazis. The themes of redemption and the pursuit of truth resonate with me, making ""Woman in"
1524,tt3270538,493,"['7', '6', '8', '9', '8', '7', '9', '10', '7', '9', '8', '10', '8', '9', '7', '8', '9', '8', '9', '10', '8']","['tt4393514', 'tt2304915', 'tt3327994', 'tt5342766', 'tt1999192', 'tt1417592', 'tt1942884', 'tt6769208', 'tt1605782', 'tt1714917', 'tt1223236', 'tt4229236', 'tt2014338', 'tt5804038', 'tt2125666', 'tt2008513', 'tt1091863', 'tt3626804', 'tt2246565', 'tt3270538', 'tt1559038']",476," I choose this movie because it explores the deliberate concentration of wealth and power in the hands of a select few, which is a defining characteristic of our time. The film features Noam Chomsky, a renowned intellectual and activist, who provides deep insights into the policies that have led to unprecedented inequality. It also reflects on Chomsky's own life of activism and political participation. As someone who values social"
1525,tt3896198,159,"['6', '7', '4', '8', '9', '10', '7', '3', '5', '8', '9', '8']","['tt2808986', 'tt1446714', 'tt1397514', 'tt2231461', 'tt1620680', 'tt3896198', 'tt1298554', 'tt1267299', 'tt1815862', 'tt5487524', 'tt3498820', 'tt5544384']",35," 2"" with imdbID tt3896198. I choose this movie because it received a rating of 10, which indicates that it was highly enjoyable and well-received. Additionally, I am a fan of the first Guardians of the Galaxy movie, and I am interested in seeing how the story and characters develop in the sequel."
1526,tt2209418,118,"['6', '7', '5', '8', '4', '9', '10', '6', '2', '9']","['tt1473832', 'tt1763303', 'tt1710417', 'tt2870808', 'tt4465564', 'tt1441952', 'tt2209418', 'tt1243974', 'tt2322441', 'tt2053425']",315," Additionally, I have consistently rated movies with strong storytelling, deep character development, and thought-provoking themes highly. ""Before Midnight"" is the third installment in a series that follows the complex relationship between Jesse and Celine over the course of several years. I am particularly intrigued by the exploration of their relationship at a critical point in their lives"
1527,tt0816692,350,"['6', '7', '8', '5', '4', '9', '10', '8', '7', '6', '9', '7', '5', '9', '6']","['tt1978532', 'tt2493486', 'tt1837709', 'tt2429074', 'tt1349482', 'tt4299972', 'tt2404425', 'tt0114709', 'tt1677561', 'tt2548208', 'tt0816692', 'tt1234721', 'tt4073952', 'tt2962876', 'tt2172934']",414," I choose this movie because it has a rating of 9, which is the highest among the movies I have rated so far. Additionally, I am drawn to the plot of exploring interstellar travel and the concept of finding a new planet to sustain human life. The idea of a desperate mission to save humanity and the unknown challenges the characters face intrigue me."
1528,tt1631867,43,"['7', '6', '4', '5', '8', '9', '10', '10', '7']","['tt1978532', 'tt4299972', 'tt1349482', 'tt0089538', 'tt2429074', 'tt1631867', 'tt2278388', 'tt0114709', 'tt1234721']",498," I choose this movie because it has the highest rating among all the movies I have viewed, with a rating of 9. Additionally, the plot of the movie is intriguing and unique, involving a time loop and an intense battle against aliens. I am interested in the concept of the protagonist improving his skills with each repeated encounter, and I am excited to see how the story unfolds."
1529,tt0816692,230,"['8', '6', '7', '9', '8', '9', '7', '6', '9', '8', '7', '6', '10', '8', '5']","['tt1978532', 'tt2172934', 'tt1234721', 'tt4073952', 'tt1677561', 'tt2404425', 'tt2429074', 'tt1349482', 'tt2962876', 'tt2493486', 'tt1837709', 'tt2548208', 'tt0816692', 'tt4324274', 'tt0089538']",200," Additionally, I am intrigued by the plot of Earth's future being in jeopardy and the concept of interstellar travel to ensure mankind's survival. The exploration of a newly discovered wormhole and the possibility of finding a planet suitable for human life adds to the excitement and anticipation of the movie."
1530,tt2267968,192,"['6', '5', '4', '7', '8', '9', '7', '6', '8', '9', '7']","['tt1496025', 'tt1618442', 'tt1937133', 'tt2808986', 'tt1428538', 'tt2458106', 'tt1232829', 'tt0825283', 'tt2027128', 'tt2267968', 'tt0803096']",534," I choose this movie because I have consistently rated animated movies higher than other genres, and ""Kung Fu Panda 3"" has a rating of 9, which is the highest among the movies I have rated so far. Additionally, I enjoy the humor and heartwarming moments in the Kung Fu Panda series, and the plot of Po training a village full of pandas sounds entertaining and enjoyable."
1531,tt1091191,480,"['2', '3', '4', '5', '1', '4', '5', '2', '4', '5', '3']","['tt2528814', 'tt5555502', 'tt2042568', 'tt1430607', 'tt5368354', 'tt2094064', 'tt2347134', 'tt2140423', 'tt2025690', 'tt1091191', 'tt3210686']",38," I choose this movie because it has a high rating of 5, indicating that it is highly regarded by viewers. Additionally, I am drawn to the plot which revolves around a team of Navy Seals facing extreme challenges and fighting for their lives. The story of resilience, bravery, and the ultimate sacrifice resonates with me and I am eager to watch this thrilling and inspiring film."
1532,tt3896198,124,"['7', '3', '8', '9', '6', '2', '10', '9', '4', '7', '10', '6', '9', '5', '8', '7', '9', '3']","['tt4464394', 'tt4831420', 'tt3778644', 'tt4547056', 'tt2231461', 'tt1267299', 'tt3498820', 'tt5487524', 'tt3899796', 'tt3327624', 'tt1631867', 'tt1698647', 'tt3896198', 'tt3480796', 'tt4788944', 'tt1815862', 'tt1620680', 'tt2808986']",412," 2"" with the imdbID tt3896198. I choose this movie because I have consistently rated the previous movies in the franchise highly, and I enjoy the blend of action, humor, and memorable characters. Additionally, the plot of the movie, involving the Guardians uncovering the truth behind Star-Lord's heritage and facing a new menace, sounds intriguing and promises an exciting and entertaining experience."
1533,tt1748122,526,"['6', '4', '3', '2', '8', '7', '5', '9', '6', '7']","['tt1441952', 'tt1243974', 'tt1540128', 'tt4465564', 'tt1748122', 'tt1710417', 'tt1067774', 'tt2209418', 'tt2870808', 'tt2073520']",553," 

I select this movie because it received a high rating of 8 from me, indicating that I enjoyed it. Additionally, the plot description of two young individuals falling in love and running away together in a whimsical setting intrigued me. The idea of various factions of the town mobilizing to search for them adds an element of adventure and excitement to the story. Overall, Moonrise Kingdom seems like a charming and captivating film that I would"
1534,tt2404425,409,"['6', '7', '5', '3', '8', '9', '4', '10', '7', '2', '9']","['tt2429074', 'tt0816692', 'tt1837709', 'tt1349482', 'tt2962876', 'tt2493486', 'tt1978532', 'tt1677561', 'tt1234721', 'tt4073952', 'tt2404425']",519," I choose this movie because I am intrigued by historical dramas and stories of justice. The plot of ""Woman in Gold"" about a woman seeking to regain a stolen painting and obtain justice for the crimes committed during World War II resonates with me. I appreciate movies that shed light on important historical events and explore the themes of resilience and justice."
1535,tt2246565,484,"['6', '5', '7', '8', '9', '7', '8', '6', '9', '8']","['tt4229236', 'tt1417592', 'tt2014338', 'tt3270538', 'tt1999192', 'tt1091863', 'tt5342766', 'tt1605782', 'tt2246565', 'tt3626804']",436," I choose this movie because I am intrigued by the story of James Randi, the magician and skeptic who dedicated his life to exposing deception and fraud. The documentary explores his investigations into psychics and faith healers, and the revelation of a shocking secret adds an extra layer of intrigue. I am drawn to the themes of illusion, truth, and the complexities of human deception explored in this film."
1536,tt2278388,202,"['7', '6', '8', '9', '5', '7', '10', '8', '6', '7', '4', '8', '3', '9', '10', '10', '6', '7']","['tt4073952', 'tt1837709', 'tt1677561', 'tt2962876', 'tt2429074', 'tt4299972', 'tt0114709', 'tt2404425', 'tt4324274', 'tt2172934', 'tt1349482', 'tt2493486', 'tt0089538', 'tt1234721', 'tt2278388', 'tt0816692', 'tt2548208', 'tt1978532']",140," I choose this movie because it has received a rating of 10, which indicates that it is highly regarded. Additionally, the plot of the movie, involving the adventures of a legendary concierge and a trusted friend, along with the backdrop of a changing continent, sounds intriguing and unique. The combination of an interesting storyline, strong ratings, and positive reviews make ""The Grand Budapest Hotel"" my top choice."
1537,tt4547056,360,"['7', '6', '3', '2', '8', '9', '10', '5', '7', '4', '1']","['tt4912910', 'tt5362988', 'tt2450186', 'tt3973198', 'tt4547056', 'tt2025690', 'tt2911666', 'tt3062096', 'tt1600196', 'tt4471456', 'tt1865393']",309," I choose this movie because it received a high rating of 8, indicating that it is likely to be a well-made and enjoyable film. Additionally, the plot description intrigues me with its dystopian setting and unique twist on the zombie genre. I am interested in exploring the themes of humanity, survival, and the bond between the characters."
1538,tt1430607,1,"['6', '2', '8', '1', '7', '9', '3', '10', '5', '2', '4']","['tt1397514', 'tt4877122', 'tt1430607', 'tt4009460', 'tt3553442', 'tt1478964', 'tt2546038', 'tt1588173', 'tt1666801', 'tt1935929', 'tt2828996']",534," I choose this movie because it has a rating of 8, which is the highest among the movies I have rated so far."
1539,tt0816692,529,"['8', '6', '9', '10', '7']","['tt1631867', 'tt4299972', 'tt2278388', 'tt0816692', 'tt0114709']",139," The reason I choose to watch ""Interstellar"" is because I am fascinated by the concept of space exploration and the idea of humanity's survival in the face of a dying Earth. The plot of the movie, involving interstellar travel and the search for a habitable planet, appeals to my interest in science fiction and the unknown. Additionally, the high rating I gave the movie suggests"
1540,tt2278388,544,"['6', '7', '4', '2', '8', '9', '5', '6', '7', '10', '7', '9', '8', '9', '10', '8', '7', '9']","['tt1234721', 'tt0816692', 'tt2172934', 'tt1349482', 'tt2404425', 'tt1631867', 'tt2429074', 'tt1978532', 'tt1837709', 'tt0114709', 'tt2493486', 'tt4299972', 'tt4073952', 'tt1677561', 'tt2278388', 'tt4324274', 'tt2548208', 'tt2962876']",341," I choose this movie because it has received a rating of 10, which is the highest rating among the movies I have viewed. Additionally, ""The Grand Budapest Hotel"" offers a unique and captivating story set in a visually stunning and whimsical world. The film boasts an exceptional cast, led by Ralph Fiennes, and combines elements of comedy, adventure, and mystery. I am particularly drawn to the intriguing plot involving"
1541,tt1430607,506,"['2', '2', '4', '5', '3', '4', '3', '4', '5', '2']","['tt4877122', 'tt1615918', 'tt3521164', 'tt2380307', 'tt1430626', 'tt1623288', 'tt1690953', 'tt2293640', 'tt1430607', 'tt1691917']",500," Additionally, the plot of the movie, which revolves around a dysfunctional family and an unlikely hero on a mission to save Christmas, sounds intriguing and heartwarming. I am drawn to the idea of exploring the behind-the-scenes operations of Santa's delivery system and the themes of family and adventure."
